from,to,associado
01965495,04978201,1
01965495,56973785,1
01965495,56901344,1
01965495,37497562,1
01965495,02729304,1
01965495,14334634,1
01965495,24090419,1
01965495,18124153,1
01965495,54149287,1
01965495,83577494,1
01965495,32795299,1
25155908,28648070,1
25155908,26845303,1
25155908,55456927,1
04101986,55312915,1
04101986,38006053,1
33850897,44470034,1
33850897,57901736,1
33850897,54007941,1
33850897,42084429,1
33850897,54012325,1
30060978,47694918,1
30060978,40649910,1
28592039,30797118,1
28592039,37894564,1
28592039,47214336,1
28592039,49275814,1
28592039,54619214,1
08438379,10482140,1
08438379,24585147,1
08438379,43976615,1
08438379,83310292,1
08438379,58279901,1
08438379,13755682,1
08438379,18111277,1
08438379,83333237,1
08438379,09071847,1
08438379,22959779,1
52228257,55534246,1
29629465,57211830,1
27568493,45589185,1
15758378,36498730,1
42507899,52610053,1
42507899,50965558,1
42507899,53571951,1
42507899,55127081,1
03970826,15255821,1
03970826,04740841,1
03970826,07081633,1
03970826,20747693,1
03970826,17844808,1
05024200,46734773,1
31975245,44564204,1
31975245,34889238,1
31975245,44166548,1
28151393,34938447,1
28151393,45146782,1
28151393,37305998,1
28151393,31007938,1
28151393,56299393,1
03516881,15321276,1
03516881,10559828,1
03516881,19369622,1
23322870,55569173,1
23322870,30944772,1
23322870,42456738,1
23322870,51496129,1
23322870,48722769,1
23322870,24197682,1
23322870,29118884,1
23322870,48057302,1
23322870,57288974,1
23322870,57843588,1
30534814,30874272,1
30534814,52202571,1
30534814,49356704,1
30534814,52262984,1
26666570,83342162,1
26666570,51354213,1
26666570,41034185,1
26666570,28809856,1
26666570,28298039,1
26666570,34612325,1
05234473,40341393,1
05234473,13123494,1
05234473,16365944,1
05234473,13424484,1
55775552,56660430,1
06990599,08438379,1
06990599,10482140,1
06990599,07451673,1
06990599,24585147,1
06990599,43976615,1
06990599,83310292,1
06990599,58279901,1
06990599,13755682,1
06990599,18111277,1
06990599,83333237,1
06990599,09071847,1
06990599,22959779,1
16631663,28530084,1
16631663,16631741,1
16631663,44592083,1
16631663,57372381,1
16631663,16739367,1
16631663,55127081,1
16631663,18983720,1
16631663,28551662,1
19332074,25201550,1
12867278,46166002,1
12867278,17474408,1
12867278,22777157,1
52725302,54972801,1
52725302,58419253,1
18548319,57169353,1
18548319,56915709,1
18548319,84189950,1
18548319,50124913,1
18548319,19954308,1
18548319,57547749,1
18548319,46423577,1
18548319,31783432,1
21940110,22860105,1
21940110,83888164,1
39350516,56901344,1
39350516,54149287,1
39350516,83577494,1
39350516,57054467,1
39927204,45907772,1
39927204,44175488,1
39329738,83650606,1
39329738,41019135,1
39329738,41307302,1
34938447,45146782,1
34938447,37305998,1
34938447,56299393,1
34834598,43275147,1
34834598,48546635,1
34834598,83367466,1
34834598,40737731,1
34834598,38307996,1
18268274,37366665,1
18268274,20474705,1
18268274,63830889,1
18268274,20335130,1
18268274,51354213,1
18268274,26666570,1
18268274,83342162,1
18268274,28298039,1
18268274,24103019,1
18268274,48256984,1
18268274,34612325,1
18268274,52644030,1
46742940,63883672,1
46742940,57589252,1
46742940,48353095,1
46742940,50018529,1
46742940,50211451,1
46742940,48705515,1
46742940,49090964,1
35512491,37682669,1
21051472,54229231,1
21051472,57363999,1
21051472,31205691,1
21051472,58246272,1
21051472,53160102,1
21051472,28118627,1
21051472,32267624,1
21051472,22993378,1
21051472,29320798,1
21051472,43011102,1
21051472,22424442,1
21051472,38651268,1
21051472,40695263,1
21051472,32203973,1
04996064,12532690,1
04996064,09529408,1
04996064,08147568,1
44564204,83315408,1
15297070,45006823,1
15297070,44639331,1
15297070,44463761,1
15297070,55600414,1
15297070,57080615,1
08838110,33373675,1
08838110,12867278,1
33678320,50944200,1
33678320,52224426,1
45724494,57243881,1
17766552,28208758,1
17766552,57583421,1
04970687,14133060,1
04970687,15297070,1
04970687,22983316,1
04970687,44069236,1
04970687,15232790,1
14373109,14603843,1
14373109,46268382,1
14373109,14625319,1
14373109,14484483,1
14373109,16455522,1
14373109,16499871,1
14373109,14376007,1
14373109,39701877,1
14373109,36357201,1
14373109,37567308,1
04996064,50965561,1
04996064,50037335,1
04996064,42226188,1
04996064,15011981,1
09145594,56915709,1
09145594,09163579,1
09145594,50124913,1
09145594,18548319,1
09145594,14631621,1
09145594,15415504,1
09145594,84189950,1
09145594,46423577,1
09145594,19954308,1
09145594,57547749,1
09145594,31783432,1
09145594,26341686,1
09145594,57169353,1
09145594,17359676,1
34693432,35072833,1
06011816,41424522,1
06011816,36015353,1
06011816,39592690,1
06011816,27910799,1
11669385,43169284,1
11669385,24765057,1
11669385,18637923,1
11669385,56070207,1
16558404,29762953,1
02809222,22581790,1
04103240,07470621,1
04103240,28759993,1
12867278,46903675,1
12867278,53066181,1
26050345,28137761,1
26050345,43712622,1
26050345,28839535,1
15255821,20747693,1
15255821,17844808,1
12703882,39701877,1
12703882,14603843,1
12703882,16499871,1
12703882,14484483,1
12703882,16455522,1
12703882,14625319,1
12703882,12703958,1
12703882,16455543,1
12703882,14376007,1
12703882,52521807,1
12703882,54048782,1
12703882,14373109,1
12703882,36357201,1
12703882,37567308,1
12703882,46268382,1
47283925,52073091,1
47283925,54898502,1
47283925,58421459,1
46975916,58218616,1
42879168,53271619,1
42879168,47768563,1
42879168,57719959,1
42879168,51784670,1
42879168,58421459,1
42879168,48780328,1
42879168,54898502,1
42879168,54758331,1
28074990,44474536,1
08154120,11060909,1
08154120,19113461,1
08154120,40067435,1
08154120,09600303,1
08154120,38628049,1
08154120,08201747,1
08154120,09657201,1
57080615,57155797,1
57080615,57354388,1
57080615,57505264,1
49778923,55572153,1
49778923,55572443,1
04933982,45746520,1
04933982,39343054,1
04933982,49475654,1
46053439,52007020,1
46053439,57155797,1
46053439,58191310,1
19072960,55088212,1
19072960,51219805,1
19072960,24117759,1
19072960,52966267,1
19072960,20703650,1
19072960,54328041,1
19072960,55074806,1
04497119,26634582,1
04497119,12049758,1
04497119,04820502,1
04497119,05278613,1
04497119,06164703,1
04497119,30047480,1
02484126,11508947,1
02484126,04623754,1
08201747,09447754,1
46883917,54979011,1
46883917,47144718,1
46883917,47768563,1
46883917,57635372,1
46883917,51404327,1
46883917,58188878,1
46883917,48534274,1
46883917,52007020,1
46883917,54344984,1
55267026,83577494,1
55267026,56973785,1
55267026,56901344,1
04914597,07919384,1
04914597,49400987,1
04914597,44564204,1
04914597,31975245,1
04914597,57851937,1
04914597,23944869,1
44273325,48925720,1
44273325,45519286,1
44273325,49915450,1
14795245,41671572,1
32203164,44139918,1
32203164,48222642,1
39701877,52521807,1
39701877,44246433,1
39701877,46268382,1
39701877,46084556,1
39701877,54048782,1
14603843,46268382,1
14603843,14625319,1
14603843,16455522,1
14603843,16499871,1
14603843,39701877,1
14603843,36357201,1
14603843,37567308,1
46182869,54602056,1
40391475,40392129,1
40391475,40651924,1
40391475,42056628,1
40391475,40392132,1
40391475,42413145,1
40392129,42413145,1
40392129,40651924,1
40392129,40392132,1
40392129,42056628,1
56081840,57628134,1
20548007,22993378,1
20548007,29320798,1
44246433,52521807,1
44246433,50560053,1
44246433,46268382,1
44246433,46084556,1
44246433,48905225,1
44246433,50473993,1
44246433,48905309,1
05095110,57795566,1
05095110,19596066,1
05095110,05147069,1
05095110,22931471,1
05095110,19468568,1
05095110,23446100,1
05095110,83919761,1
31173964,32203164,1
31173964,50545443,1
31173964,48222642,1
31173964,56060720,1
57435663,57859703,1
30106018,45738902,1
30106018,83856187,1
45514503,48063233,1
45514503,83904854,1
56915709,84189950,1
56915709,57547749,1
56915709,57169353,1
04096305,57730109,1
04096305,25239734,1
04239081,07388430,1
04239081,44376413,1
04239081,55402313,1
04239081,16995597,1
20450398,27587364,1
20450398,44752436,1
20450398,58032296,1
43664533,83919761,1
08490947,19339404,1
08490947,51511356,1
06164013,18750515,1
06164013,26233642,1
06164013,33258562,1
06164013,22960942,1
13349467,52228257,1
13349467,32800910,1
13349467,55534246,1
13349467,51310351,1
13349467,23971324,1
13349467,50180210,1
18817255,26057084,1
13759117,53745886,1
51666648,56321807,1
51666648,56908851,1
34922634,51671142,1
39558468,83338145,1
39558468,48780328,1
27471769,32434747,1
27471769,57530722,1
27471769,31211327,1
47750063,55320461,1
42456738,54149287,1
42456738,55248246,1
42456738,83577494,1
42456738,56901344,1
42456738,57462001,1
38342928,49883924,1
36634515,47604896,1
36634515,44823027,1
09303787,09687570,1
37980824,41713084,1
37980824,83904276,1
37980824,55416678,1
37980824,54498618,1
37980824,41409445,1
11126954,52833680,1
11126954,15353395,1
11126954,83367771,1
11126954,34817320,1
11126954,27960528,1
11126954,46626596,1
11126954,83303776,1
27935968,55534246,1
27935968,52228257,1
22646126,26050345,1
22646126,28137761,1
22646126,43712622,1
22646126,28839535,1
46527197,57167357,1
46527197,83319640,1
46527197,83919381,1
03031874,83332908,1
03031874,05099585,1
15321276,57839893,1
24873159,35829796,1
24873159,51944055,1
24873159,58063535,1
09475549,34834598,1
09475549,46978942,1
09475549,19112682,1
14031461,42345486,1
14031461,29377650,1
14031461,57003730,1
14031461,30733949,1
14031461,52683891,1
14031461,40582446,1
45736704,54332505,1
45736704,53722842,1
45736704,56660430,1
45736704,54885487,1
45736704,48569264,1
45736704,55775552,1
45736704,48463108,1
54496726,56348798,1
00791940,38342928,1
00791940,29435338,1
00791940,10249951,1
00791940,06945995,1
00791940,19256258,1
00791940,49883924,1
00791940,35657820,1
00791940,36875084,1
35040545,57719959,1
35040545,49020752,1
35040545,51784670,1
35040545,39468581,1
35040545,53271619,1
35040545,56281977,1
03504132,63851000,1
19312885,33754667,1
19312885,19440837,1
19312885,46734202,1
19312885,19999210,1
19312885,33028175,1
07081633,53310898,1
07081633,26679251,1
07081633,13224246,1
07081633,20747693,1
07081633,15255821,1
07081633,46147657,1
07932841,26666570,1
07932841,34612325,1
07932841,83214148,1
07932841,83342162,1
07932841,28298039,1
07932841,09200985,1
07932841,51354213,1
07932841,20335130,1
07932841,33747285,1
07932841,27753564,1
50294570,53713512,1
50294570,57260815,1
50294570,55154690,1
04103417,20450398,1
04103417,27587364,1
04103417,44752436,1
04103417,58032296,1
04103417,12603019,1
47756561,50738091,1
47756561,55991912,1
47756561,52987384,1
47756561,83372813,1
16821155,29629465,1
16821155,33963982,1
16821155,49046200,1
16821155,44606157,1
07405193,34853168,1
07405193,63801096,1
07405193,42554695,1
15762776,30534814,1
15762776,20735238,1
15762776,30874272,1
15762776,17489587,1
15762776,52202571,1
15762776,21062604,1
15762776,18352188,1
15762776,49356704,1
15762776,52262984,1
17974572,29466399,1
17974572,18168390,1
10320549,47666291,1
10320549,45861983,1
10320549,30181304,1
10320549,55443749,1
10320549,37466456,1
10320549,54137324,1
10320549,53913111,1
10320549,11728366,1
10320549,55734874,1
10320549,31500254,1
29188492,38399727,1
29188492,44949723,1
05024583,14631621,1
05024583,10824588,1
05024583,09163579,1
05024583,07853641,1
05024583,84189950,1
05024583,09145594,1
23328224,63879381,1
21027140,28572296,1
21027140,30733896,1
04256407,27482302,1
04256407,04320354,1
04256407,35518033,1
04256407,23792780,1
04256407,13372101,1
04256407,58171437,1
04256407,38478093,1
04256407,15546463,1
04256407,34580317,1
04256407,31613883,1
04256407,15384376,1
04256407,22546522,1
04256407,54490498,1
04256407,30481449,1
04256407,04896759,1
04256407,24531971,1
08068245,11050213,1
03264911,42507899,1
03264911,45942603,1
03264911,19471452,1
03264911,45945702,1
03264911,83325381,1
03264911,22942965,1
03264911,24701795,1
07008973,45094160,1
07008973,23147576,1
07008973,11997328,1
07008973,52412926,1
19112682,48546635,1
19112682,34834598,1
04927695,45225921,1
04927695,22703640,1
04927695,49339816,1
14133060,15297070,1
14133060,22983316,1
14133060,44069236,1
14133060,15232790,1
26666570,83214148,1
26666570,33747285,1
26666570,27753564,1
11060909,41699731,1
11060909,15195663,1
11060909,44000141,1
11060909,37916411,1
08966851,16631663,1
08966851,09317458,1
08966851,28530084,1
08966851,10716210,1
08966851,16631741,1
08966851,11438135,1
08966851,15652417,1
08966851,44592083,1
08966851,57372381,1
08966851,16739367,1
08966851,11358828,1
08966851,55127081,1
08966851,18983720,1
08966851,28551662,1
08966851,15006343,1
46778045,55957988,1
46778045,53071336,1
33220071,52001949,1
33220071,57496254,1
04301722,45129411,1
54012325,57901736,1
08000955,39280486,1
05574132,20790368,1
05574132,21135479,1
05574132,31481031,1
09163579,50150082,1
09163579,14631621,1
09163579,18548319,1
09163579,46423577,1
09163579,45632934,1
09163579,15415504,1
09163579,19954308,1
09163579,84189950,1
44296529,46719330,1
44296529,46719213,1
21848243,30092434,1
52610053,57688154,1
52610053,83325381,1
52610053,52938394,1
52610053,55127081,1
52610053,53571951,1
19954308,30214709,1
19954308,84189950,1
19954308,46423577,1
19954308,21665630,1
19954308,34679456,1
19954308,50150082,1
54229231,57363999,1
54229231,58246272,1
15011981,41981831,1
04303589,37376395,1
04303589,49084949,1
04303589,42870244,1
04303589,12064115,1
04303589,56000290,1
38088444,41297076,1
38088444,39306305,1
38088444,63854616,1
38088444,50776147,1
38088444,44470034,1
38088444,52279393,1
38088444,49032101,1
38088444,47027121,1
50908405,52389398,1
50908405,54782060,1
15522348,45327140,1
15522348,53972553,1
19383540,34834598,1
19383540,43275147,1
19383540,48546635,1
19383540,83367466,1
19383540,40737731,1
19383540,38307996,1
03547690,33917788,1
03547690,14564858,1
03547690,04993390,1
03547690,20990397,1
03547690,20990430,1
03547690,14145403,1
03547690,57222755,1
03547690,12918898,1
03547690,31364863,1
03547690,63820492,1
03547690,15648147,1
03547690,05149879,1
20443071,49915450,1
14631621,84189950,1
33754667,46734202,1
14373109,44246433,1
14373109,19532039,1
14373109,16845198,1
14373109,46084556,1
14373109,27015623,1
14373109,50841256,1
14373109,16455543,1
51098407,52847725,1
03114391,10547801,1
03114391,03861891,1
03114391,05559345,1
03114391,03336298,1
15761042,26634582,1
15761042,33102290,1
23983251,40195862,1
23983251,47262312,1
23983251,43182281,1
23983251,48303623,1
23983251,25316468,1
23983251,39814966,1
23983251,43233967,1
23983251,54931730,1
23983251,34591310,1
04898698,06164013,1
04898698,22960942,1
04898698,15751670,1
04898698,04928479,1
04898698,05635107,1
04898698,51439154,1
04898698,53077471,1
38086505,47459363,1
38086505,42236036,1
20735238,30534814,1
20735238,30874272,1
20735238,52202571,1
20735238,21062604,1
20735238,49356704,1
20735238,52262984,1
27964315,39927204,1
27964315,45907772,1
27964315,29229411,1
27964315,44175488,1
20587643,44169030,1
20587643,39476297,1
20587643,58115694,1
11654469,41259337,1
19112682,83367466,1
19112682,52153417,1
19112682,28154395,1
04887055,09558788,1
04887055,23775015,1
05416839,10221771,1
05416839,13095405,1
07668180,83383638,1
07668180,13580079,1
07668180,37797902,1
07668180,10233096,1
07668180,33872676,1
07668180,15011981,1
07668180,10963632,1
07668180,45085822,1
41073254,41450630,1
36990916,49778923,1
36990916,55572153,1
36990916,55572443,1
54979011,57635372,1
54979011,58188878,1
10244952,57752984,1
10244952,22929707,1
52833680,83367771,1
52833680,83303776,1
51404327,57719959,1
51404327,52222822,1
28694027,34331988,1
47214336,50668156,1
47214336,54332505,1
47214336,53722842,1
47214336,54885487,1
47214336,54619214,1
46883917,57719959,1
46883917,52222822,1
46883917,47720643,1
44075904,58199211,1
44075904,44639331,1
44075904,55600414,1
44075904,44463761,1
04991576,15761042,1
04991576,26634582,1
04991576,33102290,1
22979637,34877670,1
04887055,19676520,1
04887055,57860781,1
04887055,40184687,1
47214336,55413071,1
10221771,10274836,1
10221771,10452277,1
14085265,23454611,1
14085265,40710540,1
14085265,54804007,1
14085265,36648048,1
09637395,10898350,1
05312424,10221771,1
05312424,07005751,1
05312424,07012285,1
05312424,10141151,1
05312424,10274836,1
05312424,10452277,1
07005751,10221771,1
07005751,07012285,1
07005751,10141151,1
07005751,10274836,1
07005751,10452277,1
52521807,54048782,1
32203164,50545443,1
32203164,56060720,1
53620897,58447768,1
53620897,53874270,1
53620897,55207387,1
53620897,55273088,1
53620897,54782375,1
53620897,56090606,1
53620897,54545658,1
53620897,53874267,1
42056628,42413145,1
44246433,50841256,1
11101355,22623585,1
11101355,46495181,1
49406031,63845986,1
04162819,04913018,1
04162819,56296160,1
04162819,04730412,1
04162819,04949426,1
04162819,22974380,1
37377894,45747046,1
37377894,50690936,1
37377894,42932312,1
37377894,44929051,1
18750515,26233642,1
18750515,33258562,1
18750515,22960942,1
46992361,49493875,1
26428936,44646757,1
33904753,45883575,1
33904753,41719884,1
33904753,49404135,1
33904753,39907822,1
33904753,57157601,1
33236825,46755673,1
33236825,45866891,1
33236825,47039189,1
47666291,55443749,1
47666291,54137324,1
47666291,53913111,1
47666291,55734874,1
14676360,31722214,1
14676360,52486509,1
14676360,55208432,1
14676360,37218720,1
14676360,37998675,1
25450139,25450169,1
45797608,49335807,1
06164013,15751670,1
06164013,51439154,1
06164013,53077471,1
50730997,55266608,1
50730997,54931730,1
50730997,51597760,1
33256711,46167663,1
33256711,42365622,1
33256711,54965803,1
33256711,57387226,1
33256711,42430618,1
14402035,18352188,1
14402035,17489587,1
39647543,55413071,1
39647543,43347791,1
39952555,45388597,1
10760586,14373109,1
10760586,44246433,1
10760586,37567308,1
10760586,39701877,1
10760586,11158828,1
10760586,16455522,1
10760586,14484483,1
10760586,12703882,1
10760586,19532039,1
10760586,13313677,1
10760586,16845198,1
10760586,14625319,1
10760586,16499871,1
10760586,46084556,1
10760586,11058976,1
10760586,36357201,1
10760586,12703958,1
10760586,11188852,1
10760586,27015623,1
10760586,14376007,1
10760586,14603843,1
10760586,11339572,1
10760586,12497824,1
10760586,50841256,1
10760586,46268382,1
10760586,16455543,1
29982883,34808701,1
29982883,48661347,1
29982883,47538064,1
29982883,47858418,1
29982883,48667370,1
29982883,57859208,1
29982883,48661389,1
29982883,52082507,1
29982883,37014309,1
29982883,48661339,1
48633627,53774922,1
48633627,52325585,1
55335287,57447230,1
55335287,57901144,1
55335287,57271936,1
55335287,57412589,1
55335287,57256870,1
55335287,55838925,1
18708608,30899773,1
18708608,43293047,1
18708608,27672905,1
33301872,51010500,1
48520164,56607226,1
48520164,54082777,1
47762479,57782858,1
04743100,39329738,1
04743100,09627328,1
04743100,23179396,1
04743100,12119516,1
04743100,83650606,1
04743100,41019135,1
04743100,41307302,1
04743100,18753050,1
33574353,37416022,1
33574353,34671172,1
29660216,36171778,1
29660216,33745782,1
29660216,51161425,1
29660216,32212857,1
29660216,63848360,1
06915272,19432332,1
06915272,33963982,1
06915272,56925052,1
06915272,29629465,1
06915272,22061323,1
06915272,35027399,1
06915272,16821155,1
35040545,42879168,1
35040545,47768563,1
35040545,58421459,1
35040545,48780328,1
35040545,54898502,1
35040545,54758331,1
12455695,49820503,1
12455695,49046490,1
12455695,40600676,1
12455695,15762958,1
12455695,31860440,1
12455695,52194725,1
12455695,53269040,1
07783091,17909341,1
07783091,13450053,1
44343593,83325381,1
10558082,50180210,1
10558082,52228257,1
13881417,37513392,1
13881417,20239662,1
13881417,83320846,1
08679561,18268274,1
08679561,37366665,1
08679561,20474705,1
08679561,63830889,1
08679561,14142921,1
08679561,20335130,1
08679561,51354213,1
08679561,26666570,1
08679561,10645837,1
08679561,83342162,1
08679561,16875649,1
08679561,28298039,1
08679561,24103019,1
08679561,48256984,1
08679561,16878140,1
08679561,12307469,1
08679561,34612325,1
08679561,52644030,1
04009190,36696049,1
06175536,07932841,1
06175536,48256984,1
06175536,83342162,1
06175536,08604284,1
06175536,20335130,1
06175536,12307469,1
06175536,08658243,1
06175536,14142921,1
06175536,08679561,1
06175536,28298039,1
06175536,33915999,1
06175536,16878140,1
06175536,16875649,1
06175536,63830889,1
06175536,51354213,1
06175536,34612325,1
06175536,26666570,1
09687570,18104871,1
42926861,45388597,1
07924602,10320549,1
07924602,47666291,1
07924602,45861983,1
07924602,30181304,1
07924602,55443749,1
07924602,37466456,1
07924602,54137324,1
07924602,53913111,1
07924602,11728366,1
07924602,55734874,1
07924602,31500254,1
23528778,33714406,1
23528778,47858418,1
23528778,53688481,1
23528778,48661389,1
23528778,57585889,1
23528778,34808701,1
23528778,57585885,1
23528778,57585886,1
23528778,48661339,1
23528778,24574133,1
23528778,29329295,1
23528778,57586681,1
23528778,29982883,1
23528778,57859208,1
23528778,52082507,1
23528778,48661347,1
23528778,24902119,1
23528778,48667370,1
23528778,29460787,1
23528778,57586823,1
23528778,57586012,1
07451673,18111277,1
07451673,58279901,1
07451673,08438379,1
07451673,24585147,1
07451673,43691330,1
07451673,10482140,1
07451673,36566244,1
07451673,83333237,1
07451673,09071847,1
07451673,22959779,1
07451673,83310292,1
34954848,83332908,1
09163579,31783432,1
09163579,17359676,1
09163579,50124913,1
09163579,45457749,1
09163579,53712175,1
09163579,10824588,1
09163579,32245462,1
00480113,20660211,1
09020092,34684399,1
09020092,49944478,1
09020092,15275597,1
09020092,21727838,1
09020092,15185037,1
12132917,29751618,1
12132917,39786136,1
12132917,37696690,1
12132917,55572124,1
12132917,14656125,1
22929707,46182869,1
22929707,44125923,1
22929707,54602056,1
57285529,83914226,1
53271619,57719959,1
53271619,58421459,1
53271619,54898502,1
53271619,54758331,1
08792120,13391535,1
08792120,57726453,1
08792120,53675536,1
08792120,14686260,1
08792120,54790193,1
42345486,57003730,1
42345486,52683891,1
06037193,44256432,1
06037193,09072358,1
38356976,57496254,1
23319181,34733870,1
23319181,27722405,1
19574915,46166002,1
39877284,40501349,1
22947144,42497894,1
22947144,42226877,1
05641437,45291116,1
05641437,50609978,1
05054671,19112682,1
05054671,23893018,1
05054671,34834598,1
05054671,22335505,1
05054671,48546635,1
05054671,40907690,1
05054671,48372268,1
05054671,14177338,1
04976718,21995320,1
04976718,10951227,1
04976718,39334969,1
10482140,24585147,1
10482140,43976615,1
10482140,83310292,1
10482140,58279901,1
10482140,13755682,1
10482140,18111277,1
10482140,83333237,1
10482140,22959779,1
12417145,24923147,1
12417145,52722554,1
14839089,27796490,1
14839089,49337592,1
31205691,40695263,1
31205691,58246272,1
31205691,38651268,1
31205691,32203973,1
31205691,43011102,1
31205691,54229231,1
31205691,57363999,1
17329935,30680195,1
17329935,53121520,1
17329935,26892234,1
17329935,50446091,1
17329935,57711501,1
41463606,56661682,1
41463606,48555717,1
41463606,48754339,1
08207772,33406765,1
08207772,33141526,1
08207772,97542173,1
08207772,13518879,1
40015013,51375431,1
40015013,53327451,1
46495181,50908405,1
46495181,47463212,1
46495181,52389398,1
46495181,54782060,1
04740841,15255821,1
04740841,07081633,1
04740841,20747693,1
04740841,17844808,1
17112048,63838684,1
33917788,57222755,1
33917788,63820492,1
26455653,57707810,1
26455653,45039499,1
07772245,42621451,1
07772245,42793884,1
07772245,46286669,1
07772245,07919179,1
07772245,84154608,1
07772245,45245872,1
41699731,44000141,1
42084429,52279393,1
42084429,57901736,1
42084429,47027121,1
42084429,54007941,1
42084429,54012325,1
06957217,57782858,1
06957217,47762479,1
06957217,38056616,1
06957217,27520027,1
06957217,26634582,1
23472709,49404135,1
23472709,39907822,1
23472709,25292639,1
23472709,24429020,1
23472709,46167663,1
23472709,57157601,1
23472709,25232025,1
04996064,07778090,1
18133996,46793672,1
18133996,32913189,1
18133996,21584046,1
04896759,04991576,1
34892620,55334656,1
34892620,51163250,1
22328699,23688558,1
22328699,52443748,1
22328699,47593096,1
22328699,52007020,1
22328699,57155797,1
22328699,46053439,1
22328699,58191310,1
22328699,40672565,1
22328699,51009087,1
37244028,44628771,1
37244028,45907536,1
05856869,25531230,1
13441262,15087218,1
13441262,46515622,1
05003249,41507783,1
05003249,34344872,1
05003249,25261893,1
05003249,40777483,1
05003249,11248496,1
05003249,24239365,1
05003249,11161770,1
05003249,12094545,1
05003249,14155691,1
05003249,57043963,1
50565465,53566131,1
16515254,31205691,1
16515254,40695263,1
16515254,20548007,1
16515254,20474705,1
16515254,21051472,1
16515254,58246272,1
16515254,38651268,1
16515254,32203973,1
16515254,43011102,1
16515254,54229231,1
16515254,57363999,1
16515254,22993378,1
40066165,42988507,1
40066165,50712229,1
47144718,54979011,1
47144718,47768563,1
47144718,57635372,1
47144718,51404327,1
47144718,58188878,1
47144718,48534274,1
47144718,52007020,1
47144718,54344984,1
09657201,27491793,1
09657201,27389567,1
09657201,27413530,1
09657201,27491714,1
09657201,27491827,1
09657201,38628049,1
04898425,27078567,1
04898425,04953915,1
04898425,06696322,1
10716301,11402883,1
33714406,47858418,1
33714406,53688481,1
33714406,48661389,1
33714406,57585889,1
33714406,34808701,1
33714406,57585885,1
33714406,57585886,1
33714406,48661339,1
33714406,57586681,1
33714406,57859208,1
33714406,52082507,1
33714406,48661347,1
33714406,48667370,1
33714406,57586823,1
33714406,57586012,1
07886277,51714217,1
07886277,08107424,1
07886277,08154120,1
07886277,08201747,1
44463761,56964544,1
44463761,58199211,1
44463761,55537919,1
44463761,44639331,1
44463761,55600414,1
44463761,52966267,1
54898502,63873012,1
54898502,57486261,1
02432866,39333408,1
02432866,05059613,1
02432866,47459363,1
02432866,15313646,1
08519062,15743065,1
08519062,27544936,1
46633075,53472612,1
37657857,46251157,1
37657857,37700829,1
37657857,52628936,1
37657857,50735105,1
37657857,37657858,1
41556977,46883917,1
41556977,54979011,1
41556977,47144718,1
41556977,47768563,1
41556977,57635372,1
41556977,51404327,1
41556977,58188878,1
41556977,48534274,1
41556977,52007020,1
41556977,54344984,1
41556977,55537919,1
41556977,57080615,1
41556977,46687601,1
41556977,45487638,1
33932590,34437051,1
33932590,45861983,1
10814847,52722554,1
47768563,54979011,1
47768563,57635372,1
47768563,51404327,1
47768563,58188878,1
47768563,48534274,1
47768563,52007020,1
47768563,54344984,1
50560053,52521807,1
49005717,52521807,1
49005717,55044297,1
49005717,53620897,1
49005717,52710594,1
49005717,53620896,1
37567308,44246433,1
37567308,39701877,1
37567308,46084556,1
37567308,50841256,1
37567308,46268382,1
39701877,50841256,1
33297121,56947805,1
33297121,58460694,1
33297121,56947806,1
37567308,54681456,1
14603843,16455543,1
14603843,52521807,1
14603843,54048782,1
52953919,83310177,1
34467448,42696750,1
20637353,38356976,1
20637353,35289849,1
43308259,48790338,1
43308259,55838925,1
50738091,55991912,1
36125320,48633627,1
36125320,53774922,1
36125320,44029469,1
36125320,52325585,1
41713084,83904276,1
41713084,55416678,1
41713084,54498618,1
18750515,35426559,1
18750515,18817255,1
18750515,31518742,1
28578389,43996246,1
28578389,50800787,1
28578389,32933619,1
28578389,29229919,1
28578389,31744670,1
33930331,53281247,1
33930331,48611660,1
33930331,45737222,1
33930331,53369432,1
33930331,57278636,1
09145788,10453516,1
17918538,58278942,1
17918538,38006053,1
17918538,50119108,1
25450139,39907822,1
25450139,57157601,1
25450139,42365622,1
25450139,29541134,1
25450139,83650374,1
25450139,48328555,1
25450139,42430618,1
25450139,55059900,1
25450139,46719213,1
25450139,44296529,1
25450139,46167663,1
25450139,49404135,1
25450139,46719330,1
25450139,54965803,1
38330743,45019725,1
11085522,30732216,1
11085522,13706299,1
11085522,14099261,1
11085522,34860254,1
18817255,31523999,1
20931910,26891612,1
45636574,83650606,1
42207469,46889802,1
42207469,45489303,1
14710306,39584007,1
14710306,21171923,1
14710306,55037698,1
14710306,43291259,1
14710306,19867404,1
14710306,44609947,1
14710306,45807994,1
14710306,46005113,1
14710306,31769289,1
14710306,52191322,1
14710306,40777020,1
14710306,30863841,1
48440251,53722842,1
48440251,50668156,1
48440251,54619214,1
48440251,54332505,1
48440251,83367219,1
48440251,54885487,1
24582662,47337578,1
24582662,47196575,1
24582662,54662724,1
02884562,40856762,1
02884562,14092407,1
02884562,51761269,1
04097980,20920169,1
04097980,41493205,1
04097980,48198589,1
04097980,15321276,1
04097980,10559828,1
04097980,44577379,1
04097980,24280011,1
07611560,63859474,1
01204185,26892234,1
01204185,17949899,1
08144548,32084879,1
35064483,47618473,1
35064483,38244840,1
14704628,19770132,1
43169284,56070207,1
33595632,44253551,1
33595632,37841067,1
33595632,53382721,1
57354388,57505264,1
35829796,51944055,1
35829796,58063535,1
27482302,35518033,1
27482302,58171437,1
27482302,38478093,1
27482302,34580317,1
27482302,31613883,1
27482302,54490498,1
27482302,30481449,1
53090342,54370033,1
11353934,52722554,1
21527324,24342692,1
21527324,53655623,1
08178406,48546635,1
08178406,19112682,1
08178406,34834598,1
15337124,18260926,1
15337124,53281247,1
15337124,18123389,1
15337124,45737222,1
15337124,53369432,1
07520084,12532690,1
24405076,43054032,1
24405076,58280732,1
24405076,31707647,1
31722214,52486509,1
31722214,55208432,1
31722214,37218720,1
31722214,37998675,1
03907064,18268274,1
03907064,08679561,1
03907064,06175536,1
03907064,04773604,1
03907064,37366665,1
03907064,20474705,1
03907064,63830889,1
03907064,08604284,1
03907064,06307350,1
03907064,14142921,1
03907064,20335130,1
03907064,51354213,1
03907064,26666570,1
03907064,06105070,1
03907064,10645837,1
03907064,83342162,1
03907064,16875649,1
03907064,28298039,1
03907064,24103019,1
03907064,48256984,1
03907064,16878140,1
03907064,07932841,1
03907064,12307469,1
03907064,08658243,1
03907064,34612325,1
03907064,52644030,1
07670993,32585944,1
07670993,53512225,1
21700206,38050329,1
21700206,25290831,1
02202173,52610053,1
02202173,20226275,1
02202173,07910811,1
02202173,12100025,1
02202173,57688154,1
02202173,45945702,1
02202173,83325381,1
02202173,46881535,1
02202173,52938394,1
02202173,55127081,1
02202173,44992655,1
02202173,46325572,1
02202173,24701795,1
02202173,33820664,1
02202173,42507899,1
02202173,45936724,1
02202173,53571951,1
02202173,24947034,1
02202173,45942603,1
02202173,03264911,1
02202173,45936725,1
02202173,20344098,1
02202173,22942965,1
02202173,50965558,1
02202173,43608949,1
50644116,52451608,1
07932841,22306097,1
07932841,10339775,1
07932841,12528293,1
07932841,26498970,1
07932841,08214717,1
02266170,58031954,1
02266170,04982948,1
27283131,47074615,1
27283131,28802660,1
27283131,31263248,1
27283131,57871692,1
27283131,49706701,1
27283131,42155025,1
09202012,43998797,1
09202012,47401879,1
09202012,57012991,1
09202012,57019757,1
09202012,40169079,1
09202012,29539337,1
09202012,27935946,1
30680195,53121520,1
30680195,50446091,1
30680195,57711501,1
06175536,18268274,1
06175536,37366665,1
06175536,20474705,1
06175536,06307350,1
06175536,10645837,1
06175536,24103019,1
06175536,52644030,1
11438135,37074548,1
07772245,37082268,1
07772245,26805909,1
23386664,83308593,1
43733001,47834153,1
07031623,19954308,1
07031623,14631621,1
07031623,10824588,1
07031623,09163579,1
07031623,08904510,1
07031623,30214709,1
07031623,84189950,1
07031623,46423577,1
07031623,21665630,1
07031623,09145594,1
07031623,34679456,1
07031623,15415504,1
07031623,50150082,1
07031623,18548319,1
05548482,20266139,1
05548482,36372750,1
50231311,63807010,1
50231311,57832184,1
50231311,51768121,1
50231311,63804116,1
50231311,83580423,1
50231311,83733212,1
50231311,52805783,1
07451673,43976615,1
07451673,13755682,1
39468581,51899399,1
58251511,63857395,1
14028134,15522348,1
14028134,45327140,1
14028134,53972553,1
28399610,28592039,1
28399610,30797118,1
28399610,51714217,1
09529408,50965561,1
09529408,50037335,1
09529408,12532690,1
09529408,42226188,1
09529408,15011981,1
15384376,38478093,1
15384376,35518033,1
15384376,23792780,1
15384376,22546522,1
15384376,24531971,1
15384376,30481449,1
15384376,34580317,1
06011816,51282343,1
13372101,15384376,1
13372101,38478093,1
13372101,35518033,1
13372101,23792780,1
13372101,22546522,1
13372101,24531971,1
13372101,30481449,1
13372101,34580317,1
07778090,09523260,1
07778090,33011124,1
07778090,13065972,1
07778090,27235446,1
07778090,50295356,1
07778090,83776310,1
07778090,12077482,1
07778090,19138573,1
07778090,10534199,1
07778090,52141673,1
07778090,45930578,1
07778090,46632259,1
07778090,21217025,1
07778090,53994812,1
07778090,31353578,1
07778090,22210067,1
07778090,20637353,1
07778090,58264935,1
24429020,42365622,1
24429020,57387226,1
24429020,25232025,1
24429020,27462525,1
24429020,42430618,1
24429020,48472865,1
24429020,25292639,1
24429020,54965803,1
16615943,83330902,1
16615943,31604420,1
16615943,97525770,1
16615943,26701233,1
16615943,46321970,1
04972915,46453950,1
39584007,55037698,1
39584007,43291259,1
39584007,44609947,1
39584007,45807994,1
39584007,46005113,1
39584007,52191322,1
39584007,40777020,1
24239365,41507783,1
24239365,40777481,1
00506826,06105070,1
00506826,06175536,1
00506826,34612325,1
00506826,07932841,1
00506826,83342162,1
00506826,16875649,1
00506826,28298039,1
00506826,20335130,1
00506826,26666570,1
00506826,05189915,1
00506826,08658243,1
00506826,16878140,1
00506826,14142921,1
00506826,51354213,1
22579220,23910245,1
22579220,36673863,1
22579220,27221730,1
43163459,43762317,1
09529408,83383638,1
09529408,23146224,1
09529408,10233096,1
24765057,52309305,1
36904570,46527197,1
36904570,57167357,1
36904570,83319640,1
36904570,39497472,1
36904570,83919381,1
05054671,83367466,1
05054671,08708911,1
05054671,08178406,1
05054671,52153417,1
05054671,28154395,1
05054671,05575188,1
15006343,16739367,1
15006343,20174961,1
15006343,57372381,1
15006343,45350684,1
15006343,44592083,1
15006343,16631741,1
15006343,16631663,1
15006343,18983720,1
10771275,14402035,1
10771275,10774943,1
10771275,18352188,1
10771275,11832551,1
10771275,17489587,1
41186603,56081840,1
41186603,57628134,1
54332505,56660430,1
54332505,54885487,1
54332505,55775552,1
14631621,50383902,1
14631621,18548319,1
14631621,37480610,1
14631621,36953059,1
14631621,19954308,1
14631621,50150082,1
14631621,46423577,1
14631621,33075616,1
14631621,41738095,1
14631621,55033552,1
14631621,15415504,1
20474705,44374020,1
20474705,32203973,1
20444075,37971431,1
46466187,55624004,1
46466187,57426015,1
46466187,54657288,1
01049694,06311615,1
01049694,12605607,1
01049694,11271879,1
01049694,83370346,1
01049694,08446028,1
08683999,13266769,1
08683999,15087218,1
08683999,11050213,1
08683999,11323475,1
08683999,13432814,1
08683999,29101154,1
08683999,13441262,1
08683999,09650153,1
08683999,12852303,1
08683999,10826737,1
08683999,41857347,1
08683999,46515622,1
08683999,09268385,1
08683999,46862781,1
08683999,12852383,1
12123925,57719959,1
12123925,35040545,1
12123925,49020752,1
12123925,51784670,1
12123925,20473085,1
12123925,39468581,1
12123925,53271619,1
12123925,17058479,1
12123925,17082466,1
12123925,56281977,1
38145465,53049754,1
38145465,45383755,1
38145465,51649951,1
10559828,22796979,1
10559828,48057294,1
10559828,15321276,1
10559828,26634582,1
10559828,10697375,1
05402904,46992361,1
05402904,35932606,1
05402904,22924203,1
05402904,14721070,1
05402904,49493875,1
09570790,18708608,1
09570790,30899773,1
09570790,43293047,1
09570790,27672905,1
28128547,50735038,1
28128547,29180884,1
11175333,15337124,1
11175333,18260926,1
11175333,53281247,1
11175333,18123389,1
11175333,45737222,1
11175333,53369432,1
24379921,83917104,1
24379921,33919545,1
44549511,49472451,1
04815986,40936968,1
04815986,15614690,1
04815986,22359452,1
04815986,13080819,1
03654033,44609947,1
03654033,21171923,1
03654033,14710306,1
03654033,11909509,1
03654033,83836155,1
03654033,48638604,1
03654033,05442850,1
03654033,05103250,1
03654033,05427042,1
03654033,43291259,1
03654033,15748239,1
03654033,37372893,1
03654033,17096246,1
03654033,49925126,1
03654033,05726886,1
31531257,50052069,1
31531257,50042823,1
45006823,55600414,1
45006823,57080615,1
00904810,55584794,1
00904810,18375101,1
00904810,08598867,1
00904810,41555765,1
53215390,55131515,1
04573978,55416678,1
04573978,15323397,1
04573978,41409445,1
04573978,09308194,1
04573978,58312803,1
04573978,37980824,1
30758490,33650455,1
11260715,20237030,1
11260715,28883561,1
11260715,30592548,1
11260715,45388597,1
11260715,48025044,1
11260715,14767246,1
11260715,28277240,1
11260715,26504364,1
11260715,44609947,1
11260715,32984883,1
11260715,17086225,1
11260715,43092012,1
11260715,49135720,1
11260715,33531685,1
45861983,47666291,1
45861983,55443749,1
45861983,54137324,1
45861983,53913111,1
45861983,55734874,1
50588778,53215390,1
50588778,55131515,1
30347291,52953919,1
30347291,49995070,1
30347291,83310177,1
44639331,45006823,1
44639331,55600414,1
44639331,57080615,1
19044542,53051209,1
19044542,49652509,1
19044542,39804464,1
19044542,21995320,1
04059596,28694027,1
04059596,06292649,1
04059596,34331988,1
04059596,18817255,1
55537919,56964544,1
10221771,13095405,1
16365944,26256356,1
16365944,52657472,1
16365944,20053965,1
28530084,55127081,1
28530084,28551662,1
14668500,18917816,1
14668500,56904767,1
14668500,31610950,1
14668500,56167438,1
14668500,55524217,1
40651924,42413145,1
40651924,42056628,1
05982898,19574915,1
05982898,08838110,1
05982898,46166002,1
05982898,11054792,1
05982898,12867278,1
05982898,17474408,1
51851595,52226841,1
48037555,54679927,1
48037555,50103379,1
35932606,46992361,1
35932606,49493875,1
34905026,51621954,1
34905026,52350217,1
34905026,40011155,1
34905026,42604726,1
34905026,53304488,1
46903675,53066181,1
29891455,47074615,1
29891455,46992361,1
19369622,63851000,1
19369622,22426242,1
19369622,24249629,1
45225921,49339816,1
51354213,83342162,1
11362885,28216982,1
11362885,23640551,1
18917816,56904767,1
18917816,31610950,1
18917816,56167438,1
18917816,55524217,1
20460412,46515622,1
20460412,42351594,1
51944055,58063535,1
44660813,53962062,1
11508102,53210341,1
11508102,50604320,1
11508102,32218488,1
11508102,56904767,1
11508102,46099558,1
11508102,56084186,1
11508102,16775498,1
11508102,55515834,1
11508102,42703472,1
11508102,21391028,1
11508102,16877048,1
56054911,57040497,1
19351607,63841076,1
19351607,51714217,1
19351607,24837538,1
29094192,49919081,1
25386433,54184008,1
18104871,37567308,1
18104871,22711023,1
18104871,46268382,1
18104871,44246433,1
18104871,46084556,1
18104871,54681456,1
18104871,39701877,1
18104871,36357201,1
15276348,33251249,1
22380291,53208704,1
22380291,44951938,1
22380291,46020659,1
22380291,63820492,1
22380291,83859231,1
22380291,52203046,1
19113461,48468765,1
19113461,43683105,1
19113461,54778102,1
19113461,22226927,1
19113461,83352807,1
19113461,49582386,1
15589589,54972801,1
15589589,27935968,1
15589589,41141272,1
23086489,56054911,1
23086489,27838219,1
23086489,46268382,1
23086489,38479011,1
23086489,53620896,1
23086489,57040497,1
23086489,53693498,1
23086489,37567308,1
23086489,52521807,1
23086489,46084556,1
23086489,52749841,1
23086489,52714865,1
23086489,44246433,1
23086489,50568409,1
23086489,48905309,1
23086489,49005255,1
23086489,53620897,1
23086489,55044297,1
23086489,52710594,1
23086489,49005717,1
33919956,50864376,1
33919956,54376633,1
33919956,39334969,1
26102362,45151564,1
28018412,83759910,1
28018412,34682252,1
28018412,49400762,1
28018412,54652073,1
28018412,41349841,1
29066949,50152207,1
29066949,30060978,1
41649624,48659953,1
41649624,48659956,1
45785884,49048845,1
47858418,53688481,1
47858418,48661389,1
47858418,57585889,1
47858418,57585885,1
47858418,57585886,1
47858418,48661339,1
47858418,57586681,1
47858418,57859208,1
47858418,52082507,1
47858418,48661347,1
47858418,48667370,1
47858418,57586823,1
47858418,57586012,1
13391535,57726453,1
13391535,53675536,1
13391535,14686260,1
13391535,54790193,1
46862295,52869416,1
46862295,84166024,1
13542805,34839597,1
13542805,21565257,1
13542805,54184008,1
13542805,37327728,1
29967625,50086253,1
29967625,34847855,1
29967625,43406576,1
21892130,56425905,1
21892130,26253928,1
21892130,55305952,1
21892130,48546635,1
21892130,34834598,1
07932841,28809856,1
07932841,30728534,1
07932841,46140895,1
07932841,48125531,1
06175536,28809856,1
06175536,30728534,1
06175536,46140895,1
06175536,48125531,1
37408235,55949966,1
24622016,27862060,1
24622016,27103898,1
24622016,25199679,1
28449630,40348570,1
28449630,43648524,1
28449630,54184008,1
50024923,53324172,1
37257564,56167438,1
37257564,55524217,1
37257564,56904767,1
20001357,29639407,1
20001357,42489131,1
20001357,29301770,1
20001357,56701497,1
20001357,29488846,1
20001357,35411970,1
19112682,23893018,1
19112682,22335505,1
19112682,40907690,1
19112682,48372268,1
40141062,53051209,1
30107701,50762504,1
30107701,30108825,1
30107701,30129747,1
23454611,40710540,1
23454611,54804007,1
23454611,36648048,1
10404940,41463606,1
10404940,56661682,1
10404940,48555717,1
10404940,22739645,1
10404940,27797487,1
10404940,48754339,1
10404940,15671192,1
10404940,15249867,1
18516869,28839535,1
18516869,26050345,1
18516869,21399950,1
16384163,23423107,1
16384163,63846356,1
16384163,28236054,1
16384163,48460634,1
44470034,57901736,1
44470034,54007941,1
44470034,54012325,1
36171778,51161425,1
36171778,63848360,1
53210341,56904767,1
53210341,56084186,1
53210341,55515834,1
50965558,57211830,1
10290217,55062107,1
10290217,32547311,1
37181061,54628868,1
34396959,45322017,1
34396959,34692419,1
34396959,44374020,1
34396959,55738822,1
20237030,28883561,1
20237030,30592548,1
20237030,45388597,1
20237030,48025044,1
20237030,28277240,1
20237030,26504364,1
20237030,44609947,1
20237030,32984883,1
20237030,43092012,1
20237030,49135720,1
20237030,33531685,1
57795566,83919761,1
34612325,51354213,1
34612325,83342162,1
01532081,13357662,1
01532081,30168673,1
01532081,10829499,1
01532081,40130287,1
01532081,23614691,1
01532081,03123352,1
01532081,24504221,1
01532081,55946671,1
01532081,39548829,1
01532081,18009695,1
10771275,40160490,1
10771275,34919721,1
10771275,30532710,1
10771275,55705246,1
31044915,33409006,1
22959779,83333237,1
22959779,58279901,1
22959779,36605025,1
22959779,83310292,1
22959779,24585147,1
22959779,43976615,1
57262161,63887699,1
57167357,83319640,1
57167357,83919381,1
04820684,22918262,1
04820684,05255146,1
17558597,45984694,1
17558597,19190380,1
17558597,46897094,1
17558597,52722554,1
08399377,13850655,1
08399377,17946404,1
08399377,09235877,1
08399377,53634498,1
08668308,51851595,1
08668308,09110926,1
08668308,09032170,1
08668308,28530322,1
08668308,09589716,1
08668308,52226841,1
08668308,09110955,1
17794978,24069458,1
17794978,56212443,1
17794978,57058769,1
07837910,19044542,1
07837910,53051209,1
07837910,49652509,1
07837910,39804464,1
07837910,21995320,1
07837910,08844507,1
31671814,41372115,1
31671814,33558212,1
31671814,40593909,1
51715500,54979011,1
03123352,55946671,1
03123352,34405774,1
03123352,47307390,1
18983720,42932312,1
18983720,41981831,1
18983720,51072301,1
18983720,38493454,1
18983720,50793030,1
18983720,42048940,1
18983720,39292533,1
18983720,24143145,1
18983720,50288425,1
18983720,55991912,1
50296978,55413071,1
20226275,52610053,1
20226275,57688154,1
20226275,45945702,1
20226275,83325381,1
20226275,46881535,1
20226275,52938394,1
20226275,55127081,1
20226275,44992655,1
20226275,46325572,1
20226275,24701795,1
20226275,33820664,1
20226275,42507899,1
20226275,45936724,1
20226275,53571951,1
20226275,24947034,1
20226275,45942603,1
20226275,45936725,1
20226275,20344098,1
20226275,22942965,1
20226275,50965558,1
20226275,43608949,1
06970421,22959779,1
06970421,09071847,1
06970421,06990599,1
06970421,83333237,1
06970421,58279901,1
06970421,07451673,1
06970421,08438379,1
06970421,36605025,1
06970421,83310292,1
06970421,24585147,1
06970421,10482140,1
06970421,43976615,1
06970421,18111277,1
06970421,13755682,1
04832721,50231311,1
04832721,14727334,1
04832721,63807010,1
04832721,13540164,1
04832721,26774151,1
04832721,57832184,1
04832721,08985066,1
04832721,48089475,1
04832721,36756496,1
04832721,37088883,1
04832721,04926358,1
04832721,08095318,1
04832721,51768121,1
04832721,63804116,1
04832721,04929683,1
04832721,13697835,1
04832721,83580423,1
04832721,26605604,1
04832721,83733212,1
04832721,52805783,1
04832721,05844378,1
18082457,44189820,1
18082457,49400987,1
15249867,25150035,1
15249867,15671192,1
15249867,41463606,1
04910469,49548666,1
04910469,38080078,1
04910469,29330322,1
08792120,08857306,1
08792120,53209188,1
08792120,18341092,1
08792120,42015688,1
08792120,20392931,1
08792120,19046130,1
08792120,48424730,1
08792120,12633984,1
08792120,56419404,1
34892620,48968763,1
34892620,52207979,1
34892620,36011750,1
17945714,56949552,1
54337634,55335287,1
54337634,57256870,1
54337634,55838925,1
54337634,57271936,1
40695263,58246272,1
40695263,43011102,1
40695263,54229231,1
40695263,57363999,1
22911135,46687601,1
22911135,29779458,1
21171923,39584007,1
21171923,55037698,1
21171923,43291259,1
21171923,44609947,1
21171923,45807994,1
21171923,46005113,1
21171923,31769289,1
21171923,52191322,1
21171923,40777020,1
21171923,30863841,1
04928297,35517834,1
04928297,15887193,1
42754199,51416028,1
55569173,57288974,1
55569173,57843588,1
83211128,83920470,1
30494420,35690146,1
30494420,30588807,1
30494420,31134654,1
12497824,12703882,1
12497824,39701877,1
12497824,14603843,1
12497824,16499871,1
12497824,14484483,1
12497824,16455522,1
12497824,14625319,1
12497824,12703958,1
12497824,16455543,1
12497824,14376007,1
12497824,52521807,1
12497824,54048782,1
12497824,14373109,1
12497824,36357201,1
12497824,37567308,1
12497824,46268382,1
24940502,52979675,1
24940502,28487330,1
24940502,47532153,1
24940502,54425045,1
24940502,54498618,1
24940502,47433488,1
24940502,43357739,1
44592083,57372381,1
44592083,46290445,1
44592083,45012561,1
30181304,47666291,1
30181304,45861983,1
30181304,55443749,1
30181304,37466456,1
30181304,54137324,1
30181304,53913111,1
30181304,55734874,1
30181304,31500254,1
26434833,39904597,1
26434833,32308609,1
19112682,21892130,1
19112682,56425905,1
19112682,26253928,1
19112682,55305952,1
44376400,44459996,1
44376400,45609353,1
06859283,30758490,1
06859283,28175584,1
06859283,33650455,1
06859283,09545653,1
01613851,19351607,1
01613851,63841076,1
01613851,04920450,1
01613851,51714217,1
01613851,24837538,1
01613851,08454441,1
01613851,04979092,1
01613851,19291374,1
03102181,46975916,1
03102181,32999612,1
03102181,11614792,1
03102181,12669568,1
03102181,44046392,1
05782805,42084429,1
05782805,19113461,1
05782805,52279393,1
05782805,57901736,1
05782805,41297076,1
05782805,09397802,1
05782805,29779458,1
05782805,47027121,1
05782805,38088444,1
05782805,54007941,1
05782805,54012325,1
03959363,33919956,1
03959363,50864376,1
03959363,21995320,1
03959363,04976718,1
03959363,54376633,1
03959363,39334969,1
05319538,55836697,1
05319538,20772022,1
05319538,12575749,1
05319538,21995320,1
05319538,13466770,1
31055224,49084736,1
05319538,38228290,1
55537919,57080615,1
39352942,51431935,1
23688558,52443748,1
23688558,47593096,1
23688558,52007020,1
23688558,57155797,1
23688558,46053439,1
23688558,58191310,1
23688558,40672565,1
23688558,51009087,1
53028468,53090342,1
53028468,54370033,1
41250491,51404327,1
41250491,46883917,1
41250491,57719959,1
41250491,44075904,1
41250491,52222822,1
41250491,47720643,1
41250491,48534274,1
41932842,83358887,1
53874270,58447768,1
53874270,55207387,1
53874270,55273088,1
53874270,54782375,1
53874270,56090606,1
53874270,54545658,1
11242257,20460412,1
11242257,12852303,1
11242257,46515622,1
11242257,13432814,1
11242257,42351594,1
45022856,50634157,1
45022856,51688868,1
45022856,56690298,1
55207387,58447768,1
55207387,55273088,1
55207387,56090606,1
38284440,54375531,1
26371829,54363300,1
26371829,40920760,1
26371829,40596590,1
26371829,49084948,1
26371829,41226380,1
07919384,49400987,1
07919384,44564204,1
07919384,31975245,1
07919384,57851937,1
07919384,23944869,1
44019468,49880952,1
44019468,49608411,1
44019468,44019600,1
44019468,49170675,1
36766273,53097214,1
36766273,45373405,1
36766273,50781406,1
16455522,49005717,1
16455522,46268382,1
16455522,52521807,1
16455522,48905309,1
16455522,55044297,1
16455522,37567308,1
16455522,46084556,1
16455522,16499871,1
16455522,53620897,1
16455522,52710594,1
16455522,49005255,1
16455522,44246433,1
16455522,53620896,1
11032544,27283131,1
11032544,11171191,1
11032544,47074615,1
11032544,28802660,1
11032544,18596380,1
11032544,31263248,1
11032544,57871692,1
11032544,49706701,1
11032544,42155025,1
55416678,58312803,1
03598742,04468348,1
03598742,63875165,1
03598742,26751767,1
03598742,10510596,1
03598742,21852592,1
03598742,17376894,1
03598742,04940478,1
03598742,04945692,1
03598742,10443098,1
27103898,27862060,1
09455883,39642901,1
09455883,30709602,1
57169353,84189950,1
57169353,57547749,1
38108994,57103588,1
27276028,30821804,1
27276028,30821818,1
27276028,42034608,1
27276028,52192449,1
27276028,45344812,1
24312558,52129220,1
13357662,30168673,1
13357662,40130287,1
13357662,23614691,1
13357662,24504221,1
13357662,55946671,1
13357662,39548829,1
13357662,18009695,1
32133519,37505706,1
32133519,39595428,1
32133519,50037335,1
32133519,53666283,1
48641053,50294570,1
48641053,53713512,1
48641053,57260815,1
48641053,55154690,1
05395343,30859603,1
05395343,37416022,1
05395343,22727153,1
05395343,18748344,1
05395343,39274002,1
05395343,13982926,1
05395343,50227993,1
46814523,55527165,1
15321276,19369622,1
17489551,34905026,1
17489551,51621954,1
17489551,52350217,1
17489551,23605347,1
17489551,40011155,1
17489551,42604726,1
17489551,21815666,1
17489551,53304488,1
34808701,48661347,1
34808701,47538064,1
34808701,47858418,1
34808701,48667370,1
34808701,57859208,1
34808701,48661389,1
34808701,52082507,1
34808701,37014309,1
34808701,48661339,1
31649787,37578286,1
31649787,39685402,1
31649787,54184008,1
31649787,42482138,1
31649787,44018916,1
31649787,33558652,1
31649787,33484115,1
31649787,47712951,1
31649787,48082781,1
31649787,43020362,1
31649787,52157392,1
45914646,47283831,1
04330842,18819000,1
04330842,07585347,1
36849504,63851000,1
15321276,20208108,1
15321276,37259225,1
15321276,51861676,1
10348741,14704628,1
10348741,12541811,1
10348741,19770132,1
21229714,22426242,1
21229714,57886627,1
21229714,51861009,1
21229714,33075616,1
21229714,21848243,1
21229714,47728638,1
21229714,24249629,1
21229714,55533763,1
07388430,44376413,1
07388430,55402313,1
07388430,16995597,1
36189741,44374020,1
36189741,43018566,1
42338125,52781311,1
83380923,83839902,1
33718845,39798088,1
17872860,83838839,1
17872860,50266478,1
17872860,27854205,1
32585944,53512225,1
08857306,53209188,1
08857306,18341092,1
08857306,42015688,1
08857306,54790193,1
08857306,57726453,1
08857306,20392931,1
08857306,19046130,1
08857306,48424730,1
08857306,12633984,1
08857306,56419404,1
08857306,14686260,1
32074588,37022648,1
32074588,32787548,1
54184008,54896922,1
22426242,57886627,1
22426242,51861009,1
22426242,33075616,1
22426242,47728638,1
22426242,24249629,1
22426242,55533763,1
16685710,19414832,1
16685710,48287224,1
04713140,13542805,1
04713140,34839597,1
04713140,21565257,1
04713140,54184008,1
04713140,37327728,1
28431884,33220071,1
28431884,52001949,1
28431884,57496254,1
19312885,57211830,1
19312885,46001783,1
19312885,83368993,1
19312885,45029722,1
19312885,29629465,1
27491827,45514503,1
27491827,48063233,1
27491827,83904854,1
27491827,38628049,1
07932841,48256984,1
07932841,08604284,1
07932841,12307469,1
07932841,08658243,1
07932841,14142921,1
07932841,08679561,1
07932841,33915999,1
07932841,16878140,1
07932841,16875649,1
07932841,63830889,1
14564858,33917788,1
14564858,20990397,1
14564858,20990430,1
14564858,57222755,1
14564858,31364863,1
14564858,63820492,1
14564858,15648147,1
22931794,34877670,1
22931794,22979637,1
15035294,32007827,1
15035294,17621820,1
15035294,53014913,1
15035294,45322017,1
15035294,56660430,1
15035294,54885487,1
15035294,53722842,1
22306097,34612325,1
22306097,28298039,1
22306097,26498970,1
22306097,51354213,1
22306097,83342162,1
22306097,26666570,1
13838508,19210249,1
13838508,34624874,1
13838508,54978521,1
10824588,14631621,1
10824588,84189950,1
29359372,37788555,1
29359372,47456294,1
29359372,42590211,1
29359372,52905513,1
29359372,39337501,1
28799388,41349841,1
28799388,37462625,1
07013648,24940502,1
07013648,15871610,1
07013648,52979675,1
07013648,28487330,1
07013648,47532153,1
07013648,54425045,1
07013648,54498618,1
07013648,23584762,1
07013648,47433488,1
07013648,43357739,1
02040698,32074588,1
02040698,10453809,1
02040698,32061497,1
02040698,05610038,1
02040698,37022648,1
02040698,21286441,1
02040698,05375812,1
02040698,05753671,1
02040698,32787548,1
02040698,06333651,1
02040698,13389856,1
06145864,15170751,1
06145864,57447230,1
11888791,14031461,1
11888791,42345486,1
11888791,29377650,1
11888791,57003730,1
11888791,30733949,1
11888791,52683891,1
11888791,40582446,1
41604880,57354388,1
41604880,56196880,1
41604880,56197324,1
41604880,54344984,1
41604880,55719309,1
41604880,50119108,1
41604880,57505264,1
41604880,56197605,1
41604880,54835289,1
04320354,27482302,1
04320354,35518033,1
04320354,23792780,1
04320354,13372101,1
04320354,58171437,1
04320354,38478093,1
04320354,15546463,1
04320354,34580317,1
04320354,31613883,1
04320354,15384376,1
04320354,22546522,1
04320354,54490498,1
04320354,30481449,1
04320354,04896759,1
04320354,24531971,1
19112682,41640208,1
19112682,55039592,1
19112682,55039591,1
19112682,38004252,1
19112682,51882053,1
05140066,09101211,1
08776680,97519130,1
03970826,43104321,1
03970826,29478160,1
03970826,46714247,1
03970826,44129140,1
07951027,31303286,1
07951027,18486298,1
41260285,55154617,1
41260285,45476449,1
03480697,26050345,1
03480697,22646126,1
03480697,21338309,1
03480697,21399950,1
03480697,17266557,1
03480697,28137761,1
03480697,18516869,1
03480697,07882250,1
03480697,43712622,1
03480697,17327944,1
03480697,28839535,1
46268382,49005717,1
46268382,52521807,1
46268382,48905309,1
46268382,55044297,1
46268382,53620897,1
46268382,52710594,1
46268382,49005255,1
46268382,53620896,1
10635179,48255741,1
00995543,05156211,1
00995543,12633433,1
00995543,06307709,1
50668156,54332505,1
50668156,53722842,1
50668156,54885487,1
50668156,54619214,1
05513855,11520171,1
35722119,43780028,1
27739595,32245462,1
27739595,37057945,1
04320354,04936786,1
04320354,08387335,1
41297076,63854616,1
41297076,50776147,1
41297076,44470034,1
41297076,52279393,1
41297076,49032101,1
41297076,47027121,1
50604320,53210341,1
50604320,56904767,1
50604320,56084186,1
50604320,55515834,1
25128306,50401555,1
00480113,15340397,1
00480113,35547749,1
37376395,49084949,1
37376395,42870244,1
37376395,56000290,1
45357063,53990822,1
08362093,27633300,1
08064865,22911135,1
08064865,50221222,1
08064865,15464267,1
05083142,39538797,1
05083142,06011816,1
08210284,39701877,1
08210284,52521807,1
08210284,14373109,1
08210284,44246433,1
08210284,13313677,1
08210284,46268382,1
08210284,16455522,1
08210284,14625319,1
08210284,12703958,1
08210284,16499871,1
08210284,09687570,1
08210284,12703882,1
08210284,36357201,1
08210284,12497824,1
08210284,14376007,1
08210284,11158828,1
08210284,14603843,1
08210284,37567308,1
08210284,09303787,1
08210284,09110945,1
08210284,11188852,1
08210284,46084556,1
08210284,18104871,1
08210284,11339572,1
08210284,54048782,1
08210284,14484483,1
08210284,09423857,1
08210284,10243905,1
08210284,10759158,1
08210284,22928991,1
31095759,41014318,1
31095759,45188649,1
31095759,44017269,1
09317458,16631663,1
09317458,28530084,1
09317458,10716210,1
09317458,16631741,1
09317458,11438135,1
09317458,15652417,1
09317458,44592083,1
09317458,57372381,1
09317458,16739367,1
09317458,11358828,1
09317458,55127081,1
09317458,18983720,1
09317458,28551662,1
09317458,15006343,1
49020752,57719959,1
49020752,51784670,1
49020752,53271619,1
49020752,56281977,1
34638098,83673434,1
34638098,44173395,1
34638098,56070207,1
10559828,19369622,1
07887094,33850897,1
07887094,44470034,1
07887094,57901736,1
07887094,09058202,1
07887094,54007941,1
07887094,42084429,1
07887094,29144248,1
07887094,54012325,1
14631621,30214709,1
14631621,21665630,1
14631621,34679456,1
32007827,53014913,1
32007827,45322017,1
32007827,56660430,1
32007827,54885487,1
32007827,53722842,1
19799456,28799388,1
19799456,41349841,1
19799456,37462625,1
19799456,28018412,1
47308946,54705939,1
51480797,55178104,1
52603474,83760785,1
52603474,53851546,1
21916066,57202732,1
21916066,35162349,1
21916066,24375252,1
21916066,48748664,1
05506822,08861576,1
11822045,25070732,1
14514225,57285529,1
14514225,53752478,1
14514225,83914226,1
14514225,27773901,1
14514225,20589457,1
09110945,37567308,1
09110945,18104871,1
09110945,22711023,1
09110945,46268382,1
09110945,09303787,1
09110945,09687570,1
09110945,14484483,1
09110945,14603843,1
09110945,13313677,1
09110945,10243905,1
09110945,12703882,1
09110945,12703958,1
09110945,16499871,1
09110945,44246433,1
09110945,09423857,1
09110945,11339572,1
09110945,10759158,1
09110945,46084556,1
09110945,12497824,1
09110945,16455522,1
09110945,11188852,1
09110945,11158828,1
09110945,54681456,1
09110945,14373109,1
09110945,39701877,1
09110945,36357201,1
04417594,07451673,1
04417594,18111277,1
04417594,06970410,1
04417594,06970421,1
04417594,58279901,1
04417594,08438379,1
04417594,24585147,1
04417594,43691330,1
04417594,10482140,1
04417594,36566244,1
04417594,06990599,1
04417594,83333237,1
04417594,09071847,1
04417594,22959779,1
04417594,83310292,1
03360923,37567308,1
03360923,18104871,1
03360923,09110945,1
03360923,22711023,1
03360923,46268382,1
03360923,09303787,1
03360923,09687570,1
03360923,14484483,1
03360923,14603843,1
03360923,13313677,1
03360923,10243905,1
03360923,12703882,1
03360923,12703958,1
03360923,16499871,1
03360923,44246433,1
03360923,08210284,1
03360923,09423857,1
03360923,11339572,1
03360923,10759158,1
03360923,46084556,1
03360923,12497824,1
03360923,16455522,1
03360923,11188852,1
03360923,11158828,1
03360923,54681456,1
03360923,14373109,1
03360923,39701877,1
03360923,36357201,1
18066521,53853824,1
18066521,23640551,1
18066521,83335448,1
18066521,28216982,1
18066521,30804353,1
08928777,83590638,1
08928777,34910828,1
26146336,45907772,1
26146336,35517311,1
26146336,28387089,1
26146336,43012876,1
26146336,57311619,1
26146336,44175488,1
13266769,15087218,1
13266769,13432814,1
13266769,29101154,1
13266769,13441262,1
13266769,41857347,1
13266769,46515622,1
13266769,46862781,1
21602323,55537919,1
21602323,56964544,1
04488819,44660813,1
04488819,30776537,1
04488819,53962062,1
04488819,16909810,1
11008670,12132917,1
11008670,48351289,1
11008670,55284964,1
11008670,11712682,1
11008670,58248375,1
10571779,57635372,1
10571779,46633075,1
10571779,46687601,1
10571779,29779458,1
49275814,58421459,1
07261102,30024558,1
07261102,27268940,1
07261102,14752221,1
33141526,45736704,1
33141526,54332505,1
33141526,53722842,1
33141526,56660430,1
33141526,54885487,1
33141526,48569264,1
33141526,55775552,1
33141526,48463108,1
10274836,10452277,1
10274836,44609158,1
10274836,14893907,1
10274836,13603497,1
46474166,46992361,1
46474166,55655333,1
31872486,55586704,1
03909265,18449805,1
03909265,45006823,1
03909265,04352504,1
03909265,55890375,1
44463761,45006823,1
44463761,57080615,1
04362296,44463761,1
04362296,11402883,1
04362296,56964544,1
04362296,58199211,1
04362296,55537919,1
04362296,10716301,1
04362296,44639331,1
04362296,44075904,1
04362296,55600414,1
04362296,52966267,1
04362296,07569921,1
04362296,21602323,1
02289157,06011816,1
48905309,54545658,1
48905309,50473993,1
48905309,51357212,1
48905309,53874270,1
48905309,50560053,1
48905309,53620896,1
48905309,55273088,1
48905309,56090606,1
48905309,55207387,1
48905309,58447768,1
48905309,54782375,1
48905309,53874267,1
48905309,53620897,1
42988507,50712229,1
33295746,33297121,1
33295746,56947805,1
33295746,58460694,1
33295746,56947806,1
52521807,55044297,1
52521807,53620897,1
52521807,52710594,1
52521807,53620896,1
56947805,58460694,1
56947805,56947806,1
48905309,49005717,1
48905309,52521807,1
48905309,55044297,1
48905309,52710594,1
48905309,49005255,1
36357201,53620897,1
36357201,58447768,1
36357201,53874270,1
36357201,55207387,1
36357201,53620896,1
36357201,55273088,1
36357201,54782375,1
36357201,50473993,1
36357201,48905225,1
36357201,56090606,1
36357201,54545658,1
36357201,50560053,1
36357201,53874267,1
36357201,51357212,1
40391098,40391475,1
40391098,40392129,1
40391098,40651924,1
40391098,42056628,1
40391098,40392132,1
40391098,42413145,1
23893018,34834598,1
23893018,48546635,1
23893018,40907690,1
23893018,48372268,1
39306305,41297076,1
39306305,63854616,1
39306305,50776147,1
39306305,44470034,1
39306305,52279393,1
39306305,49032101,1
39306305,47027121,1
34437760,54246345,1
34437760,63860720,1
45322017,55738822,1
09037957,09162657,1
09037957,09037966,1
09037957,18826846,1
15871610,24940502,1
15871610,52979675,1
15871610,28487330,1
15871610,47532153,1
15871610,54425045,1
15871610,54498618,1
15871610,23584762,1
15871610,47433488,1
15871610,43357739,1
19596066,57795566,1
19596066,22931471,1
19596066,23446100,1
19596066,83919761,1
03777852,04101986,1
03777852,38006053,1
03777852,28470290,1
05944021,46814523,1
05944021,46012078,1
05944021,17268420,1
05944021,12504222,1
05944021,55527165,1
09071847,22959779,1
09071847,83333237,1
09071847,58279901,1
09071847,36605025,1
09071847,83310292,1
09071847,24585147,1
09071847,10482140,1
09071847,43976615,1
09071847,18111277,1
09071847,13755682,1
38056616,57782858,1
38056616,47762479,1
09523260,33011124,1
09523260,13065972,1
09523260,27235446,1
09523260,50295356,1
09523260,83776310,1
09523260,12077482,1
09523260,19138573,1
09523260,10534199,1
09523260,52141673,1
09523260,45930578,1
09523260,46632259,1
09523260,21217025,1
09523260,53994812,1
09523260,31353578,1
09523260,22210067,1
09523260,20637353,1
09523260,58264935,1
32218488,53210341,1
32218488,50604320,1
32218488,56904767,1
32218488,46099558,1
32218488,56084186,1
32218488,55515834,1
32218488,42703472,1
13481067,18817255,1
13481067,37605145,1
13481067,31888421,1
37703341,97519130,1
05141320,22947144,1
05141320,42497894,1
05141320,42226877,1
05141320,13975918,1
05852200,15294663,1
20725561,23147576,1
00784879,40724815,1
00784879,22703189,1
00784879,15309008,1
00784879,16582075,1
17878630,33917987,1
43182281,46633075,1
43182281,45096265,1
43182281,46883917,1
43182281,48303623,1
43182281,45429712,1
43182281,47262312,1
43182281,47840357,1
43182281,43233967,1
57271936,57412589,1
57271936,57447230,1
57271936,57901144,1
57271936,57274451,1
33277835,47909493,1
26418882,31531257,1
26418882,50052069,1
26418882,50042823,1
07166434,34892620,1
07166434,55334656,1
07166434,51163250,1
10684429,43131212,1
10684429,56346714,1
10684429,44646757,1
19113461,42084429,1
19113461,52279393,1
19113461,57901736,1
19113461,41297076,1
19113461,29779458,1
19113461,47027121,1
19113461,38088444,1
19113461,54007941,1
19113461,54012325,1
11832551,44316688,1
11832551,28575953,1
51655865,57139805,1
32885424,38088444,1
32885424,41297076,1
32885424,39306305,1
32885424,63854616,1
32885424,50776147,1
32885424,44470034,1
32885424,38086505,1
32885424,52279393,1
32885424,49032101,1
32885424,47027121,1
45955214,49460205,1
45955214,54898985,1
45955214,57595213,1
53208704,63820492,1
53208704,83859231,1
10361337,48600293,1
10361337,42480597,1
10361337,44456724,1
10361337,41755716,1
33693549,51655865,1
33693549,57139805,1
33693549,41185234,1
33693549,48795831,1
10774943,14402035,1
10774943,18352188,1
10774943,11832551,1
10774943,17489587,1
24111639,28578389,1
24111639,43996246,1
24111639,50800787,1
24111639,32933619,1
24111639,29229919,1
24111639,31744670,1
21700206,54835851,1
21700206,44175488,1
21700206,31395178,1
08187836,84058981,1
08187836,19703108,1
08187836,08725744,1
08187836,37998675,1
08187836,42042106,1
08187836,12436847,1
16558094,24437317,1
16558094,22965051,1
16558094,22956778,1
00899946,27862060,1
00899946,24622016,1
00899946,27103898,1
00899946,17974572,1
00899946,25199679,1
00899946,22966329,1
00768783,07418827,1
43944195,53138231,1
43944195,55853422,1
43944195,57633381,1
43944195,55705246,1
46459672,48419861,1
46459672,83650606,1
46459672,49628310,1
04773604,18268274,1
04773604,08679561,1
04773604,06175536,1
04773604,37366665,1
04773604,20474705,1
04773604,63830889,1
04773604,08604284,1
04773604,06307350,1
04773604,14142921,1
04773604,20335130,1
04773604,51354213,1
04773604,26666570,1
04773604,06105070,1
04773604,10645837,1
04773604,83342162,1
04773604,16875649,1
04773604,28298039,1
04773604,24103019,1
04773604,48256984,1
04773604,16878140,1
04773604,07932841,1
04773604,12307469,1
04773604,08658243,1
04773604,34612325,1
04773604,52644030,1
57951217,83776310,1
22902912,28932396,1
22902912,35656907,1
22902912,46532733,1
22902912,50349654,1
22902912,49827342,1
22902912,24242352,1
22902912,45942415,1
44403421,55413071,1
44403421,54188662,1
44403421,51567044,1
37366665,63830889,1
37366665,51354213,1
37366665,83342162,1
37366665,48256984,1
37366665,52644030,1
07932878,34396959,1
07932878,45322017,1
07932878,20474705,1
07932878,34692419,1
07932878,24220440,1
07932878,44374020,1
07932878,55738822,1
07932878,16515254,1
07932878,08549558,1
07932878,23599276,1
07932878,14057335,1
07932878,32203973,1
52882279,83352807,1
52882279,52951606,1
52882279,54500090,1
14631621,56915709,1
14631621,50124913,1
14373109,52521807,1
14373109,18104871,1
14373109,54048782,1
14373109,22928991,1
20226275,48968763,1
05783082,53650948,1
05783082,55334119,1
05783082,26780889,1
14028134,24968886,1
14028134,18474448,1
13279768,24299910,1
13279768,46251157,1
13279768,23200237,1
13279768,52663521,1
13279768,32652197,1
26495569,54509964,1
26495569,32308609,1
18819000,34141749,1
08838110,19574915,1
08838110,46166002,1
08838110,11054792,1
08838110,17474408,1
04931168,36522269,1
23528778,28226844,1
23528778,47538064,1
23528778,23925091,1
23528778,29329280,1
23528778,29329396,1
23528778,37014309,1
12232180,51897840,1
11409892,19337601,1
11409892,31744670,1
11409892,23604235,1
11409892,46277507,1
11409892,26705306,1
22365949,57307107,1
22365949,51668650,1
22365949,34855718,1
42084429,44470034,1
36915933,43455347,1
24031228,57262161,1
24031228,54032852,1
24031228,63887699,1
24031228,53516343,1
24031228,24585567,1
24031228,26329036,1
20663960,47056541,1
20663960,21144580,1
47067196,47442676,1
47067196,47442492,1
18123389,18750515,1
18123389,35426559,1
18123389,18817255,1
18123389,31518742,1
18548319,50150082,1
18548319,45457749,1
18548319,53712175,1
18548319,32245462,1
20920169,41493205,1
20920169,48198589,1
20920169,44577379,1
20920169,24280011,1
47906588,83573931,1
42365622,57387226,1
42365622,42430618,1
42365622,48472865,1
42365622,54965803,1
05248067,24092424,1
05248067,07393337,1
05248067,22965051,1
05248067,17027710,1
05248067,14018809,1
24299910,46251157,1
24299910,52663521,1
24299910,32652197,1
21338309,26050345,1
21338309,22646126,1
21338309,21399950,1
21338309,28137761,1
21338309,43712622,1
21338309,28839535,1
13141538,30561198,1
13141538,21852592,1
13141538,17376894,1
13141538,26751767,1
13141538,37029327,1
13141538,19574915,1
13141538,22870183,1
13141538,27645165,1
14631621,57169353,1
14631621,57547749,1
14631621,31783432,1
09589716,33744433,1
09589716,35521714,1
09589716,15358889,1
09589716,13877821,1
09589716,11188852,1
09589716,25129117,1
09589716,18037378,1
43092012,45388597,1
19332074,30106018,1
19332074,28610706,1
19332074,45738902,1
19332074,21917642,1
19332074,83856187,1
19332074,27018915,1
41493205,48198589,1
41493205,44577379,1
06341496,15321276,1
06341496,20208108,1
06341496,10225242,1
06341496,10559828,1
06341496,37259225,1
06341496,51861676,1
04118305,52228257,1
04118305,13349467,1
04118305,32800910,1
04118305,55534246,1
04118305,51310351,1
04118305,10899584,1
04118305,23971324,1
04118305,04118334,1
04118305,50180210,1
45542777,47150118,1
45542777,54978908,1
14028134,43733001,1
14028134,18051655,1
14028134,30394439,1
14028134,47834153,1
14028134,29037515,1
41014318,45188649,1
41014318,44017269,1
09076287,34638098,1
09076287,83673434,1
09076287,44173395,1
09076287,56070207,1
09076287,26704936,1
09076287,24765057,1
01965495,55267026,1
01965495,36914145,1
01965495,09187569,1
01965495,03058698,1
04913018,56296160,1
04913018,04949426,1
04913018,22974380,1
29629465,33963982,1
29629465,49046200,1
29629465,44606157,1
38628049,49620575,1
45808161,48552524,1
45808161,83374587,1
36365162,43664533,1
36365162,83919761,1
04820684,28345039,1
04820684,36756459,1
04820684,33416812,1
27774887,48674324,1
41244771,50908405,1
41244771,46495181,1
41244771,45429714,1
41244771,47463212,1
41244771,45913897,1
41244771,52389398,1
41244771,54782060,1
41244771,45578249,1
37082268,84154608,1
37082268,42793884,1
37082268,42621451,1
42932312,51072301,1
42932312,50793030,1
42932312,50288425,1
42932312,55991912,1
18111277,58279901,1
18111277,24585147,1
18111277,43691330,1
18111277,36566244,1
18111277,83333237,1
18111277,22959779,1
18111277,83310292,1
25257333,34333640,1
25257333,29433012,1
15011981,83383638,1
15011981,23146224,1
39468581,42879168,1
39468581,53271619,1
39468581,47768563,1
39468581,57719959,1
39468581,51784670,1
39468581,58421459,1
39468581,48780328,1
39468581,54898502,1
39468581,54758331,1
24208252,48440251,1
24208252,53722842,1
24208252,50668156,1
24208252,54619214,1
24208252,54332505,1
24208252,83367219,1
24208252,47214336,1
24208252,54885487,1
52279393,57901736,1
52279393,54007941,1
52279393,54012325,1
12676701,25450139,1
12676701,39907822,1
12676701,57157601,1
12676701,42365622,1
12676701,29541134,1
12676701,83650374,1
12676701,18406599,1
12676701,48328555,1
12676701,42430618,1
12676701,55059900,1
12676701,46719213,1
12676701,13897581,1
12676701,24429020,1
12676701,23472709,1
12676701,44296529,1
12676701,46167663,1
12676701,15693111,1
12676701,49404135,1
12676701,46719330,1
12676701,25232025,1
12676701,25292639,1
12676701,54965803,1
12676701,13004042,1
12676701,14862196,1
05992814,45718999,1
05992814,83922005,1
05992814,45981155,1
44609947,83836155,1
44609947,48638604,1
44609947,49925126,1
26635014,30248459,1
34633669,83650606,1
34633669,34803644,1
02870297,10221771,1
02870297,05312424,1
02870297,07005751,1
02870297,07012285,1
02870297,10141151,1
02870297,10274836,1
02870297,10452277,1
15751670,53090342,1
15751670,53028468,1
15751670,22960942,1
15751670,54370033,1
01925252,26146336,1
01925252,17746880,1
01925252,45907772,1
01925252,35517311,1
01925252,04205550,1
01925252,11307596,1
01925252,28387089,1
01925252,43012876,1
01925252,04488941,1
01925252,08018711,1
01925252,04482508,1
01925252,10464172,1
01925252,57311619,1
01925252,44175488,1
20127020,46502075,1
20127020,27112886,1
20127020,34261920,1
20127020,38393760,1
20127020,53981615,1
20127020,42169716,1
20127020,28088981,1
20127020,30480786,1
20127020,45342072,1
20127020,34639815,1
08107424,08154120,1
08107424,11060909,1
08107424,19113461,1
08107424,40067435,1
08107424,09600303,1
08107424,38628049,1
08107424,08201747,1
08107424,09657201,1
52073091,54898502,1
52073091,58421459,1
04208540,35726153,1
04208540,23689512,1
04208540,83318022,1
04208540,27466183,1
03030497,07668180,1
03030497,83383638,1
03030497,13580079,1
03030497,37797902,1
03030497,10233096,1
03030497,33872676,1
03030497,15011981,1
03030497,10963632,1
03030497,45085822,1
57447230,57901144,1
27263285,53077471,1
27263285,41064297,1
41556977,51715500,1
41556977,50974809,1
07886277,11060909,1
07886277,19113461,1
07886277,40067435,1
07886277,09600303,1
07886277,38628049,1
07886277,09657201,1
52966267,55088212,1
52966267,54328041,1
52966267,55074806,1
55443749,55734874,1
21347373,43291259,1
33297121,44077684,1
40390227,40651924,1
40390227,42413145,1
40390227,40392132,1
40390227,40392129,1
40390227,40391475,1
40390227,40391098,1
40390227,42056628,1
20637353,83776310,1
16499871,39701877,1
16499871,52521807,1
16499871,54048782,1
16499871,36357201,1
16499871,37567308,1
16499871,46268382,1
40160490,55705246,1
55572153,55572443,1
20548007,21051472,1
20548007,54229231,1
20548007,57363999,1
20548007,31205691,1
20548007,58246272,1
20548007,53160102,1
20548007,28118627,1
20548007,32267624,1
20548007,43011102,1
20548007,22424442,1
20548007,38651268,1
20548007,40695263,1
20548007,32203973,1
45018622,49007882,1
07810527,11159109,1
07810527,09528663,1
37466456,47666291,1
37466456,45861983,1
37466456,55443749,1
37466456,54137324,1
37466456,53913111,1
37466456,55734874,1
33262190,58105098,1
33262190,42282730,1
06164013,57122594,1
06164013,57350474,1
06164013,09627328,1
06164013,17285246,1
43131212,56346714,1
43131212,44646757,1
39907822,57157601,1
39907822,42365622,1
39907822,83650374,1
39907822,48328555,1
39907822,42430618,1
39907822,55059900,1
39907822,46719213,1
39907822,44296529,1
39907822,46167663,1
39907822,49404135,1
39907822,46719330,1
39907822,54965803,1
18665213,47799899,1
18665213,23501297,1
18665213,33612205,1
18665213,39647543,1
18665213,33596603,1
12146034,48222642,1
12146034,21812198,1
12146034,27511505,1
12146034,15216051,1
12146034,29711707,1
12146034,19164024,1
12146034,31173964,1
12077482,20444075,1
12077482,37971431,1
33612205,50296978,1
33612205,43347791,1
05038542,10244952,1
05038542,57752984,1
05038542,22929707,1
32924842,47459363,1
26704555,51182934,1
22327998,50294570,1
22327998,48641053,1
22327998,53713512,1
22327998,42345486,1
22327998,57260815,1
22327998,55154690,1
31041193,36386923,1
45984694,46897094,1
45984694,52722554,1
34128570,55196070,1
34128570,53755695,1
19600440,21171923,1
19600440,57951448,1
19600440,55773754,1
19600440,83209072,1
49460205,54898985,1
49460205,57595213,1
43347791,50296978,1
51784670,57719959,1
51784670,53271619,1
51784670,56281977,1
83207902,83342162,1
52953998,57540564,1
55020034,86126653,1
52243975,53181438,1
30168673,40130287,1
30168673,55946671,1
30168673,39548829,1
13580079,83383638,1
13580079,37797902,1
13580079,33872676,1
13580079,15011981,1
13580079,45085822,1
28345039,36756459,1
28345039,33416812,1
08240622,36915933,1
08240622,43455347,1
35440665,55900198,1
35440665,41931566,1
35440665,51480797,1
21526029,49335807,1
21526029,43323685,1
09203053,45270332,1
09203053,12745604,1
09203053,63873012,1
09203053,46236636,1
09203053,42113124,1
09203053,40604428,1
09203053,44644852,1
09203053,84260843,1
47490823,63887202,1
47490823,52364224,1
09282222,14401775,1
09282222,27482326,1
09282222,46425851,1
09282222,20010590,1
09282222,42362820,1
09282222,36175231,1
09282222,30897936,1
09282222,10942627,1
09282222,17750713,1
21399950,26050345,1
21399950,22646126,1
21399950,28137761,1
21399950,43712622,1
21399950,28839535,1
02072400,32903815,1
04898698,53090342,1
04898698,53028468,1
04898698,54370033,1
02729304,04978201,1
02729304,24090419,1
02729304,56973785,1
02729304,54149287,1
02729304,83577494,1
02729304,56901344,1
22947144,30848070,1
04978201,56973785,1
04978201,56901344,1
04978201,37497562,1
04978201,14334634,1
04978201,24090419,1
04978201,18124153,1
04978201,54149287,1
04978201,83577494,1
04978201,32795299,1
03374268,04933982,1
03374268,45746520,1
03374268,39343054,1
03374268,49475654,1
26805909,37082268,1
26805909,84154608,1
26805909,42793884,1
26805909,42621451,1
42411612,46734773,1
34192343,53610428,1
34192343,55597833,1
34192343,54828778,1
34192343,51666647,1
34192343,57435663,1
34192343,58356738,1
34192343,57859703,1
39640595,57446082,1
46268382,50560053,1
46268382,48905225,1
46268382,50473993,1
11158828,14373109,1
11158828,44246433,1
11158828,37567308,1
11158828,39701877,1
11158828,16455522,1
11158828,14484483,1
11158828,12703882,1
11158828,19532039,1
11158828,13313677,1
11158828,16845198,1
11158828,14625319,1
11158828,16499871,1
11158828,46084556,1
11158828,36357201,1
11158828,12703958,1
11158828,11188852,1
11158828,27015623,1
11158828,14376007,1
11158828,14603843,1
11158828,11339572,1
11158828,12497824,1
11158828,50841256,1
11158828,46268382,1
11158828,16455543,1
15340397,35547749,1
27444079,53049754,1
27444079,38145465,1
27444079,45383755,1
27444079,51649951,1
27444079,35516935,1
27491793,38628049,1
27491793,34661223,1
27491793,49620575,1
27491793,27491827,1
34612325,83214148,1
44618737,54574337,1
28399610,57271936,1
28399610,52904599,1
28399610,54337634,1
28399610,37894564,1
28399610,55838925,1
28399610,57412589,1
28399610,48534725,1
28399610,57256870,1
28399610,54619214,1
28399610,36253093,1
28399610,42165186,1
28399610,51576885,1
28399610,57447230,1
28399610,57901144,1
28399610,57274451,1
28399610,48528560,1
28399610,55335287,1
20990397,22380291,1
20990397,53208704,1
20990397,44951938,1
20990397,46020659,1
20990397,20990430,1
20990397,63820492,1
20990397,83859231,1
20990397,52203046,1
03374268,33277835,1
03374268,47909493,1
03374268,26821997,1
19190380,45984694,1
19190380,46897094,1
19190380,52722554,1
12429651,31205691,1
12429651,16515254,1
12429651,40695263,1
12429651,20548007,1
12429651,20474705,1
12429651,21051472,1
12429651,58246272,1
12429651,38651268,1
12429651,32203973,1
12429651,43011102,1
12429651,54229231,1
12429651,15465846,1
12429651,57363999,1
12429651,22993378,1
57211830,83368993,1
48468765,54778102,1
48468765,83352807,1
48468765,49582386,1
46719213,46719330,1
07910811,52610053,1
07910811,20226275,1
07910811,12100025,1
07910811,57688154,1
07910811,45945702,1
07910811,83325381,1
07910811,46881535,1
07910811,52938394,1
07910811,55127081,1
07910811,44992655,1
07910811,46325572,1
07910811,24701795,1
07910811,33820664,1
07910811,42507899,1
07910811,45936724,1
07910811,53571951,1
07910811,24947034,1
07910811,45942603,1
07910811,45936725,1
07910811,20344098,1
07910811,22942965,1
07910811,50965558,1
07910811,43608949,1
54790193,57726453,1
08739301,55682395,1
08739301,54888684,1
08739301,10345883,1
08739301,20552960,1
20318219,46182869,1
20318219,22929707,1
20318219,44125923,1
20318219,22613198,1
20318219,54602056,1
22711023,37567308,1
22711023,46268382,1
22711023,44246433,1
22711023,46084556,1
22711023,54681456,1
22711023,39701877,1
22711023,36357201,1
10453809,32074588,1
10453809,32061497,1
10453809,37022648,1
10453809,21286441,1
10453809,32787548,1
10453809,13389856,1
40364475,40851668,1
05024583,18548319,1
05024583,57169353,1
05024583,56915709,1
05024583,08904510,1
05024583,50124913,1
05024583,19954308,1
05024583,57547749,1
05024583,07031623,1
05024583,46423577,1
05024583,31783432,1
22860105,83888164,1
11344254,46527197,1
11344254,36904570,1
11344254,57167357,1
11344254,83319640,1
11344254,18708608,1
11344254,39497472,1
11344254,83919381,1
57363999,58246272,1
35848562,51480797,1
35848562,44774200,1
35848562,55178104,1
35848562,48145943,1
33560445,39634561,1
33560445,48256560,1
33560445,43922374,1
15752934,29967625,1
15752934,50086253,1
15752934,26773334,1
15752934,34847855,1
15752934,17185268,1
15752934,43406576,1
21171923,83836155,1
21171923,48638604,1
21171923,37372893,1
21171923,49925126,1
38006053,49079313,1
46268382,54681456,1
09163060,48865977,1
27114189,42282730,1
27114189,35710975,1
33744433,35521714,1
11438135,57372381,1
11438135,15006343,1
11438135,15652417,1
11438135,18983720,1
11438135,16739367,1
06105070,26666570,1
06105070,83342162,1
06105070,51354213,1
06105070,20335130,1
06105070,41034185,1
06105070,06175536,1
06105070,17126371,1
06105070,28809856,1
06105070,28298039,1
06105070,34612325,1
41507783,57043963,1
04900684,04986493,1
04900684,04986485,1
04900684,41749943,1
00687730,40364475,1
00687730,40196036,1
00687730,21403781,1
00687730,16849811,1
00687730,40851668,1
15087218,46515622,1
04513417,44618737,1
13505538,44962086,1
13505538,39684938,1
13505538,56925048,1
13505538,51046785,1
13505538,84137991,1
09101211,24648824,1
07090782,23319181,1
07090782,17458616,1
07090782,34733870,1
07090782,27722405,1
07863507,83346940,1
07863507,28695170,1
42621451,42793884,1
42621451,46286669,1
42621451,84154608,1
42621451,45245872,1
30561198,37029327,1
14055768,17329935,1
14055768,30680195,1
14055768,53121520,1
14055768,26892234,1
14055768,50446091,1
14055768,57711501,1
09396095,10771275,1
09396095,40160490,1
09396095,34919721,1
09396095,17489587,1
09396095,11832551,1
09396095,30532710,1
09396095,18352188,1
09396095,14402035,1
09396095,55705246,1
04907176,04972915,1
04907176,46453950,1
03898841,58185613,1
00689953,26634582,1
00689953,04936852,1
00689953,02644085,1
00689953,83347427,1
00689953,45794655,1
55074806,55088212,1
04896379,29967625,1
04896379,15752934,1
04896379,50086253,1
04896379,26773334,1
04896379,12620846,1
04896379,34847855,1
04896379,09320398,1
04896379,05416839,1
04896379,17185268,1
04896379,15280902,1
04896379,43406576,1
04896379,11654469,1
04896379,05321252,1
04896379,05551841,1
03945054,21051472,1
03945054,54229231,1
03945054,20548007,1
03945054,57363999,1
03945054,15465846,1
03945054,31205691,1
03945054,12089293,1
03945054,11300826,1
03945054,58246272,1
03945054,53160102,1
03945054,20474705,1
03945054,28118627,1
03945054,32267624,1
03945054,16515254,1
03945054,22993378,1
03945054,29320798,1
03945054,43011102,1
03945054,22424442,1
03945054,12429651,1
03945054,38651268,1
03945054,40695263,1
03945054,32203973,1
46633075,46883917,1
46633075,48303623,1
46633075,47262312,1
46633075,47840357,1
22960942,57122594,1
22960942,57350474,1
41981831,42932312,1
41981831,51072301,1
41981831,50793030,1
41981831,42048940,1
41981831,50288425,1
41981831,55991912,1
42636574,54933735,1
42636574,55062134,1
01941995,40919178,1
01941995,51218898,1
01941995,09268385,1
01941995,19943304,1
11402883,44463761,1
11402883,56964544,1
11402883,58199211,1
11402883,55537919,1
11402883,44639331,1
11402883,44075904,1
11402883,55600414,1
11402883,52966267,1
11402883,21602323,1
28098088,50180210,1
28098088,52228257,1
28098088,52724925,1
28098088,83584920,1
07012285,10274836,1
07012285,10452277,1
07012285,44609158,1
07012285,14893907,1
07012285,13603497,1
37657858,50735105,1
37657858,52628936,1
37657858,50190985,1
37657858,37700829,1
57589252,63883672,1
07019806,10361337,1
07019806,48600293,1
07019806,42480597,1
07019806,44456724,1
07019806,41755716,1
06980426,83838839,1
06980426,17872860,1
06980426,50266478,1
06980426,08762127,1
06980426,12963640,1
06980426,27854205,1
53620896,53620897,1
53620896,58447768,1
53620896,53874270,1
53620896,55207387,1
53620896,55273088,1
53620896,54782375,1
53620896,56090606,1
53620896,54545658,1
53620896,53874267,1
37567308,52521807,1
37567308,50560053,1
37567308,48905225,1
37567308,50473993,1
37567308,48905309,1
19414832,31646791,1
19414832,29188492,1
19414832,23858415,1
46519597,56009776,1
46519597,58341070,1
57035228,57435663,1
57035228,57859703,1
57750106,83297515,1
49404135,57157601,1
06153285,33850897,1
06153285,44470034,1
06153285,07887094,1
06153285,57901736,1
06153285,09058202,1
06153285,54007941,1
06153285,42084429,1
06153285,29144248,1
06153285,54012325,1
16455522,39701877,1
16455522,19532039,1
16455522,16845198,1
16455522,36357201,1
16455522,27015623,1
16455522,50841256,1
16455522,16455543,1
44246433,54048782,1
45718999,83922005,1
45718999,45981155,1
53610428,55597833,1
53610428,54828778,1
53610428,57435663,1
53610428,58356738,1
53610428,57859703,1
17621820,32007827,1
17621820,53014913,1
17621820,45322017,1
17621820,56660430,1
17621820,54885487,1
17621820,53722842,1
50383902,84189950,1
50383902,55033552,1
04362475,36715003,1
04362475,57750106,1
04250280,42308659,1
04250280,23006602,1
04250280,10891580,1
07939729,52882279,1
07939729,36472393,1
07939729,83352807,1
07939729,52951606,1
07939729,54500090,1
43275147,48546635,1
43275147,83367466,1
17266557,26050345,1
17266557,22646126,1
17266557,21338309,1
17266557,21399950,1
17266557,28137761,1
17266557,18516869,1
17266557,43712622,1
17266557,17327944,1
17266557,28839535,1
57157601,83650374,1
21812198,48222642,1
21812198,27511505,1
21812198,29711707,1
21812198,31173964,1
44951938,53208704,1
44951938,46020659,1
44951938,63820492,1
44951938,83859231,1
44951938,52203046,1
36472393,52882279,1
36472393,83352807,1
36472393,52951606,1
36472393,54500090,1
45270332,63873012,1
45270332,46236636,1
45270332,84260843,1
14727334,50231311,1
14727334,63807010,1
14727334,26774151,1
14727334,57832184,1
14727334,48089475,1
14727334,36756496,1
14727334,37088883,1
14727334,51768121,1
14727334,63804116,1
14727334,83580423,1
14727334,26605604,1
14727334,83733212,1
14727334,52805783,1
51621954,52350217,1
51621954,53304488,1
54414413,97519130,1
54414413,58368647,1
21783481,22326952,1
34684399,49944478,1
48661347,48667370,1
48661347,57859208,1
48661347,48661389,1
48661347,52082507,1
13313677,39701877,1
13313677,52521807,1
13313677,14373109,1
13313677,44246433,1
13313677,46268382,1
13313677,16455522,1
13313677,14625319,1
13313677,16499871,1
13313677,36357201,1
13313677,14376007,1
13313677,14603843,1
13313677,37567308,1
13313677,46084556,1
13313677,18104871,1
13313677,54048782,1
13313677,14484483,1
13313677,22928991,1
10990854,45636574,1
10990854,83650606,1
10990854,34857185,1
10990854,37315565,1
10990854,41296776,1
10990854,19021119,1
29139267,63801575,1
29139267,51212032,1
09303787,37567308,1
09303787,18104871,1
09303787,22711023,1
09303787,46268382,1
09303787,14484483,1
09303787,14603843,1
09303787,13313677,1
09303787,10243905,1
09303787,12703882,1
09303787,12703958,1
09303787,16499871,1
09303787,44246433,1
09303787,09423857,1
09303787,11339572,1
09303787,10759158,1
09303787,46084556,1
09303787,12497824,1
09303787,16455522,1
09303787,11188852,1
09303787,11158828,1
09303787,54681456,1
09303787,14373109,1
09303787,39701877,1
09303787,36357201,1
04468348,63875165,1
04468348,26751767,1
04468348,10510596,1
04468348,21852592,1
04468348,17376894,1
04468348,04940478,1
04468348,04945692,1
04468348,10443098,1
56925048,58415768,1
08186498,84058981,1
08186498,08187836,1
08186498,19703108,1
08186498,08725744,1
08186498,37998675,1
08186498,42042106,1
08186498,12436847,1
22426242,63851000,1
29263806,48622839,1
08725744,12436847,1
08725744,37998675,1
08725744,30668020,1
03444010,13141538,1
03444010,10313085,1
29751618,39786136,1
29751618,37696690,1
29751618,55572124,1
20547974,29982883,1
20547974,34808701,1
20547974,23528778,1
20547974,48661347,1
20547974,28226844,1
20547974,47538064,1
20547974,23925091,1
20547974,29329280,1
20547974,29329396,1
20547974,47858418,1
20547974,48667370,1
20547974,57859208,1
20547974,48661389,1
20547974,24902119,1
20547974,52082507,1
20547974,37014309,1
20547974,48661339,1
33508320,52009675,1
33508320,46198824,1
04912788,04927695,1
04912788,45225921,1
04912788,22703640,1
04912788,49339816,1
55624004,57426015,1
43335260,54609071,1
45883575,49404135,1
45883575,57157601,1
31596625,34922634,1
31596625,51671142,1
31596625,34101173,1
05574132,34906263,1
34834598,50121556,1
34114178,41491324,1
34114178,55568217,1
56901344,83577494,1
56901344,57054467,1
17794978,53999238,1
17794978,50652832,1
10759158,14373109,1
10759158,14603843,1
10759158,12703882,1
10759158,46268382,1
10759158,14625319,1
10759158,14484483,1
10759158,11158828,1
10759158,16455522,1
10759158,12497824,1
10759158,16499871,1
10759158,14376007,1
10759158,39701877,1
10759158,36357201,1
10759158,37567308,1
04893996,50507356,1
04893996,05339288,1
04893996,07260921,1
32805191,38460522,1
05005533,28681208,1
05005533,49419600,1
04708210,46556522,1
40184742,58341070,1
14128175,14913641,1
14128175,44165332,1
14128175,50687033,1
14128175,47371485,1
14128175,37097695,1
29852798,54337634,1
10849832,35304059,1
10849832,47610923,1
10849832,41449903,1
10849832,51098407,1
09268761,49084736,1
09268761,31055224,1
17086225,32984883,1
17086225,20237030,1
17086225,30592548,1
18819000,31365986,1
38263933,54352353,1
38263933,49976150,1
38263933,83311464,1
38263933,58312931,1
38263933,54049487,1
20663960,32308609,1
20663960,30107701,1
20663960,30108825,1
20663960,30129747,1
20663960,30108077,1
14913641,44165332,1
14913641,50687033,1
14913641,47371485,1
14913641,37097695,1
83319640,83919381,1
54885487,55775552,1
54885487,56660430,1
14860686,21316388,1
07393337,24092424,1
07393337,22965051,1
07393337,17027710,1
07393337,14018809,1
34661223,38628049,1
34661223,49620575,1
27854205,47028454,1
27854205,56919782,1
19568145,48520164,1
19568145,21623664,1
19568145,56607226,1
19568145,32783115,1
19568145,54082777,1
19568145,37527386,1
19568145,39849493,1
19568145,42493984,1
07008973,20725561,1
26634582,53043724,1
10899584,27935968,1
10899584,55534246,1
10899584,52228257,1
04572038,07161493,1
04572038,53276456,1
04572038,43842338,1
04572038,44734215,1
04572038,25054717,1
12429651,29320798,1
17180581,32928172,1
17180581,84154442,1
30797118,37894564,1
30797118,47214336,1
30797118,49275814,1
30797118,54619214,1
53722842,54332505,1
53722842,56660430,1
53722842,54885487,1
53722842,55775552,1
26634582,83347427,1
26634582,45794655,1
35726153,83318022,1
34857185,45636574,1
34857185,83650606,1
34857185,37315565,1
34857185,41296776,1
09588423,43577143,1
09588423,40117474,1
09588423,22983316,1
40169079,43996791,1
40169079,45151564,1
40169079,54007508,1
32137431,43335260,1
32137431,54609071,1
32137431,35868114,1
32137431,35674433,1
02799416,43163459,1
02799416,04868040,1
02799416,43762317,1
02799416,21490094,1
11171191,27283131,1
11171191,47074615,1
11171191,28802660,1
11171191,18596380,1
11171191,31263248,1
11171191,57871692,1
11171191,49706701,1
11171191,42155025,1
24239365,39364694,1
24239365,40777482,1
24239365,34920843,1
24239365,49747088,1
03516881,22796979,1
03516881,48057294,1
03516881,26634582,1
03516881,10697375,1
04993390,33917788,1
04993390,14564858,1
04993390,20990397,1
04993390,20990430,1
04993390,14145403,1
04993390,57222755,1
04993390,12918898,1
04993390,31364863,1
04993390,63820492,1
04993390,15648147,1
04993390,05149879,1
25232025,42365622,1
25232025,57387226,1
25232025,27462525,1
25232025,42430618,1
25232025,48472865,1
25232025,25292639,1
25232025,54965803,1
27491714,38628049,1
27491714,27491793,1
27491714,34661223,1
27491714,49620575,1
27491714,27491827,1
13006347,57412589,1
11358828,44316688,1
11358828,11832551,1
11358828,28575953,1
06037193,42165186,1
06037193,57888682,1
06037193,06957217,1
06037193,28941775,1
06037193,19698084,1
43291259,55037698,1
43291259,44609947,1
43291259,45807994,1
43291259,46005113,1
43291259,52191322,1
08401854,56389239,1
08401854,97541765,1
07481452,15249867,1
07481452,25150035,1
07481452,15671192,1
07481452,41463606,1
07481452,10404940,1
28681268,43182281,1
28681268,46633075,1
28681268,45096265,1
28681268,46883917,1
28681268,48303623,1
28681268,40195862,1
28681268,45429712,1
28681268,47262312,1
28681268,30188335,1
28681268,29247839,1
28681268,47840357,1
28681268,43233967,1
01055729,63873012,1
01055729,36638478,1
01055729,13505704,1
01055729,54779266,1
01055729,58421459,1
01055729,54168712,1
01055729,51583724,1
01055729,57486261,1
09447754,18316790,1
09447754,18249506,1
09447754,55391330,1
09447754,31157457,1
09447754,83874859,1
04730412,08068245,1
04730412,11050213,1
04730412,05905647,1
32190397,54662724,1
49995070,52953919,1
49995070,83310177,1
47768563,53271619,1
47768563,57719959,1
47768563,51784670,1
47768563,58421459,1
47768563,48780328,1
47768563,54898502,1
47768563,54758331,1
10898350,10942018,1
09058202,33850897,1
09058202,44470034,1
09058202,57901736,1
09058202,54007941,1
09058202,42084429,1
09058202,29144248,1
09058202,54012325,1
01831006,22929707,1
01831006,44125923,1
04887055,27126551,1
04887055,22710690,1
54545658,55273088,1
54545658,56090606,1
54545658,55207387,1
54545658,58447768,1
54545658,54782375,1
28530084,44592083,1
28530084,57372381,1
50473993,54545658,1
50473993,51357212,1
50473993,53874270,1
50473993,50560053,1
50473993,53620896,1
50473993,55273088,1
50473993,56090606,1
50473993,55207387,1
50473993,58447768,1
50473993,54782375,1
50473993,53874267,1
50473993,53620897,1
53688481,57585889,1
53688481,57585885,1
53688481,57585886,1
53688481,57586681,1
53688481,57859208,1
53688481,57586823,1
53688481,57586012,1
19414832,48287224,1
41365205,83308593,1
41365205,51507395,1
51072301,55991912,1
63807010,83580423,1
63807010,83733212,1
40392132,40651924,1
40392132,42056628,1
40392132,42413145,1
57122594,57350474,1
46084556,48905309,1
46084556,54545658,1
46084556,50473993,1
46084556,51357212,1
46084556,53874270,1
46084556,50560053,1
46084556,53620896,1
46084556,55273088,1
46084556,48905225,1
46084556,56090606,1
46084556,55207387,1
46084556,58447768,1
46084556,54782375,1
46084556,53874267,1
46084556,53620897,1
03656447,22365949,1
41713084,52508294,1
41713084,51646160,1
46992361,55655333,1
13850655,17946404,1
13850655,53634498,1
02028485,03547690,1
02028485,04993390,1
02028485,51567127,1
02028485,63820492,1
02028485,20990430,1
02028485,12918898,1
02028485,43598601,1
02028485,52203046,1
02028485,24834742,1
02028485,14145403,1
02028485,15648147,1
02028485,33917788,1
02028485,38028570,1
02028485,20990397,1
02028485,05149879,1
02028485,14564858,1
02028485,63807010,1
02028485,50564262,1
38399727,44949723,1
30821804,30821818,1
30821804,42034608,1
30821804,52192449,1
30821804,45344812,1
04551677,10764491,1
51299309,52111632,1
15216051,32203164,1
15216051,19164024,1
15216051,44139918,1
15216051,29711707,1
15216051,31173964,1
15216051,48222642,1
15216051,21812198,1
15216051,27511505,1
07382188,44101099,1
07382188,39836313,1
07382188,48340963,1
05944959,12146034,1
05944959,48222642,1
05944959,21812198,1
05944959,27511505,1
05944959,15216051,1
05944959,29711707,1
05944959,19164024,1
05944959,31173964,1
45125013,51098407,1
17428279,33508320,1
17428279,52009675,1
17428279,46198824,1
17428279,19206232,1
13481344,54109803,1
13481344,50700607,1
13481344,52924532,1
13481344,54653109,1
13481344,32708054,1
48661389,53688481,1
48661389,57585889,1
48661389,57585885,1
48661389,57585886,1
48661389,57586681,1
48661389,57859208,1
48661389,52082507,1
48661389,48667370,1
48661389,57586823,1
48661389,57586012,1
53999238,56212443,1
20208108,37259225,1
20208108,51861676,1
28932396,35656907,1
28932396,46532733,1
28932396,50349654,1
28932396,49827342,1
28932396,45942415,1
15323397,55416678,1
15323397,41409445,1
15323397,58312803,1
15323397,37980824,1
11140735,57271936,1
11140735,28399610,1
11140735,25257333,1
11140735,52904599,1
11140735,54337634,1
11140735,37894564,1
11140735,55838925,1
11140735,57412589,1
11140735,19667707,1
11140735,48534725,1
11140735,28592039,1
11140735,13006347,1
11140735,15522348,1
11140735,57256870,1
11140735,54619214,1
11140735,30797118,1
11140735,36253093,1
11140735,42165186,1
11140735,51576885,1
11140735,57447230,1
11140735,57901144,1
11140735,57274451,1
11140735,48528560,1
11140735,55335287,1
30776537,44660813,1
30776537,53962062,1
39491373,57951217,1
39491373,47376279,1
39491373,42042237,1
39491373,83776310,1
32061497,32074588,1
32061497,37022648,1
32061497,32787548,1
56954617,83347427,1
13542805,25386433,1
22427083,39904597,1
22427083,38493454,1
22427083,26209413,1
22427083,30883226,1
20012838,46131099,1
05604356,17329935,1
05604356,30680195,1
05604356,14055768,1
05604356,53121520,1
05604356,26892234,1
05604356,50446091,1
05604356,57711501,1
07982667,22414625,1
07982667,63851000,1
07982667,29576393,1
05726120,11353934,1
05726120,10293999,1
05726120,52722554,1
16821155,57211830,1
46020659,53208704,1
46020659,63820492,1
46020659,83859231,1
46020659,52203046,1
11248496,55062107,1
11248496,32547311,1
11248496,12094545,1
03597636,43543406,1
03597636,04748231,1
03597636,13898557,1
46734773,51870722,1
07161493,53276456,1
07161493,43842338,1
07161493,44734215,1
07161493,25054717,1
09110955,14373109,1
09110955,44246433,1
09110955,10760586,1
09110955,37567308,1
09110955,39701877,1
09110955,11158828,1
09110955,16455522,1
09110955,14484483,1
09110955,09687570,1
09110955,12703882,1
09110955,19532039,1
09110955,13313677,1
09110955,16845198,1
09110955,14625319,1
09110955,10243905,1
09110955,16499871,1
09110955,09589716,1
09110955,46084556,1
09110955,11058976,1
09110955,09303787,1
09110955,36357201,1
09110955,12703958,1
09110955,11188852,1
09110955,27015623,1
09110955,14376007,1
09110955,14603843,1
09110955,11339572,1
09110955,12497824,1
09110955,09423857,1
09110955,10759158,1
09110955,50841256,1
09110955,46268382,1
09110955,16455543,1
02148655,17192091,1
02148655,03760601,1
02148655,20637538,1
56973785,83577494,1
26634582,30047480,1
11234395,55020034,1
11234395,50555792,1
11234395,86126653,1
46268382,54048782,1
13540164,50231311,1
13540164,14727334,1
13540164,63807010,1
13540164,26774151,1
13540164,57832184,1
13540164,48089475,1
13540164,36756496,1
13540164,37088883,1
13540164,51768121,1
13540164,63804116,1
13540164,13697835,1
13540164,83580423,1
13540164,26605604,1
13540164,83733212,1
13540164,52805783,1
30090866,34309741,1
30090866,34859124,1
30108825,50762504,1
30108825,30129747,1
29247839,45096265,1
29247839,45429712,1
29247839,46883917,1
29247839,30188335,1
29247839,47840357,1
29247839,48143438,1
02729304,55267026,1
02729304,36914145,1
02729304,09187569,1
02729304,03058698,1
26774151,50231311,1
26774151,63807010,1
26774151,57832184,1
26774151,48089475,1
26774151,36756496,1
26774151,37088883,1
26774151,51768121,1
26774151,63804116,1
26774151,83580423,1
26774151,83733212,1
26774151,52805783,1
42365622,57157601,1
42365622,83650374,1
42365622,48328555,1
42365622,55059900,1
42365622,46719213,1
42365622,44296529,1
42365622,46167663,1
42365622,49404135,1
42365622,46719330,1
13441262,55335287,1
13441262,57447230,1
13441262,52904599,1
13441262,51576885,1
13441262,54337634,1
13441262,57901144,1
13441262,15522348,1
13441262,57271936,1
13441262,48514425,1
13441262,37894564,1
13441262,42165186,1
13441262,19667707,1
13441262,48534725,1
13441262,57412589,1
13441262,44623180,1
13441262,57256870,1
13441262,55838925,1
15887193,35517834,1
18516869,51480797,1
18516869,35848562,1
18516869,25257333,1
18516869,32708852,1
18516869,44774200,1
18516869,55178104,1
18516869,35440665,1
18516869,48145943,1
56070207,83673434,1
56070207,83898387,1
55719309,57080615,1
55719309,57155797,1
55719309,56964544,1
55719309,56196880,1
55719309,56197324,1
55719309,57354388,1
55719309,56197605,1
55719309,57505264,1
35140119,57348829,1
35140119,56187505,1
40283599,42528665,1
42268743,48865977,1
00768793,46992361,1
00768793,05402904,1
00768793,35932606,1
00768793,22924203,1
00768793,14721070,1
00768793,49493875,1
11411491,48440251,1
11411491,24208252,1
11411491,53722842,1
11411491,50668156,1
11411491,54619214,1
11411491,54332505,1
11411491,83367219,1
11411491,47214336,1
11411491,54885487,1
18123389,23322870,1
18123389,55569173,1
18123389,30944772,1
18123389,42456738,1
18123389,51496129,1
18123389,48722769,1
18123389,24197682,1
18123389,20782464,1
18123389,29118884,1
18123389,48057302,1
18123389,57288974,1
18123389,57843588,1
09268761,16991990,1
09268761,12956302,1
31671814,43335260,1
31671814,32137431,1
31671814,54609071,1
31671814,35868114,1
31671814,35674433,1
52904599,55335287,1
52904599,57447230,1
52904599,54337634,1
52904599,57901144,1
52904599,57271936,1
52904599,57412589,1
52904599,57256870,1
52904599,55838925,1
26634582,33102290,1
05783082,54508352,1
05783082,58251827,1
05783082,57458124,1
14401775,27482326,1
14401775,46425851,1
14401775,20010590,1
14401775,42362820,1
14401775,36175231,1
14401775,30897936,1
14401775,17750713,1
10829499,13357662,1
10829499,30168673,1
10829499,40130287,1
10829499,23614691,1
10829499,24504221,1
10829499,55946671,1
10829499,39548829,1
10829499,18009695,1
46321970,57528712,1
57832184,63807010,1
57832184,63804116,1
57832184,83580423,1
57832184,83733212,1
35518033,38478093,1
08838110,43335260,1
08838110,32137431,1
08838110,31671814,1
08838110,54609071,1
08838110,17680127,1
08838110,11339503,1
08838110,14884312,1
08838110,35868114,1
08838110,35674433,1
17062826,24239365,1
17062826,41507783,1
17062826,40777481,1
49820503,52194725,1
49820503,53269040,1
10824588,19954308,1
10824588,30214709,1
10824588,46423577,1
10824588,21665630,1
10824588,34679456,1
10824588,15415504,1
10824588,50150082,1
10824588,18548319,1
30821818,42034608,1
30821818,52192449,1
30821818,45344812,1
07593016,14556222,1
07593016,56660430,1
40130287,55946671,1
57635372,58188878,1
01821104,15257090,1
01821104,17504307,1
01821104,08698617,1
01821104,19834369,1
01821104,04918447,1
11175810,49335807,1
11175810,42207536,1
10452277,44609158,1
10452277,14893907,1
10452277,13603497,1
50708096,57370622,1
50708096,56936038,1
50708096,54850493,1
49084736,49915450,1
46315117,54277533,1
46315117,51023682,1
46315117,47498041,1
46315117,52041941,1
46315117,55590398,1
03784606,31328713,1
03784606,83650606,1
03784606,41309954,1
03784606,05632999,1
04657532,08068245,1
04657532,04730412,1
04657532,11050213,1
04657532,05905647,1
08985066,50231311,1
08985066,14727334,1
08985066,63807010,1
08985066,13540164,1
08985066,26774151,1
08985066,57832184,1
08985066,48089475,1
08985066,36756496,1
08985066,37088883,1
08985066,51768121,1
08985066,63804116,1
08985066,13697835,1
08985066,83580423,1
08985066,26605604,1
08985066,83733212,1
08985066,52805783,1
11257217,29478536,1
11257217,51602879,1
11257217,24486972,1
11257217,12323900,1
11257217,41949880,1
11257217,63870406,1
11257217,19259160,1
03822978,83374231,1
03822978,83319640,1
01883160,09202012,1
01883160,43998797,1
01883160,03654853,1
01883160,47401879,1
01883160,57012991,1
01883160,57019757,1
01883160,40169079,1
01883160,29539337,1
01883160,05878896,1
01883160,27935946,1
83214148,83342162,1
50735105,52628936,1
45096265,46633075,1
45096265,46883917,1
45096265,48303623,1
45096265,45429712,1
45096265,47262312,1
45096265,47840357,1
56964544,58199211,1
12049758,26634582,1
12049758,30047480,1
42362820,46425851,1
06814098,42338125,1
06814098,11575647,1
06814098,24819389,1
06814098,11144040,1
06814098,52781311,1
26773334,29967625,1
26773334,50086253,1
26773334,34847855,1
26773334,43406576,1
44907113,46262578,1
44907113,55190812,1
44907113,53999238,1
48552524,83374587,1
14484483,39701877,1
14484483,14603843,1
14484483,16499871,1
14484483,16455522,1
14484483,14625319,1
14484483,16455543,1
14484483,52521807,1
14484483,54048782,1
14484483,36357201,1
14484483,37567308,1
14484483,46268382,1
12852303,20460412,1
12852303,46515622,1
12852303,13432814,1
12852303,42351594,1
53752478,57285529,1
53752478,83914226,1
43104321,46714247,1
43104321,44129140,1
55273088,58447768,1
55273088,56090606,1
40451386,45724494,1
40451386,57243881,1
44376413,55402313,1
29144626,41397871,1
29144626,43403561,1
29144626,56335061,1
29144626,55903468,1
16455522,54048782,1
48256984,83342162,1
48256984,63830889,1
48256984,51354213,1
27141093,55177767,1
27141093,57166504,1
27141093,42891238,1
31997431,40992970,1
31997431,38179098,1
31997431,57528712,1
16455522,18104871,1
16455522,22928991,1
22100264,41186603,1
22100264,37814743,1
22100264,32889202,1
22100264,26209129,1
18375101,55584794,1
18375101,41555765,1
28137761,43712622,1
28137761,28839535,1
42517074,55438214,1
51354213,83207902,1
44175488,54835851,1
05149879,22380291,1
05149879,53208704,1
05149879,20990397,1
05149879,44951938,1
05149879,46020659,1
05149879,12918898,1
05149879,14564858,1
05149879,20990430,1
05149879,14145403,1
05149879,63820492,1
05149879,83859231,1
05149879,52203046,1
05149879,15648147,1
31836940,49987277,1
31836940,43119085,1
19339404,51511356,1
18817255,47490823,1
18817255,31888227,1
18817255,35336252,1
18817255,43724649,1
18817255,42053547,1
18817255,63887202,1
18817255,52364224,1
18817255,44118671,1
18817255,26634582,1
21810514,58218616,1
21810514,32564773,1
21810514,32535724,1
33011124,50295356,1
33011124,83776310,1
33011124,52141673,1
33011124,45930578,1
33011124,46632259,1
33011124,53994812,1
33011124,58264935,1
05484088,28860289,1
05484088,55903468,1
05484088,29144626,1
05484088,41397871,1
05484088,56335061,1
05484088,11090652,1
05484088,43403561,1
05484088,16630928,1
26184356,40590277,1
26184356,46513029,1
26184356,42480401,1
05610038,32074588,1
05610038,10453809,1
05610038,32061497,1
05610038,37022648,1
05610038,21286441,1
05610038,05753671,1
05610038,32787548,1
05610038,06333651,1
05610038,13389856,1
12146034,32203164,1
12146034,44139918,1
35656907,46532733,1
35656907,50349654,1
35656907,49827342,1
35656907,45942415,1
45334700,53769781,1
33596603,33612205,1
33596603,39647543,1
33596603,47799899,1
07917383,12867278,1
07917383,46903675,1
07917383,08838110,1
07917383,46166002,1
07917383,53066181,1
07917383,17474408,1
27587364,44752436,1
27587364,58032296,1
11173735,40695263,1
11173735,21565737,1
19113461,40067435,1
19113461,28843268,1
09231635,52508294,1
09231635,41713084,1
09231635,09231652,1
09231635,51646160,1
12214951,23528778,1
12214951,33714406,1
12214951,47858418,1
12214951,53688481,1
12214951,48661389,1
12214951,15741754,1
12214951,57585889,1
12214951,34808701,1
12214951,19614800,1
12214951,57585885,1
12214951,57585886,1
12214951,19266161,1
12214951,48661339,1
12214951,24574133,1
12214951,29329295,1
12214951,57586681,1
12214951,29982883,1
12214951,57859208,1
12214951,17094854,1
12214951,52082507,1
12214951,14082648,1
12214951,48661347,1
12214951,24902119,1
12214951,20547974,1
12214951,48667370,1
12214951,29460787,1
12214951,57586823,1
12214951,57586012,1
19432332,33963982,1
19432332,56925052,1
19432332,29629465,1
19432332,22061323,1
19432332,35027399,1
15280902,18700004,1
10358896,11330983,1
10358896,58280732,1
34891754,40015013,1
34891754,51375431,1
34891754,37438204,1
34891754,53327451,1
27462525,42365622,1
27462525,57387226,1
27462525,42430618,1
27462525,48472865,1
27462525,54965803,1
34020981,83764449,1
34020981,53871498,1
34020981,57589409,1
34020981,50909961,1
34020981,56384215,1
34020981,50668156,1
15741754,23528778,1
15741754,33714406,1
15741754,47858418,1
15741754,53688481,1
15741754,48661389,1
15741754,57585889,1
15741754,34808701,1
15741754,19614800,1
15741754,57585885,1
15741754,57585886,1
15741754,19266161,1
15741754,48661339,1
15741754,24574133,1
15741754,29329295,1
15741754,57586681,1
15741754,29982883,1
15741754,57859208,1
15741754,17094854,1
15741754,52082507,1
15741754,48661347,1
15741754,24902119,1
15741754,20547974,1
15741754,48667370,1
15741754,29460787,1
15741754,57586823,1
15741754,57586012,1
41991291,54290254,1
09627328,39329738,1
09627328,23179396,1
09627328,12119516,1
09627328,83650606,1
09627328,41019135,1
09627328,41307302,1
09627328,18753050,1
03813143,07382188,1
03813143,44101099,1
03813143,39836313,1
03813143,03938191,1
03813143,48340963,1
05332290,11447622,1
28431884,46814523,1
13272821,32349549,1
13272821,41544575,1
09687570,37567308,1
09687570,22711023,1
09687570,46268382,1
09687570,14484483,1
09687570,14603843,1
09687570,13313677,1
09687570,10243905,1
09687570,12703882,1
09687570,12703958,1
09687570,16499871,1
09687570,44246433,1
09687570,11339572,1
09687570,10759158,1
09687570,46084556,1
09687570,12497824,1
09687570,16455522,1
09687570,11188852,1
09687570,11158828,1
09687570,54681456,1
09687570,14373109,1
09687570,39701877,1
09687570,36357201,1
08776680,16631663,1
08776680,08966851,1
08776680,09317458,1
08776680,28530084,1
08776680,10716210,1
08776680,16631741,1
08776680,11438135,1
08776680,15652417,1
08776680,44592083,1
08776680,57372381,1
08776680,08861576,1
08776680,16739367,1
08776680,11358828,1
08776680,55127081,1
08776680,18983720,1
08776680,28551662,1
08776680,15006343,1
38086505,51098407,1
38086505,45125013,1
38086505,41449903,1
38086505,43785602,1
56185070,58247295,1
17890717,47459363,1
17890717,39404984,1
10497222,13806149,1
10497222,43983280,1
31328128,45726243,1
31328128,44939083,1
24723327,48564882,1
42507899,45942603,1
42507899,45945702,1
42507899,83325381,1
21995320,39334969,1
12100025,52610053,1
12100025,20226275,1
12100025,57688154,1
12100025,45945702,1
12100025,83325381,1
12100025,46881535,1
12100025,52938394,1
12100025,55127081,1
12100025,44992655,1
12100025,46325572,1
12100025,24701795,1
12100025,33820664,1
12100025,42507899,1
12100025,45936724,1
12100025,53571951,1
12100025,24947034,1
12100025,45942603,1
12100025,45936725,1
12100025,20344098,1
12100025,22942965,1
12100025,50965558,1
12100025,43608949,1
09650153,20460412,1
09650153,11242257,1
09650153,12852303,1
09650153,46515622,1
09650153,13432814,1
09650153,42351594,1
09650153,10458608,1
16739367,20174961,1
16739367,57372381,1
16739367,45350684,1
16739367,44592083,1
16739367,18983720,1
08036041,19312885,1
08036041,57211830,1
08036041,46001783,1
08036041,83368993,1
08036041,45029722,1
08036041,16821155,1
08036041,29629465,1
07987570,22375502,1
07987570,21783481,1
07987570,36335105,1
43732484,83319640,1
44125923,46182869,1
44125923,54602056,1
11128119,25450139,1
11128119,12676701,1
11128119,39907822,1
11128119,57157601,1
11128119,42365622,1
11128119,29541134,1
11128119,83650374,1
11128119,18406599,1
11128119,48328555,1
11128119,42430618,1
11128119,55059900,1
11128119,46719213,1
11128119,13897581,1
11128119,24429020,1
11128119,23472709,1
11128119,44296529,1
11128119,46167663,1
11128119,15693111,1
11128119,49404135,1
11128119,46719330,1
11128119,25232025,1
11128119,25292639,1
11128119,54965803,1
11128119,13004042,1
11128119,14862196,1
24576409,50720539,1
20073264,22365949,1
20073264,57307107,1
20073264,51668650,1
20073264,34855718,1
09145594,50150082,1
09145594,45632934,1
50180210,52228257,1
50180210,52724925,1
50180210,83584920,1
20990397,33917788,1
20990397,57222755,1
20990397,31364863,1
18819000,33770624,1
00689952,23528778,1
00689952,33714406,1
00689952,47858418,1
00689952,53688481,1
00689952,48661389,1
00689952,12214951,1
00689952,15741754,1
00689952,57585889,1
00689952,34808701,1
00689952,19614800,1
00689952,57585885,1
00689952,01087686,1
00689952,57585886,1
00689952,19266161,1
00689952,48661339,1
00689952,24574133,1
00689952,29329295,1
00689952,57586681,1
00689952,29982883,1
00689952,57859208,1
00689952,01672761,1
00689952,07864785,1
00689952,17094854,1
00689952,52082507,1
00689952,11585897,1
00689952,14082648,1
00689952,48661347,1
00689952,08528519,1
00689952,24902119,1
00689952,20547974,1
00689952,48667370,1
00689952,29460787,1
00689952,57586823,1
00689952,57586012,1
27929358,57112877,1
01965495,42456738,1
01965495,31339809,1
01965495,55248246,1
01965495,57462001,1
02230061,11126954,1
02230061,52833680,1
02230061,15353395,1
02230061,83367771,1
02230061,34817320,1
02230061,27960528,1
02230061,46626596,1
02230061,83303776,1
02621661,09529408,1
02621661,15011981,1
02621661,83383638,1
02621661,12532690,1
02621661,05441787,1
02621661,04996064,1
02621661,08749495,1
02621661,04508780,1
02621661,04916201,1
02621661,23146224,1
02621661,10233096,1
35162349,57202732,1
35162349,48748664,1
32131693,44273325,1
32131693,42569191,1
32131693,48925720,1
32131693,45519286,1
32131693,49915450,1
17252899,83211128,1
17252899,19069249,1
09163579,50383902,1
09163579,37480610,1
09163579,36953059,1
09163579,33075616,1
09163579,41738095,1
09163579,55033552,1
09163579,10202385,1
23179396,39329738,1
23179396,83650606,1
23179396,41019135,1
23179396,41307302,1
17974572,27862060,1
17974572,24622016,1
17974572,27103898,1
17974572,25199679,1
17974572,22966329,1
07342268,38000142,1
07342268,39166873,1
07342268,28175584,1
07342268,08201747,1
04969879,58262928,1
23604235,28578389,1
23604235,24111639,1
23604235,43996246,1
23604235,50800787,1
23604235,32933619,1
23604235,29229919,1
23604235,31744670,1
25199679,27862060,1
25199679,27103898,1
13251309,28839535,1
13251309,26050345,1
13251309,17327944,1
13251309,18354204,1
13251309,21399950,1
13251309,18516869,1
46495181,54972801,1
39856461,44413346,1
39856461,42271355,1
15353395,52833680,1
15353395,83367771,1
15353395,34817320,1
15353395,27960528,1
15353395,46626596,1
15353395,83303776,1
01532874,12669568,1
04358841,23328224,1
04358841,17214358,1
04358841,63879381,1
04358841,13502124,1
04358841,09456927,1
45476449,55154617,1
18294170,22504851,1
11508947,57145151,1
11508947,31095759,1
11508947,15625840,1
11508947,54972801,1
11508947,51034773,1
11508947,55493240,1
11508947,58115694,1
49046490,49820503,1
49046490,52194725,1
49046490,53269040,1
11300826,28118627,1
11300826,38651268,1
11300826,22424442,1
11300826,19760979,1
11300826,16515254,1
15170751,57447230,1
09166032,09268761,1
09166032,16991990,1
09166032,12956302,1
30532710,41587143,1
33963982,49046200,1
33963982,44606157,1
26965192,39640595,1
26965192,57446082,1
13502124,23328224,1
13502124,55144472,1
23423107,63846356,1
23423107,28236054,1
23423107,48460634,1
47840357,48303623,1
32086495,50735105,1
32086495,52628936,1
02492051,08603653,1
02492051,24312558,1
02492051,24306504,1
05514304,06011816,1
08395946,08490947,1
08395946,19339404,1
08395946,51511356,1
02029522,50735038,1
02029522,28128547,1
02029522,05234473,1
02029522,16365944,1
02029522,13123494,1
02029522,13424484,1
02029522,05871339,1
02029522,15257553,1
02029522,29180884,1
02029522,25316328,1
05658525,10947484,1
05658525,07514378,1
07623645,16384163,1
07623645,23423107,1
07623645,63846356,1
07623645,28236054,1
07623645,08704319,1
07623645,48460634,1
33932590,53472612,1
33932590,45096265,1
33932590,46633075,1
33932590,43194002,1
33932590,45429712,1
05265480,09657201,1
05265480,27491793,1
05265480,27389567,1
05265480,27413530,1
05265480,06859283,1
05265480,27491714,1
05265480,27491827,1
05265480,09385552,1
05265480,09600303,1
05265480,09378439,1
05265480,38628049,1
19703108,84058981,1
19703108,37998675,1
19703108,42042106,1
28539451,41450630,1
28539451,41073254,1
28539451,44549511,1
53713512,57260815,1
53713512,55154690,1
46251157,52663521,1
05156211,12633433,1
05156211,06307709,1
06311615,12605607,1
06311615,11271879,1
06311615,83370346,1
06311615,08446028,1
22796979,48057294,1
22796979,26634582,1
34591310,50730997,1
34591310,55266608,1
34591310,54931730,1
34591310,51597760,1
14991000,55991912,1
14991000,25400638,1
14991000,50738091,1
14991000,22044582,1
14991000,47756561,1
04260683,50231311,1
04260683,04832721,1
04260683,14727334,1
04260683,63807010,1
04260683,13540164,1
04260683,26774151,1
04260683,57832184,1
04260683,08985066,1
04260683,48089475,1
04260683,36756496,1
04260683,37088883,1
04260683,04926358,1
04260683,08095318,1
04260683,51768121,1
04260683,63804116,1
04260683,04929683,1
04260683,13697835,1
04260683,83580423,1
04260683,26605604,1
04260683,83733212,1
04260683,52805783,1
04260683,05844378,1
14498674,56081840,1
14498674,41186603,1
14498674,57628134,1
14498674,24449772,1
14484483,18104871,1
14484483,22711023,1
14484483,44246433,1
14484483,46084556,1
14484483,54681456,1
43998797,47401879,1
43998797,57012991,1
43998797,57019757,1
14484483,19532039,1
14484483,16845198,1
14484483,27015623,1
14484483,50841256,1
14603843,18104871,1
14603843,22711023,1
14603843,44246433,1
14603843,46084556,1
14603843,54681456,1
33202757,63851000,1
33202757,38086505,1
54188662,55413071,1
33516425,34467448,1
33516425,48205617,1
33516425,38651976,1
09650597,37096754,1
09650597,48308237,1
09650597,44322244,1
09650597,47141710,1
09650597,24585352,1
09650597,23086436,1
09650597,29315940,1
09148550,09589716,1
09148550,33744433,1
09148550,35521714,1
09148550,15358889,1
09148550,13877821,1
09148550,11188852,1
09148550,25129117,1
09148550,18037378,1
06121980,14109263,1
06121980,32203350,1
57585889,57586681,1
57585889,57859208,1
57585889,57586823,1
57585889,57586012,1
38000142,39166873,1
52486509,55208432,1
15338940,38244840,1
15338940,52382054,1
18817255,47023787,1
13610822,18665213,1
13610822,47799899,1
13610822,23501297,1
13610822,33612205,1
13610822,39647543,1
13610822,33596603,1
19164024,32203164,1
19164024,44139918,1
19164024,29711707,1
19164024,31173964,1
19164024,48222642,1
19164024,21812198,1
19164024,27511505,1
34853168,63801096,1
34853168,42554695,1
15465846,21051472,1
15465846,54229231,1
15465846,20548007,1
15465846,57363999,1
15465846,31205691,1
15465846,58246272,1
15465846,53160102,1
15465846,20474705,1
15465846,28118627,1
15465846,32267624,1
15465846,16515254,1
15465846,22993378,1
15465846,29320798,1
15465846,43011102,1
15465846,22424442,1
15465846,38651268,1
15465846,40695263,1
15465846,32203973,1
54352353,83311464,1
54352353,58312931,1
44101099,48340963,1
40919178,51218898,1
41861992,54529408,1
11730497,46536584,1
11730497,15504991,1
11730497,23131869,1
45429714,50908405,1
45429714,46495181,1
45429714,47463212,1
45429714,45913897,1
45429714,52389398,1
45429714,54782060,1
45429714,45578249,1
11585897,29982883,1
11585897,34808701,1
11585897,23528778,1
11585897,48661347,1
11585897,20547974,1
11585897,14082648,1
11585897,28226844,1
11585897,15741754,1
11585897,47538064,1
11585897,23925091,1
11585897,17094854,1
11585897,29329280,1
11585897,19614800,1
11585897,29329396,1
11585897,47858418,1
11585897,48667370,1
11585897,12214951,1
11585897,57859208,1
11585897,48661389,1
11585897,19266161,1
11585897,24902119,1
11585897,52082507,1
11585897,37014309,1
11585897,48661339,1
31267760,46321970,1
31267760,31997431,1
31267760,57528712,1
31267760,40992970,1
31267760,33171769,1
31267760,37561095,1
31267760,38179098,1
57145151,58115694,1
35713752,52243975,1
35713752,53181438,1
32675879,40283599,1
32675879,42528665,1
53871498,83764449,1
53871498,57589409,1
53871498,56384215,1
04713533,14710306,1
04713533,39584007,1
04713533,21171923,1
04713533,55037698,1
04713533,43291259,1
04713533,19867404,1
04713533,44609947,1
04713533,45807994,1
04713533,46005113,1
04713533,31769289,1
04713533,52191322,1
04713533,40777020,1
04713533,30863841,1
05497400,43335260,1
05497400,32137431,1
05497400,31671814,1
05497400,08838110,1
05497400,54609071,1
05497400,17680127,1
05497400,11339503,1
05497400,14884312,1
05497400,35868114,1
05497400,12867278,1
05497400,35674433,1
00580825,30685974,1
00580825,24504233,1
13425274,83211128,1
13425274,44990487,1
13425274,83920470,1
04796905,46301188,1
27947556,44376400,1
27947556,44459996,1
27947556,45609353,1
27947556,42548649,1
35796563,44803275,1
26883900,32799115,1
26883900,57874352,1
25010370,39466075,1
25010370,50256091,1
46755673,47039189,1
53209188,54790193,1
53209188,57726453,1
53209188,56419404,1
54246345,63860720,1
57688154,83325381,1
47337578,54662724,1
33745782,36171778,1
33745782,51161425,1
33745782,63848360,1
14082366,32755479,1
14082366,46965583,1
10225242,15321276,1
10225242,20208108,1
10225242,10559828,1
10225242,37259225,1
10225242,51861676,1
23893455,38356976,1
23893455,33281406,1
23893455,57496254,1
23893455,35289849,1
02202173,19471452,1
08821446,10771275,1
08821446,40160490,1
08821446,09396095,1
08821446,34919721,1
08821446,17489587,1
08821446,11832551,1
08821446,30532710,1
08821446,08966851,1
08821446,18352188,1
08821446,14402035,1
08821446,55705246,1
17272704,19113461,1
17272704,40067435,1
17272704,28843268,1
16878140,20335130,1
16878140,47390859,1
16878140,45695054,1
16878140,27913379,1
16878140,83342162,1
16878140,44280448,1
16878140,40116767,1
16878140,52823954,1
41931566,55900198,1
41931566,51480797,1
28298039,34612325,1
28298039,83214148,1
28298039,83342162,1
28298039,51354213,1
28298039,33747285,1
17327944,28839535,1
17327944,26050345,1
17327944,18354204,1
17327944,21399950,1
17327944,18516869,1
08838110,41372115,1
08838110,33558212,1
08838110,29318625,1
08838110,24019363,1
08838110,17671920,1
08838110,40593909,1
25461912,35796563,1
25461912,44803275,1
10313085,13141538,1
04101986,46761677,1
04101986,34787118,1
04101986,35485494,1
04101986,18751399,1
09529408,34333640,1
09529408,25257333,1
09529408,29433012,1
06145428,07772245,1
06145428,42621451,1
06145428,42793884,1
06145428,06189829,1
06145428,46286669,1
06145428,07919179,1
06145428,84154608,1
06145428,45245872,1
31619759,44597273,1
10716210,16631663,1
10716210,28530084,1
10716210,16631741,1
10716210,11438135,1
10716210,15652417,1
10716210,44592083,1
10716210,57372381,1
10716210,16739367,1
10716210,11358828,1
10716210,55127081,1
10716210,18983720,1
10716210,28551662,1
10716210,15006343,1
51576885,54337634,1
51576885,55335287,1
51576885,57256870,1
51576885,55838925,1
51576885,57271936,1
34192343,52953998,1
34192343,57540564,1
07307106,34922634,1
07307106,31596625,1
07307106,27466183,1
07307106,51671142,1
07307106,34101173,1
00791212,38342928,1
00791212,00791940,1
00791212,29435338,1
00791212,10249951,1
00791212,06945995,1
00791212,19256258,1
00791212,49883924,1
00791212,35657820,1
00791212,36875084,1
43018566,44374020,1
09423857,14373109,1
09423857,14603843,1
09423857,12703882,1
09423857,46268382,1
09423857,10759158,1
09423857,14625319,1
09423857,14484483,1
09423857,11158828,1
09423857,16455522,1
09423857,12497824,1
09423857,16499871,1
09423857,14376007,1
09423857,39701877,1
09423857,36357201,1
09423857,37567308,1
34620138,37095327,1
56927303,63859474,1
04977583,52508294,1
04977583,41713084,1
04977583,09231635,1
04977583,09231652,1
04977583,51646160,1
29629465,57103588,1
29629465,38108994,1
04740841,21144580,1
04740841,04981858,1
05551713,30534814,1
05551713,15762776,1
05551713,20735238,1
05551713,30874272,1
05551713,17489587,1
05551713,52202571,1
05551713,21062604,1
05551713,18352188,1
05551713,49356704,1
05551713,07778090,1
05551713,10774943,1
05551713,52262984,1
04358841,24950634,1
47442492,47442676,1
30797118,44907113,1
30797118,46262578,1
30797118,55190812,1
30797118,53999238,1
42793884,46286669,1
42793884,84154608,1
42793884,45245872,1
23792780,38478093,1
23792780,35518033,1
23792780,24531971,1
23792780,30481449,1
23792780,34580317,1
24585147,43976615,1
24585147,83310292,1
24585147,58279901,1
24585147,83333237,1
12867278,33373675,1
29435338,38342928,1
29435338,49883924,1
29435338,35657820,1
29435338,36875084,1
10404940,25150035,1
19332074,48203775,1
35518033,58171437,1
35518033,54490498,1
21002392,46321970,1
21002392,31267760,1
21002392,31997431,1
21002392,57528712,1
21002392,40992970,1
21002392,27286873,1
21002392,33171769,1
21002392,22225546,1
21002392,27850782,1
21002392,37561095,1
21002392,38179098,1
25257333,57271936,1
25257333,28399610,1
25257333,52904599,1
25257333,54337634,1
25257333,37894564,1
25257333,55838925,1
25257333,57412589,1
25257333,48534725,1
25257333,28592039,1
25257333,57256870,1
25257333,54619214,1
25257333,30797118,1
25257333,36253093,1
25257333,42165186,1
25257333,51576885,1
25257333,57447230,1
25257333,57901144,1
25257333,57274451,1
25257333,48528560,1
25257333,55335287,1
20474705,37366665,1
20474705,63830889,1
20474705,51354213,1
20474705,26666570,1
20474705,83342162,1
20474705,28298039,1
20474705,24103019,1
20474705,48256984,1
20474705,34612325,1
20474705,52644030,1
33531272,42026878,1
33531272,35127803,1
33531272,42026816,1
33531272,41146559,1
15087218,29101154,1
15087218,41857347,1
15087218,46862781,1
34834598,52153417,1
25054717,29066949,1
25054717,50152207,1
25054717,30060978,1
14929530,18824674,1
14929530,55309208,1
14929530,26495569,1
06292649,28694027,1
06292649,34331988,1
06292649,18817255,1
10899584,28098088,1
10899584,50180210,1
10899584,52724925,1
10899584,83584920,1
04228531,57285529,1
04228531,14514225,1
04228531,53752478,1
04228531,83914226,1
04228531,12534508,1
04228531,27773901,1
04228531,20589457,1
47074615,57871692,1
47074615,49706701,1
22414625,63851000,1
22414625,29576393,1
03114391,22085456,1
25274687,37665307,1
25274687,31632502,1
25274687,50288425,1
25274687,55991912,1
25274687,50738091,1
30532710,43944195,1
30532710,30879890,1
30532710,53138231,1
30532710,55853422,1
30532710,57633381,1
30532710,31211327,1
30532710,55705246,1
05035230,44273325,1
05035230,32131693,1
05035230,20443071,1
05035230,09016708,1
05035230,30746245,1
05035230,42569191,1
05035230,48925720,1
05035230,45519286,1
05035230,12576225,1
05035230,28751132,1
05035230,49915450,1
04893996,34679456,1
04893996,34972321,1
01674244,49084202,1
01674244,54781924,1
05441787,51107899,1
05441787,10233096,1
05441787,52242672,1
28572296,30733896,1
13806149,43983280,1
22924203,46992361,1
22924203,35932606,1
22924203,49493875,1
18548319,50383902,1
18548319,37480610,1
18548319,36953059,1
18548319,33075616,1
18548319,41738095,1
18548319,55033552,1
28648070,55456927,1
07418827,18665213,1
03654853,09202012,1
03654853,43998797,1
03654853,47401879,1
03654853,57012991,1
03654853,57019757,1
03654853,40169079,1
03654853,29539337,1
03654853,05878896,1
03654853,27935946,1
20990430,33917788,1
20990430,57222755,1
20990430,31364863,1
20990430,63820492,1
05458120,08490947,1
05458120,19339404,1
05458120,08395946,1
05458120,51511356,1
30758490,36175231,1
45096265,53472612,1
46633075,57635372,1
46633075,46687601,1
07005751,55586704,1
07005751,10716301,1
07005751,31872486,1
07005751,11402883,1
07012285,10221771,1
07012285,10141151,1
07995123,11605690,1
49778923,52130021,1
57155797,57354388,1
57155797,57505264,1
14998020,34834598,1
14998020,50121556,1
14998020,19112682,1
43194002,53472612,1
14469777,38449067,1
14469777,23972434,1
14469777,36753763,1
04894309,04986493,1
04894309,04986485,1
04894309,14031152,1
33932590,47762819,1
45945702,52610053,1
45945702,57688154,1
45945702,83325381,1
45945702,46881535,1
45945702,52938394,1
45945702,55127081,1
45945702,46325572,1
45945702,53571951,1
45945702,50965558,1
44139918,48222642,1
11371765,52892282,1
47463212,50908405,1
47463212,52389398,1
47463212,54782060,1
29711707,32203164,1
29711707,44139918,1
29711707,31173964,1
29711707,48222642,1
31785092,56281977,1
31785092,40413419,1
31785092,40316459,1
31785092,39468581,1
31785092,35040545,1
31785092,53271619,1
31785092,51784670,1
37665307,50288425,1
37665307,55991912,1
37665307,50738091,1
28883561,30592548,1
28883561,45388597,1
28883561,48025044,1
28883561,44609947,1
28883561,32984883,1
28883561,43092012,1
28883561,49135720,1
28883561,33531685,1
13309587,26949965,1
13309587,18087152,1
13309587,44266895,1
11050213,13266769,1
11050213,15087218,1
11050213,11323475,1
11050213,13432814,1
11050213,29101154,1
11050213,13441262,1
11050213,12852303,1
11050213,41857347,1
11050213,46515622,1
11050213,46862781,1
11050213,12852383,1
04437238,13279768,1
04437238,24299910,1
04437238,46251157,1
04437238,23200237,1
04437238,52663521,1
04437238,11322001,1
04437238,09445760,1
04437238,32652197,1
39539728,83904854,1
39539728,54654214,1
39539728,43291241,1
41640208,55039592,1
41640208,55039591,1
41640208,51882053,1
27838219,56054911,1
27838219,46268382,1
27838219,38479011,1
27838219,53620896,1
27838219,57040497,1
27838219,53693498,1
27838219,37567308,1
27838219,52521807,1
27838219,46084556,1
27838219,52749841,1
27838219,52714865,1
27838219,44246433,1
27838219,50568409,1
27838219,48905309,1
27838219,49005255,1
27838219,53620897,1
27838219,55044297,1
27838219,52710594,1
27838219,49005717,1
05395794,19332074,1
05395794,48203775,1
48968763,52207979,1
14082648,29982883,1
14082648,34808701,1
14082648,23528778,1
14082648,48661347,1
14082648,20547974,1
14082648,28226844,1
14082648,15741754,1
14082648,47538064,1
14082648,23925091,1
14082648,17094854,1
14082648,29329280,1
14082648,19614800,1
14082648,29329396,1
14082648,47858418,1
14082648,48667370,1
14082648,57859208,1
14082648,48661389,1
14082648,19266161,1
14082648,24902119,1
14082648,52082507,1
14082648,37014309,1
14082648,48661339,1
46502075,53981615,1
45913897,50908405,1
45913897,46495181,1
45913897,47463212,1
45913897,52389398,1
45913897,54782060,1
09665544,38088444,1
09665544,41297076,1
09665544,39306305,1
09665544,63854616,1
09665544,32885424,1
09665544,26318791,1
09665544,50776147,1
09665544,15578342,1
09665544,44470034,1
09665544,38086505,1
09665544,52279393,1
09665544,49032101,1
09665544,47027121,1
53121520,57711501,1
04901385,13838508,1
04901385,19210249,1
04901385,34624874,1
04901385,10941308,1
04901385,54978521,1
54414413,57496252,1
34808701,53688481,1
34808701,57585889,1
34808701,57585885,1
34808701,57585886,1
34808701,57586681,1
34808701,57586823,1
34808701,57586012,1
37480610,50383902,1
37480610,50150082,1
37480610,84189950,1
37480610,46423577,1
37480610,41738095,1
37480610,55033552,1
04330842,51988986,1
41409445,55416678,1
41409445,58312803,1
15321276,20920169,1
15321276,41493205,1
15321276,48198589,1
15321276,44577379,1
15321276,24280011,1
28802660,47074615,1
28802660,31263248,1
28802660,57871692,1
28802660,49706701,1
28802660,42155025,1
19337601,31744670,1
19337601,23604235,1
19337601,46277507,1
19337601,26705306,1
05618831,06011816,1
05618831,41424522,1
05618831,36015353,1
05618831,39592690,1
05618831,27910799,1
48541645,49755049,1
19614800,23528778,1
19614800,33714406,1
19614800,47858418,1
19614800,53688481,1
19614800,48661389,1
19614800,57585889,1
19614800,34808701,1
19614800,57585885,1
19614800,57585886,1
19614800,48661339,1
19614800,24574133,1
19614800,29329295,1
19614800,57586681,1
19614800,29982883,1
19614800,57859208,1
19614800,52082507,1
19614800,48661347,1
19614800,24902119,1
19614800,20547974,1
19614800,48667370,1
19614800,29460787,1
19614800,57586823,1
19614800,57586012,1
41397871,43403561,1
41397871,56335061,1
41397871,55903468,1
32999612,46975916,1
32999612,44046392,1
05368631,05992814,1
05368631,45718999,1
05368631,83922005,1
05368631,45981155,1
09687570,10760586,1
09687570,19532039,1
09687570,16845198,1
09687570,14625319,1
09687570,11058976,1
09687570,27015623,1
09687570,14376007,1
09687570,50841256,1
09687570,16455543,1
07800966,31531257,1
07800966,50052069,1
07800966,26418882,1
07800966,13185927,1
07800966,50042823,1
08904510,14631621,1
08904510,50383902,1
08904510,09163579,1
08904510,18548319,1
08904510,37480610,1
08904510,36953059,1
08904510,19954308,1
08904510,50150082,1
08904510,84189950,1
08904510,46423577,1
08904510,09145594,1
08904510,33075616,1
08904510,41738095,1
08904510,55033552,1
08904510,10202385,1
08904510,15415504,1
32984883,45388597,1
32984883,43092012,1
24875571,63851000,1
24875571,38636607,1
24875571,50826962,1
24875571,83658401,1
24875571,46280550,1
24875571,44254467,1
05003249,39364694,1
05003249,40777482,1
05003249,34920843,1
05003249,49747088,1
05003249,23924068,1
06189829,07772245,1
06189829,42621451,1
06189829,42793884,1
06189829,46286669,1
06189829,07919179,1
06189829,84154608,1
06189829,45245872,1
09072358,42165186,1
09072358,57888682,1
09072358,28941775,1
09072358,19698084,1
23006602,34938447,1
23006602,41205074,1
23006602,46610289,1
35127803,42026878,1
35127803,42026816,1
35127803,41146559,1
20474705,34396959,1
20474705,45322017,1
20474705,34692419,1
20474705,24220440,1
20474705,55738822,1
20474705,23599276,1
01747639,28839535,1
01747639,26050345,1
01747639,13251309,1
01747639,17327944,1
01747639,18354204,1
01747639,11414544,1
01747639,21399950,1
01747639,18516869,1
26751767,63875165,1
18260926,53281247,1
18260926,45737222,1
18260926,53369432,1
06990599,36605025,1
05063292,12146034,1
05063292,48222642,1
05063292,21812198,1
05063292,05944959,1
05063292,27511505,1
05063292,15216051,1
05063292,29711707,1
05063292,19164024,1
05063292,31173964,1
08604284,48256984,1
08604284,83342162,1
08604284,20335130,1
08604284,12307469,1
08604284,08658243,1
08604284,14142921,1
08604284,08679561,1
08604284,28298039,1
08604284,33915999,1
08604284,16878140,1
08604284,16875649,1
08604284,63830889,1
08604284,51354213,1
08604284,34612325,1
08604284,26666570,1
11432191,14926827,1
11432191,17551434,1
11432191,21496833,1
04896759,26455653,1
04896759,57707810,1
04896759,45039499,1
05234473,26256356,1
05234473,52657472,1
05234473,20053965,1
09200985,26666570,1
09200985,34612325,1
09200985,83214148,1
09200985,83342162,1
09200985,28298039,1
09200985,51354213,1
09200985,20335130,1
09200985,33747285,1
09200985,27753564,1
05147069,57795566,1
05147069,19596066,1
05147069,22931471,1
05147069,19468568,1
05147069,23446100,1
05147069,83919761,1
39642901,83380923,1
39642901,47784049,1
39642901,83839902,1
08749495,20246663,1
08749495,30143000,1
08749495,44901620,1
08749495,29473452,1
08749495,33614381,1
08749495,10233096,1
08749495,15011981,1
14926827,17551434,1
14926827,21496833,1
31872330,52130021,1
31872330,49778923,1
31872330,41510743,1
31872330,49350776,1
56901344,56973785,1
31632502,37665307,1
31632502,50288425,1
31632502,55991912,1
31632502,50738091,1
14727495,35455332,1
14727495,35426244,1
48605837,55775552,1
48605837,54332505,1
48605837,56660430,1
23792780,27482302,1
23792780,58171437,1
23792780,31613883,1
23792780,54490498,1
52904599,54619214,1
52904599,57274451,1
01175491,07932841,1
01175491,26666570,1
01175491,34612325,1
01175491,83214148,1
01175491,83342162,1
01175491,28298039,1
01175491,09200985,1
01175491,51354213,1
01175491,20335130,1
01175491,06175536,1
01175491,06105070,1
01175491,33747285,1
01175491,27753564,1
32308609,54497493,1
32308609,34921817,1
54032852,57262161,1
54032852,63887699,1
22911135,50221222,1
04731519,08792120,1
04731519,13391535,1
04731519,57726453,1
04731519,53675536,1
04731519,07805598,1
04731519,14686260,1
04731519,07869058,1
04731519,54790193,1
20443071,44273325,1
20443071,32131693,1
20443071,30746245,1
20443071,42569191,1
20443071,48925720,1
20443071,45519286,1
20443071,28751132,1
43054032,58280732,1
08957352,14948086,1
28941640,43536729,1
15257090,17504307,1
15257090,19834369,1
50180210,55534246,1
08776680,42932312,1
08776680,41981831,1
08776680,51072301,1
08776680,38493454,1
08776680,50793030,1
08776680,42048940,1
08776680,39292533,1
08776680,24143145,1
08776680,50288425,1
08776680,55991912,1
08776680,10397026,1
37497562,56973785,1
37497562,56901344,1
37497562,54149287,1
37497562,83577494,1
03089179,43733001,1
03089179,14028134,1
03089179,18051655,1
03089179,30394439,1
03089179,47834153,1
03089179,10439660,1
03089179,29037515,1
08107424,51714217,1
01931281,55335287,1
01931281,57447230,1
01931281,13441262,1
01931281,52904599,1
01931281,13006347,1
01931281,51576885,1
01931281,54337634,1
01931281,57901144,1
01931281,15522348,1
01931281,04558805,1
01931281,57271936,1
01931281,48514425,1
01931281,11140735,1
01931281,37894564,1
01931281,42165186,1
01931281,07791787,1
01931281,19667707,1
01931281,48534725,1
01931281,57412589,1
01931281,44623180,1
01931281,57256870,1
01931281,55838925,1
22960942,51439154,1
22960942,53077471,1
10521956,48513945,1
10521956,35473839,1
10521956,26866478,1
46251157,52628936,1
46251157,50735105,1
26318791,38088444,1
26318791,41297076,1
26318791,39306305,1
26318791,63854616,1
26318791,32885424,1
26318791,50776147,1
26318791,44470034,1
26318791,38086505,1
26318791,52279393,1
26318791,49032101,1
26318791,47027121,1
51404327,54979011,1
51404327,57635372,1
51404327,58188878,1
51404327,52007020,1
51404327,54344984,1
46687601,57635372,1
04986493,41749943,1
02289157,04931168,1
02289157,40268091,1
02289157,21465835,1
05123318,39952555,1
05123318,45388597,1
36638478,63873012,1
36638478,54779266,1
36638478,58421459,1
36638478,54168712,1
36638478,51583724,1
36638478,57486261,1
09600303,38244840,1
09600303,28452640,1
04984756,83838839,1
04984756,17872860,1
04984756,06980426,1
04984756,50266478,1
04984756,06217477,1
04984756,08762127,1
04984756,12963640,1
04984756,27854205,1
11575647,42338125,1
11575647,24819389,1
11575647,52781311,1
56005916,57540564,1
37567308,54545658,1
37567308,51357212,1
37567308,53874270,1
37567308,53620896,1
37567308,55273088,1
37567308,56090606,1
37567308,55207387,1
37567308,58447768,1
37567308,54782375,1
37567308,53874267,1
37567308,53620897,1
43996791,45151564,1
43996791,54007508,1
51219805,55088212,1
51219805,52966267,1
51219805,54328041,1
51219805,55074806,1
54782375,58447768,1
54782375,55207387,1
54782375,55273088,1
54782375,56090606,1
33558212,41372115,1
33558212,40593909,1
09162657,18826846,1
23936082,57080615,1
27482468,36498730,1
50037335,50965561,1
52443748,57155797,1
52443748,58191310,1
57496252,97519130,1
36979777,37377894,1
36979777,45747046,1
36979777,50690936,1
36979777,42932312,1
36979777,44929051,1
51668650,57307107,1
28226844,29982883,1
28226844,34808701,1
28226844,48661347,1
28226844,47538064,1
28226844,29329280,1
28226844,29329396,1
28226844,47858418,1
28226844,48667370,1
28226844,57859208,1
28226844,48661389,1
28226844,52082507,1
28226844,37014309,1
28226844,48661339,1
37096754,48308237,1
37096754,44322244,1
37096754,47141710,1
13065972,33011124,1
13065972,27235446,1
13065972,50295356,1
13065972,83776310,1
13065972,19138573,1
13065972,52141673,1
13065972,45930578,1
13065972,46632259,1
13065972,21217025,1
13065972,53994812,1
13065972,31353578,1
13065972,22210067,1
13065972,20637353,1
13065972,58264935,1
57585885,57585889,1
57585885,57585886,1
57585885,57586681,1
57585885,57859208,1
57585885,57586823,1
57585885,57586012,1
51354213,83214148,1
03288728,33236825,1
03288728,46755673,1
03288728,45866891,1
03288728,47039189,1
18817255,57590474,1
05428809,18817255,1
00237863,17252899,1
00237863,83211128,1
00237863,04898060,1
00237863,19069249,1
17746880,26146336,1
17746880,45907772,1
17746880,35517311,1
17746880,28387089,1
17746880,43012876,1
17746880,57311619,1
17746880,44175488,1
51214301,52722554,1
14745661,43291259,1
14745661,21347373,1
14745661,17906978,1
14745661,21171923,1
14745661,16990216,1
14745661,14976693,1
14745661,16990243,1
14745661,15748239,1
14745661,16516897,1
14745661,16990222,1
14745661,19693476,1
14745661,16990233,1
14745661,16990253,1
14745661,15020277,1
07397321,09589716,1
07397321,33744433,1
07397321,09148550,1
07397321,09110955,1
07397321,09110926,1
07397321,35521714,1
07397321,15358889,1
07397321,13877821,1
07397321,09032170,1
07397321,11188852,1
07397321,08668308,1
07397321,25129117,1
07397321,18037378,1
28610706,30106018,1
28610706,45738902,1
28610706,83856187,1
17322377,83370346,1
15295918,53745888,1
15295918,17458616,1
15295918,30640652,1
15295918,16888385,1
46012078,46814523,1
46012078,55527165,1
29478160,43104321,1
29478160,46714247,1
29478160,44129140,1
26253928,56425905,1
26253928,55305952,1
26253928,48546635,1
26253928,34834598,1
26337452,83764449,1
26337452,46342685,1
48353095,63883672,1
48353095,57589252,1
48353095,50018529,1
48353095,50211451,1
48353095,48705515,1
48353095,49090964,1
05497400,46903675,1
05497400,07917383,1
05497400,46166002,1
05497400,53066181,1
05497400,17474408,1
27112886,46502075,1
27112886,34261920,1
27112886,38393760,1
27112886,53981615,1
27112886,42169716,1
27112886,28088981,1
27112886,30480786,1
27112886,45342072,1
27112886,34639815,1
02098685,51014733,1
02098685,07783091,1
02098685,05703858,1
02098685,19569692,1
02098685,46665447,1
02098685,13450053,1
02098685,09320398,1
02098685,27103179,1
12436847,37998675,1
12436847,30668020,1
41101724,55526910,1
17058479,42879168,1
17058479,35040545,1
17058479,53271619,1
17058479,39468581,1
17058479,47768563,1
17058479,57719959,1
17058479,51784670,1
17058479,17082466,1
17058479,58421459,1
17058479,48780328,1
17058479,54898502,1
17058479,54758331,1
39676126,39856461,1
39676126,44413346,1
39676126,42271355,1
50091280,83211128,1
05272874,21316122,1
05272874,14128175,1
05272874,10473495,1
05272874,08759700,1
28860289,55903468,1
28860289,29144626,1
28860289,41397871,1
28860289,56335061,1
28860289,43403561,1
47784049,83380923,1
47784049,83839902,1
22931947,54486914,1
22931947,47739796,1
22931947,28470670,1
22931947,35431809,1
22931947,34834598,1
22931947,51844319,1
22931947,39897231,1
33919545,83917104,1
14617028,44012246,1
14617028,20867885,1
41449903,51098407,1
41449903,52847725,1
04996064,55224434,1
04996064,83383638,1
04996064,08749495,1
04996064,05441787,1
04996064,11273197,1
04900684,51489811,1
04900684,06926176,1
12745604,45270332,1
12745604,63873012,1
12745604,46236636,1
12745604,42113124,1
12745604,40604428,1
12745604,44644852,1
12745604,84260843,1
20474705,31205691,1
20474705,40695263,1
20474705,20548007,1
20474705,21051472,1
20474705,58246272,1
20474705,38651268,1
20474705,43011102,1
20474705,54229231,1
20474705,57363999,1
20474705,22993378,1
05054671,21892130,1
05054671,56425905,1
05054671,26253928,1
05054671,14177791,1
05054671,55305952,1
05054671,18256841,1
05054671,12802777,1
04899548,10293789,1
04503910,51418907,1
04503910,53767907,1
31744670,46277507,1
13581346,45388597,1
13581346,31249508,1
13581346,38347237,1
05339288,08739301,1
05339288,55682395,1
05339288,54888684,1
05339288,10345883,1
05339288,20552960,1
06217420,33151180,1
06217420,58022109,1
06217420,13759117,1
06217420,21302215,1
10571491,21810514,1
10571491,58218616,1
10571491,32564773,1
10571491,32535724,1
04955076,05319538,1
04955076,38228290,1
04955076,04976718,1
04787941,21848243,1
04787941,06297912,1
04787941,15625840,1
04787941,07336180,1
04787941,30092434,1
16558404,55752041,1
16558404,45046766,1
05063292,32203164,1
05063292,44139918,1
05063292,08512819,1
05063292,10647024,1
06320674,14082366,1
06320674,13656853,1
06320674,32755479,1
06320674,46965583,1
54007941,57901736,1
54007941,54012325,1
09032170,12703882,1
09032170,39701877,1
09032170,14603843,1
09032170,12497824,1
09032170,16499871,1
09032170,14484483,1
09032170,16455522,1
09032170,09110926,1
09032170,14625319,1
09032170,10759158,1
09032170,09423857,1
09032170,09589716,1
09032170,12703958,1
09032170,09110955,1
09032170,16455543,1
09032170,14376007,1
09032170,11158828,1
09032170,52521807,1
09032170,54048782,1
09032170,14373109,1
09032170,36357201,1
09032170,37567308,1
09032170,46268382,1
18668048,27188364,1
18668048,48515616,1
18668048,56258608,1
42282295,48541645,1
42282295,49755049,1
42282295,46563024,1
04931168,40268091,1
04931168,21465835,1
20246663,30143000,1
20246663,44901620,1
20246663,29473452,1
20246663,33614381,1
51861009,57886627,1
51861009,55533763,1
23427281,57160313,1
23427281,42282295,1
23427281,44201627,1
31095759,57145151,1
31095759,54972801,1
31095759,51034773,1
31095759,55493240,1
31095759,58115694,1
22947144,38263933,1
22947144,54352353,1
22947144,28556091,1
22947144,33462289,1
22947144,49976150,1
22947144,83311464,1
22947144,58312931,1
22947144,54049487,1
20335130,48256984,1
20335130,83342162,1
20335130,28298039,1
20335130,33915999,1
20335130,63830889,1
20335130,51354213,1
20335130,34612325,1
20335130,26666570,1
14625319,39701877,1
14625319,52521807,1
14625319,44246433,1
14625319,46268382,1
14625319,16455522,1
14625319,16499871,1
14625319,36357201,1
14625319,37567308,1
14625319,46084556,1
14625319,18104871,1
14625319,54048782,1
14625319,22928991,1
46268382,56054911,1
46268382,57040497,1
46268382,53693498,1
46268382,52749841,1
46268382,52714865,1
46268382,50568409,1
12620846,29967625,1
12620846,15752934,1
12620846,50086253,1
12620846,26773334,1
12620846,34847855,1
12620846,17185268,1
12620846,15280902,1
12620846,43406576,1
24765057,39755161,1
05553060,33596603,1
05553060,33612205,1
05553060,39647543,1
05553060,47799899,1
33746382,33904753,1
33746382,45883575,1
33746382,41719884,1
33746382,49404135,1
33746382,39907822,1
33746382,57157601,1
63851000,83658401,1
09528663,11159109,1
11339503,31671814,1
11339503,41372115,1
11339503,33558212,1
11339503,14884312,1
11339503,29318625,1
11339503,12867278,1
11339503,24019363,1
11339503,17671920,1
11339503,40593909,1
11339503,17680127,1
04953915,27078567,1
04953915,06696322,1
31888227,47490823,1
31888227,35336252,1
31888227,43724649,1
31888227,42053547,1
31888227,63887202,1
31888227,52364224,1
31888227,44118671,1
09110926,51851595,1
09110926,28530322,1
09110926,09589716,1
09110926,52226841,1
09110926,09110955,1
53650948,55334119,1
20747693,43104321,1
20747693,29478160,1
20747693,46714247,1
20747693,44129140,1
23614691,30168673,1
23614691,40130287,1
23614691,24504221,1
23614691,55946671,1
23614691,39548829,1
23200237,24299910,1
23200237,46251157,1
23200237,52663521,1
23200237,32652197,1
04708210,15321276,1
04708210,57839893,1
17906978,43291259,1
17906978,21347373,1
17906978,21171923,1
17906978,19693476,1
63830889,83342162,1
58279901,83333237,1
58279901,83310292,1
36478695,45808143,1
42345486,53713512,1
04869392,04898425,1
04869392,27078567,1
04869392,04953915,1
04869392,06696322,1
05334174,25450139,1
05334174,12676701,1
05334174,39907822,1
05334174,57157601,1
05334174,42365622,1
05334174,11128119,1
05334174,29541134,1
05334174,83650374,1
05334174,18406599,1
05334174,48328555,1
05334174,42430618,1
05334174,55059900,1
05334174,46719213,1
05334174,13897581,1
05334174,24429020,1
05334174,23472709,1
05334174,44296529,1
05334174,46167663,1
05334174,15693111,1
05334174,49404135,1
05334174,05896729,1
05334174,46719330,1
05334174,25232025,1
05334174,25292639,1
05334174,54965803,1
05334174,13004042,1
05334174,14862196,1
28175584,30758490,1
28175584,33650455,1
43194002,46633075,1
08157492,15337124,1
08157492,11175333,1
04965976,04991097,1
04965976,04965984,1
24117759,55088212,1
24117759,51219805,1
24117759,52966267,1
24117759,54328041,1
24117759,55074806,1
18474448,24968886,1
08039111,34404656,1
08039111,10221711,1
36990916,57354388,1
36990916,41604880,1
36990916,56196880,1
36990916,56197324,1
36990916,54344984,1
36990916,55719309,1
36990916,50119108,1
36990916,57505264,1
36990916,56197605,1
36990916,38006053,1
36990916,54835289,1
06297637,41709713,1
06297637,28470290,1
50018529,63883672,1
50018529,57589252,1
50018529,50211451,1
05622680,56041165,1
05622680,37770513,1
10339775,34612325,1
10339775,22306097,1
10339775,28298039,1
10339775,12528293,1
10339775,26498970,1
10339775,51354213,1
10339775,83342162,1
10339775,26666570,1
10339775,20335130,1
42165186,57888682,1
15504991,48037555,1
15504991,54679927,1
15504991,50103379,1
56947806,58460694,1
38315836,54933735,1
04839663,48633627,1
04839663,36125320,1
04839663,53774922,1
04839663,44029469,1
04839663,10638730,1
04839663,52325585,1
04839663,33116487,1
01138735,57112877,1
01138735,14092415,1
01138735,38493454,1
30592548,45388597,1
30592548,48025044,1
30592548,44609947,1
30592548,32984883,1
30592548,43092012,1
30592548,49135720,1
30592548,33531685,1
31570547,33185423,1
40413419,56281977,1
40413419,53271619,1
40413419,51784670,1
50150082,84189950,1
50150082,53712175,1
19596066,43664533,1
19596066,36365162,1
19596066,26484484,1
40590277,46513029,1
40590277,42480401,1
45907772,57311619,1
11402578,26704555,1
11402578,51182934,1
11402578,13630029,1
07506385,44618737,1
07506385,54574337,1
33596603,50296978,1
33596603,43347791,1
19164024,50545443,1
19164024,56060720,1
01087686,23528778,1
01087686,33714406,1
01087686,47858418,1
01087686,53688481,1
01087686,48661389,1
01087686,12214951,1
01087686,15741754,1
01087686,57585889,1
01087686,34808701,1
01087686,19614800,1
01087686,57585885,1
01087686,57585886,1
01087686,19266161,1
01087686,48661339,1
01087686,24574133,1
01087686,29329295,1
01087686,57586681,1
01087686,29982883,1
01087686,57859208,1
01087686,01672761,1
01087686,07864785,1
01087686,17094854,1
01087686,52082507,1
01087686,11585897,1
01087686,14082648,1
01087686,48661347,1
01087686,08528519,1
01087686,24902119,1
01087686,20547974,1
01087686,48667370,1
01087686,29460787,1
01087686,57586823,1
01087686,57586012,1
48546635,83367466,1
48546635,48944851,1
39786136,55572124,1
30215127,49663562,1
30215127,39836313,1
30215127,47143868,1
30215127,40952709,1
30215127,39642901,1
11330983,58280732,1
30381491,41824317,1
30381491,49335807,1
30874272,52202571,1
30874272,49356704,1
30874272,52262984,1
15761957,58407060,1
15761957,17252899,1
15743065,27544936,1
13313677,22711023,1
13313677,54681456,1
39364694,40777482,1
39364694,49747088,1
39364694,41507783,1
15741754,28226844,1
15741754,47538064,1
15741754,23925091,1
15741754,29329280,1
15741754,29329396,1
15741754,37014309,1
43403561,56335061,1
43403561,55903468,1
30846705,40272576,1
34437051,45861983,1
40316459,56281977,1
40316459,40413419,1
40316459,53271619,1
40316459,51784670,1
04130493,50379314,1
04130493,04782140,1
04130493,15734122,1
04130493,18677248,1
04130493,47408113,1
27466183,34922634,1
27466183,31596625,1
27466183,51671142,1
27466183,34101173,1
22546522,38478093,1
22546522,35518033,1
22546522,23792780,1
22546522,24531971,1
22546522,30481449,1
22546522,34580317,1
34847855,50086253,1
34847855,43406576,1
26833835,50296978,1
26833835,33612205,1
26833835,43347791,1
26833835,33596603,1
09163579,30214709,1
09163579,21665630,1
09163579,34679456,1
43008468,52224426,1
08776680,40188027,1
04894580,26434833,1
04894580,19881161,1
04894580,39904597,1
04894580,32308609,1
34919721,40160490,1
34919721,55705246,1
43976615,83310292,1
43976615,58279901,1
43976615,83333237,1
55597833,57435663,1
55597833,58356738,1
55597833,57859703,1
08776680,10593962,1
08776680,33467657,1
20299794,51241783,1
20299794,21481139,1
18406599,29541134,1
52963361,55465845,1
52963361,54758331,1
52963361,53049576,1
52963361,54813835,1
20335130,41034185,1
20335130,28809856,1
07613550,55020034,1
07613550,11234395,1
07613550,50555792,1
07613550,86126653,1
03123352,13357662,1
03123352,30168673,1
03123352,10829499,1
03123352,40130287,1
03123352,23614691,1
03123352,24504221,1
03123352,39548829,1
03123352,18009695,1
01834520,21526029,1
01834520,49335807,1
01834520,43323685,1
09110926,12703882,1
09110926,39701877,1
09110926,14603843,1
09110926,12497824,1
09110926,16499871,1
09110926,14484483,1
09110926,16455522,1
09110926,14625319,1
09110926,10759158,1
09110926,09423857,1
09110926,12703958,1
09110926,16455543,1
09110926,14376007,1
09110926,11158828,1
09110926,52521807,1
09110926,54048782,1
09110926,14373109,1
09110926,36357201,1
09110926,37567308,1
09110926,46268382,1
04550406,34818088,1
06970410,07451673,1
06970410,18111277,1
06970410,06970421,1
06970410,58279901,1
06970410,08438379,1
06970410,24585147,1
06970410,43691330,1
06970410,10482140,1
06970410,36566244,1
06970410,06990599,1
06970410,83333237,1
06970410,09071847,1
06970410,22959779,1
06970410,83310292,1
15887193,54414413,1
15887193,97519130,1
15887193,16791646,1
15887193,58368647,1
15887193,40737557,1
13006347,55335287,1
13006347,57447230,1
13006347,13441262,1
13006347,52904599,1
13006347,51576885,1
13006347,54337634,1
13006347,57901144,1
13006347,15522348,1
13006347,57271936,1
13006347,48514425,1
13006347,37894564,1
13006347,42165186,1
13006347,19667707,1
13006347,48534725,1
13006347,44623180,1
13006347,57256870,1
13006347,55838925,1
54337634,57412589,1
54337634,54619214,1
54337634,57447230,1
54337634,57901144,1
54337634,57274451,1
08604284,18268274,1
08604284,37366665,1
08604284,20474705,1
08604284,10645837,1
08604284,24103019,1
08604284,52644030,1
13664105,50296978,1
13664105,44216917,1
28751132,43308259,1
28751132,33963982,1
28751132,29629465,1
28751132,37894564,1
28751132,36905323,1
28751132,48790338,1
28751132,55838925,1
30654074,34163651,1
30654074,51095821,1
38479011,56054911,1
38479011,46268382,1
38479011,53620896,1
38479011,57040497,1
38479011,53693498,1
38479011,52521807,1
38479011,46084556,1
38479011,52749841,1
38479011,52714865,1
38479011,44246433,1
38479011,50568409,1
38479011,48905309,1
38479011,49005255,1
38479011,53620897,1
38479011,55044297,1
38479011,52710594,1
38479011,49005717,1
13441262,28592039,1
13441262,30797118,1
13441262,47214336,1
13441262,49275814,1
13441262,54619214,1
13441262,28399610,1
30944772,55569173,1
30944772,42456738,1
30944772,51496129,1
30944772,48722769,1
30944772,48057302,1
30944772,57288974,1
30944772,57843588,1
05047900,63798490,1
05047900,14123038,1
05047900,19331137,1
05047900,38636618,1
48063233,83904854,1
56196880,57354388,1
56196880,56197324,1
56196880,57505264,1
56196880,56197605,1
01805483,08644666,1
01805483,08568637,1
83374587,83591107,1
27188364,48515616,1
27188364,56258608,1
56197324,57354388,1
56197324,57505264,1
56197324,56197605,1
34834598,40907690,1
34834598,48372268,1
18051655,43733001,1
18051655,30394439,1
18051655,47834153,1
18051655,29037515,1
17214358,23328224,1
17214358,63879381,1
00564984,50231311,1
00564984,04832721,1
00564984,14727334,1
00564984,63807010,1
00564984,13540164,1
00564984,26774151,1
00564984,57832184,1
00564984,08985066,1
00564984,04260683,1
00564984,48089475,1
00564984,36756496,1
00564984,37088883,1
00564984,04926358,1
00564984,08095318,1
00564984,04139846,1
00564984,51768121,1
00564984,63804116,1
00564984,04929683,1
00564984,13697835,1
00564984,04216876,1
00564984,01785921,1
00564984,83580423,1
00564984,01657482,1
00564984,26605604,1
00564984,83733212,1
00564984,00604451,1
00564984,52805783,1
00564984,05844378,1
21316122,26634582,1
21316122,53043724,1
09032170,51851595,1
09032170,28530322,1
09032170,52226841,1
06011816,32084868,1
06011816,24582596,1
15006343,15652417,1
05049432,10320549,1
05049432,47666291,1
05049432,07924602,1
05049432,45861983,1
05049432,30181304,1
05049432,55443749,1
05049432,37466456,1
05049432,54137324,1
05049432,53913111,1
05049432,11728366,1
05049432,55734874,1
05049432,31500254,1
42345486,50294570,1
42345486,48641053,1
42345486,57260815,1
42345486,55154690,1
00995543,34058036,1
13372101,27482302,1
13372101,58171437,1
13372101,15546463,1
13372101,31613883,1
13372101,54490498,1
14884312,31671814,1
14884312,41372115,1
14884312,33558212,1
14884312,29318625,1
14884312,24019363,1
14884312,17671920,1
14884312,40593909,1
14884312,17680127,1
14128175,21316122,1
19676520,57860781,1
19676520,40184687,1
47376279,57951217,1
47376279,83776310,1
19112682,22931947,1
19112682,54486914,1
19112682,47739796,1
19112682,28470670,1
19112682,35431809,1
19112682,21388618,1
19112682,51844319,1
19112682,39897231,1
05960071,15011981,1
05960071,41981831,1
00506826,48256984,1
00506826,08604284,1
00506826,12307469,1
00506826,03686767,1
00506826,03907064,1
00506826,08679561,1
00506826,33915999,1
00506826,63830889,1
00506826,04773604,1
34344872,41507783,1
34344872,40777483,1
34344872,57043963,1
13123494,40341393,1
13123494,16365944,1
13123494,13424484,1
36953059,50383902,1
36953059,37480610,1
36953059,50150082,1
36953059,84189950,1
36953059,46423577,1
36953059,41738095,1
36953059,55033552,1
12307469,48256984,1
12307469,83342162,1
12307469,20335130,1
12307469,14142921,1
12307469,28298039,1
12307469,33915999,1
12307469,16878140,1
12307469,16875649,1
12307469,63830889,1
12307469,51354213,1
12307469,34612325,1
12307469,26666570,1
03832803,04837983,1
03832803,42632898,1
03832803,34059823,1
17192091,20637538,1
54933735,55062134,1
10243905,37567308,1
10243905,18104871,1
10243905,22711023,1
10243905,46268382,1
10243905,14484483,1
10243905,14603843,1
10243905,13313677,1
10243905,12703882,1
10243905,12703958,1
10243905,16499871,1
10243905,44246433,1
10243905,11339572,1
10243905,10759158,1
10243905,46084556,1
10243905,12497824,1
10243905,16455522,1
10243905,11188852,1
10243905,11158828,1
10243905,54681456,1
10243905,14373109,1
10243905,39701877,1
10243905,36357201,1
23177869,52725302,1
23177869,54972801,1
23177869,58419253,1
23177869,37408057,1
23177869,52715767,1
23177869,45907772,1
37700829,46251157,1
37700829,52628936,1
37700829,50735105,1
04986493,09650597,1
04986493,37096754,1
04986493,48308237,1
04986493,44322244,1
04986493,47141710,1
04986493,24585352,1
04986493,23086436,1
04986493,29315940,1
23972434,38449067,1
23972434,36753763,1
22942684,34892620,1
22942684,48968763,1
22942684,52207979,1
22942684,36011750,1
03413610,03598742,1
03413610,04468348,1
03413610,63875165,1
03413610,26751767,1
03413610,10510596,1
03413610,21852592,1
03413610,17376894,1
03413610,04940478,1
03413610,04945692,1
03413610,10443098,1
29541134,39907822,1
29541134,57157601,1
29541134,42365622,1
29541134,83650374,1
29541134,48328555,1
29541134,42430618,1
29541134,55059900,1
29541134,46719213,1
29541134,44296529,1
29541134,46167663,1
29541134,49404135,1
29541134,46719330,1
29541134,54965803,1
54344984,57354388,1
54344984,56196880,1
54344984,56197324,1
54344984,55719309,1
54344984,57505264,1
54344984,56197605,1
54344984,54835289,1
09222792,43797846,1
09222792,43535347,1
04894309,08039111,1
04894309,34404656,1
04894309,10221711,1
10141151,10221771,1
10141151,10274836,1
10141151,10452277,1
01856514,04103240,1
01856514,07470621,1
01856514,28759993,1
20703650,44069236,1
01905015,01965495,1
01905015,02729304,1
01905015,04978201,1
01905015,24090419,1
01905015,56973785,1
01905015,54149287,1
01905015,83577494,1
01905015,56901344,1
04977567,26371829,1
04977567,54363300,1
04977567,40920760,1
04977567,40596590,1
04977567,49084948,1
04977567,41226380,1
49472451,49807533,1
08310667,18817255,1
08310667,10583461,1
08310667,26316361,1
08310667,42456738,1
08310667,38560895,1
06165777,50708096,1
06165777,30106711,1
06165777,15509357,1
06165777,57370622,1
06165777,56936038,1
06165777,54850493,1
07967421,16867560,1
07967421,14111411,1
53620896,56054911,1
53620896,57040497,1
53620896,53693498,1
53620896,55044297,1
12541811,14704628,1
12541811,19770132,1
09268385,40919178,1
09268385,51218898,1
09268385,19943304,1
56389239,97541765,1
07089052,11317886,1
07089052,10867199,1
07089052,09269331,1
07089052,12261028,1
07089052,37808513,1
07089052,10856814,1
07089052,28540547,1
07089052,14906923,1
18596380,27283131,1
18596380,47074615,1
18596380,28802660,1
18596380,31263248,1
18596380,57871692,1
18596380,49706701,1
18596380,42155025,1
26350235,39927204,1
26350235,27964315,1
26350235,45907772,1
26350235,29229411,1
26350235,44175488,1
07585347,18819000,1
05101063,10771275,1
05101063,40160490,1
05101063,09396095,1
05101063,08821446,1
05101063,34919721,1
05101063,17489587,1
05101063,11832551,1
05101063,30532710,1
05101063,08966851,1
05101063,18352188,1
05101063,07778090,1
05101063,06087277,1
05101063,14402035,1
05101063,55705246,1
43683105,48468765,1
43683105,54778102,1
43683105,83352807,1
43683105,49582386,1
08598867,55584794,1
08598867,18375101,1
08598867,41555765,1
47401879,52912260,1
08296547,34647404,1
08296547,12804935,1
04358394,13542805,1
04358394,04713140,1
04358394,34839597,1
04358394,21565257,1
04358394,54184008,1
04358394,37327728,1
04250280,34938447,1
04250280,41205074,1
04250280,17166598,1
04250280,46610289,1
12532690,37444553,1
12532690,55224434,1
12532690,15011981,1
12532690,83383638,1
24425982,33930331,1
24425982,53281247,1
24425982,48611660,1
24425982,45737222,1
24425982,53369432,1
24425982,57278636,1
30369379,56439858,1
30369379,37082268,1
30369379,39702115,1
30369379,31353578,1
14710306,83836155,1
14710306,48638604,1
14710306,15748239,1
14710306,37372893,1
14710306,17096246,1
14710306,49925126,1
47538064,48661347,1
47538064,47858418,1
47538064,48667370,1
47538064,57859208,1
47538064,48661389,1
47538064,52082507,1
47538064,48661339,1
13545725,27141093,1
13545725,14727495,1
13545725,55177767,1
13545725,57166504,1
13545725,42891238,1
32800910,52228257,1
32800910,55534246,1
32800910,51310351,1
32800910,50180210,1
42456738,55569173,1
42456738,51496129,1
42456738,48722769,1
42456738,48057302,1
42456738,57288974,1
42456738,57843588,1
05497400,19574915,1
05497400,05982898,1
05497400,11054792,1
27235446,33011124,1
27235446,50295356,1
27235446,83776310,1
27235446,52141673,1
27235446,45930578,1
27235446,46632259,1
27235446,53994812,1
27235446,31353578,1
27235446,58264935,1
02615898,29066949,1
02615898,50152207,1
02615898,25054717,1
02615898,30060978,1
30106711,50708096,1
30106711,57370622,1
30106711,56936038,1
30106711,54850493,1
11330983,24405076,1
11330983,43054032,1
11330983,31707647,1
05423058,19667707,1
04204764,46459672,1
04204764,48419861,1
04204764,41296756,1
04204764,83650606,1
04204764,49628310,1
04683756,17945714,1
04683756,56949552,1
04683756,14131803,1
54137324,55443749,1
54137324,55734874,1
08821446,10774943,1
23925091,29982883,1
23925091,34808701,1
23925091,48661347,1
23925091,28226844,1
23925091,47538064,1
23925091,29329280,1
23925091,29329396,1
23925091,47858418,1
23925091,48667370,1
23925091,57859208,1
23925091,48661389,1
23925091,24902119,1
23925091,52082507,1
23925091,37014309,1
23925091,48661339,1
19954308,50383902,1
19954308,37480610,1
19954308,36953059,1
19954308,33075616,1
19954308,41738095,1
19954308,55033552,1
13518879,35512491,1
13518879,37682669,1
13518879,18341092,1
13518879,19339615,1
00689952,28226844,1
00689952,47538064,1
00689952,23925091,1
00689952,29329280,1
00689952,29329396,1
00689952,37014309,1
29318625,31671814,1
29318625,41372115,1
29318625,33558212,1
29318625,40593909,1
01273615,14113625,1
01273615,03915112,1
01273615,10516075,1
01273615,57463357,1
01273615,31569431,1
09145594,45457749,1
09145594,53712175,1
09145594,10824588,1
09145594,32245462,1
10849832,45125013,1
10849832,38086505,1
10849832,43785602,1
09032170,25010370,1
09032170,21816179,1
09032170,39466075,1
09032170,50256091,1
06307350,18268274,1
06307350,08679561,1
06307350,37366665,1
06307350,20474705,1
06307350,63830889,1
06307350,08604284,1
06307350,14142921,1
06307350,20335130,1
06307350,51354213,1
06307350,26666570,1
06307350,10645837,1
06307350,83342162,1
06307350,16875649,1
06307350,28298039,1
06307350,24103019,1
06307350,48256984,1
06307350,16878140,1
06307350,07932841,1
06307350,12307469,1
06307350,08658243,1
06307350,34612325,1
06307350,52644030,1
53722842,54619214,1
53722842,83367219,1
14142921,18268274,1
14142921,37366665,1
14142921,20474705,1
14142921,63830889,1
14142921,20335130,1
14142921,51354213,1
14142921,26666570,1
14142921,83342162,1
14142921,16875649,1
14142921,28298039,1
14142921,24103019,1
14142921,48256984,1
14142921,16878140,1
14142921,34612325,1
14142921,52644030,1
54149287,56901344,1
54149287,83577494,1
54149287,57054467,1
14035257,63821433,1
14035257,49511698,1
14035257,24941006,1
14035257,19318101,1
14035257,22948210,1
05099585,83332908,1
11358828,11438135,1
11358828,57372381,1
11358828,15006343,1
11358828,15652417,1
11358828,18983720,1
11358828,16739367,1
14128175,50644116,1
14128175,52451608,1
14128175,31255188,1
14128175,15695709,1
50288425,55991912,1
50288425,50738091,1
20646718,83650606,1
20646718,40898023,1
20646718,34857185,1
20646718,47762995,1
20646718,44876831,1
20646718,45636574,1
04955076,55836697,1
04955076,20772022,1
04955076,12575749,1
04955076,21995320,1
04955076,13466770,1
08084503,27482468,1
08084503,15165486,1
08084503,17697451,1
08084503,36498730,1
05006978,10558082,1
05006978,50180210,1
05006978,52228257,1
34834598,41640208,1
34834598,55039592,1
34834598,55039591,1
34834598,38004252,1
34834598,51882053,1
04274851,53977131,1
04274851,45785884,1
04274851,49048845,1
21171923,21347373,1
03577000,57285529,1
03577000,14514225,1
03577000,53752478,1
03577000,04228531,1
03577000,83914226,1
03577000,12534508,1
03577000,27773901,1
03577000,20589457,1
33075616,57886627,1
33075616,51861009,1
33075616,47728638,1
33075616,55533763,1
41297076,42084429,1
41297076,57901736,1
41297076,54007941,1
41297076,54012325,1
30024558,46880259,1
30024558,32399536,1
30024558,47734486,1
04820684,11712835,1
04820684,09449456,1
37894564,47214336,1
37894564,49275814,1
37894564,54619214,1
07263172,56389239,1
54332505,54619214,1
38493454,39904597,1
04101986,28470290,1
04430102,04820684,1
04430102,11712835,1
04430102,09449456,1
63873012,84260843,1
83330902,97525770,1
21623664,48520164,1
21623664,56607226,1
21623664,32783115,1
21623664,54082777,1
21623664,37527386,1
21623664,39849493,1
21623664,42493984,1
25292639,49404135,1
25292639,39907822,1
25292639,46167663,1
25292639,57157601,1
09016708,42569191,1
09016708,49915450,1
09016708,28751132,1
09016708,44258095,1
09016708,20443071,1
09016708,30746245,1
09016708,48925720,1
09016708,12576225,1
11050450,29094192,1
11050450,49919081,1
11050450,28111886,1
26949965,44266895,1
23006602,46281097,1
23006602,50913330,1
23006602,44809715,1
24819389,42338125,1
24819389,52781311,1
04367720,19112682,1
04367720,05054671,1
04367720,34834598,1
04367720,83367466,1
04367720,08708911,1
04367720,08178406,1
04367720,14177338,1
04367720,48546635,1
04367720,52153417,1
04367720,28154395,1
04367720,05575188,1
09109396,13309587,1
09109396,26949965,1
09109396,18087152,1
09109396,44266895,1
43488153,46315117,1
43488153,54277533,1
43488153,51023682,1
43488153,47498041,1
43488153,52041941,1
43488153,55590398,1
10898375,33256711,1
10898375,15693111,1
10898375,24429020,1
10898375,25292639,1
10898375,46167663,1
10898375,42365622,1
10898375,54965803,1
10898375,57387226,1
10898375,25232025,1
10898375,42430618,1
10898375,25450169,1
10898375,14862196,1
10898375,12676701,1
57719959,58421459,1
04986493,08039111,1
04986493,34404656,1
04986493,10221711,1
02506005,27276028,1
02506005,30821804,1
02506005,30821818,1
02506005,42034608,1
02506005,04303589,1
02506005,52192449,1
02506005,45344812,1
13505704,63873012,1
13505704,36638478,1
13505704,54779266,1
13505704,58421459,1
13505704,54168712,1
13505704,51583724,1
13505704,57486261,1
12956302,16991990,1
18449805,45006823,1
18449805,55890375,1
05261425,56604016,1
05261425,28377143,1
05261425,22947144,1
09385552,52966267,1
09385552,19072960,1
09385552,51219805,1
09385552,55088212,1
09385552,20703650,1
09385552,24117759,1
09385552,54328041,1
09385552,55074806,1
11412157,36860331,1
11412157,35649285,1
11323475,13266769,1
11323475,15087218,1
11323475,13432814,1
11323475,29101154,1
11323475,13441262,1
11323475,12852303,1
11323475,41857347,1
11323475,46515622,1
11323475,46862781,1
11323475,12852383,1
44752436,58032296,1
51161425,63848360,1
09133469,11050213,1
09037966,09162657,1
53693498,56054911,1
53693498,57040497,1
53693498,55044297,1
08197946,14085265,1
08197946,23454611,1
08197946,40710540,1
08197946,54804007,1
08197946,36648048,1
31173964,44139918,1
03293895,42078747,1
03293895,35657820,1
22375502,36335105,1
48089475,50231311,1
48089475,63807010,1
48089475,57832184,1
48089475,51768121,1
48089475,63804116,1
48089475,83580423,1
48089475,83733212,1
48089475,52805783,1
11271879,30846705,1
11271879,40272576,1
11271879,19552859,1
11271879,12312802,1
11271879,20917171,1
08624482,14883720,1
05703858,08310667,1
05703858,18817255,1
05703858,10583461,1
05703858,26316361,1
05703858,42456738,1
05703858,38560895,1
03598742,13141538,1
03598742,30561198,1
03598742,37029327,1
03598742,19574915,1
03598742,22870183,1
03598742,27645165,1
02831684,21848243,1
02831684,04787941,1
02831684,06297912,1
02831684,15625840,1
02831684,07336180,1
02831684,30092434,1
57585886,57585889,1
57585886,57586681,1
57585886,57859208,1
57585886,57586823,1
57585886,57586012,1
46154873,54215361,1
34839597,54184008,1
34839597,37327728,1
17458616,22505482,1
17214018,20646718,1
17214018,83650606,1
17214018,40898023,1
17214018,34857185,1
17214018,47762995,1
17214018,44876831,1
17214018,45636574,1
11909509,44609947,1
11909509,21171923,1
11909509,14710306,1
11909509,83836155,1
11909509,48638604,1
11909509,43291259,1
11909509,15748239,1
11909509,37372893,1
11909509,17096246,1
11909509,49925126,1
12077482,19138573,1
12077482,13065972,1
12077482,20637353,1
01009446,45690390,1
01009446,22552787,1
01009446,14134894,1
04334784,50024923,1
04334784,47628709,1
04334784,34761708,1
04334784,53324172,1
33612205,39647543,1
33612205,47799899,1
03419209,03882048,1
03419209,03619136,1
12119516,39329738,1
12119516,23179396,1
12119516,83650606,1
12119516,41019135,1
12119516,41307302,1
12119516,18753050,1
23910245,36673863,1
23910245,27221730,1
05497400,33373675,1
14339442,40393285,1
14339442,55689625,1
19667707,32578872,1
48515616,56258608,1
36756496,50231311,1
36756496,63807010,1
36756496,57832184,1
36756496,48089475,1
36756496,37088883,1
36756496,51768121,1
36756496,63804116,1
36756496,83580423,1
36756496,83733212,1
36756496,52805783,1
30911737,83318303,1
08019823,47923475,1
20772022,55836697,1
20772022,21995320,1
04330842,34141749,1
13778280,35781981,1
13778280,17986326,1
13778280,26837348,1
13778280,38478097,1
45746520,49475654,1
02095292,26455653,1
02095292,57707810,1
02095292,04896759,1
02095292,04320354,1
02095292,03932328,1
02095292,45039499,1
40856762,51761269,1
19266161,23528778,1
19266161,33714406,1
19266161,47858418,1
19266161,53688481,1
19266161,48661389,1
19266161,57585889,1
19266161,34808701,1
19266161,19614800,1
19266161,57585885,1
19266161,57585886,1
19266161,48661339,1
19266161,24574133,1
19266161,29329295,1
19266161,57586681,1
19266161,29982883,1
19266161,57859208,1
19266161,52082507,1
19266161,48661347,1
19266161,24902119,1
19266161,20547974,1
19266161,48667370,1
19266161,29460787,1
19266161,57586823,1
19266161,57586012,1
13990881,45542777,1
13990881,35382354,1
13990881,27774887,1
13990881,36747910,1
13990881,47150118,1
13990881,54978908,1
21816179,25010370,1
21816179,39466075,1
21816179,50256091,1
29639407,42489131,1
29639407,56701497,1
29639407,35411970,1
30095431,33301872,1
30095431,51010500,1
03228396,20587643,1
03228396,44169030,1
03228396,39476297,1
03228396,58115694,1
37088883,50231311,1
37088883,63807010,1
37088883,57832184,1
37088883,48089475,1
37088883,51768121,1
37088883,63804116,1
37088883,83580423,1
37088883,83733212,1
37088883,52805783,1
27466183,83318022,1
27466183,35726153,1
30141307,47300713,1
30141307,37913315,1
32203973,44374020,1
38493454,42932312,1
38493454,41981831,1
38493454,51072301,1
38493454,50793030,1
38493454,42048940,1
38493454,39292533,1
38493454,50288425,1
38493454,55991912,1
18341092,19339615,1
37074548,97519130,1
14113625,57463357,1
14113625,31569431,1
38651268,40695263,1
38651268,58246272,1
38651268,43011102,1
38651268,54229231,1
38651268,57363999,1
05024583,15415504,1
05024583,26341686,1
05024583,17359676,1
02248483,57211830,1
02248483,04996064,1
02248483,26781437,1
02248483,37554911,1
02248483,36036599,1
04926358,50231311,1
04926358,14727334,1
04926358,63807010,1
04926358,13540164,1
04926358,26774151,1
04926358,57832184,1
04926358,08985066,1
04926358,48089475,1
04926358,36756496,1
04926358,37088883,1
04926358,08095318,1
04926358,51768121,1
04926358,63804116,1
04926358,04929683,1
04926358,13697835,1
04926358,83580423,1
04926358,26605604,1
04926358,83733212,1
04926358,52805783,1
04926358,05844378,1
38137834,54337760,1
44459996,45609353,1
04910063,47056541,1
04910063,20663960,1
04910063,07637324,1
04910063,21144580,1
04910063,10773426,1
04910063,09243089,1
04910063,17644498,1
11285757,35281512,1
39798088,83760785,1
39798088,52603474,1
39798088,53851546,1
39798088,46626596,1
41326933,83650606,1
06105070,07932841,1
06105070,16875649,1
06105070,08658243,1
06105070,16878140,1
06105070,14142921,1
38086505,47490823,1
38086505,58266450,1
27482326,46425851,1
27482326,42362820,1
27482326,36175231,1
27482326,30897936,1
11076908,24208252,1
42042237,57951217,1
42042237,47376279,1
42042237,83776310,1
05506822,08966851,1
17086225,45388597,1
17086225,43092012,1
27389567,27491793,1
27389567,27413530,1
27389567,27491714,1
27389567,27491827,1
27389567,38628049,1
05373418,07772245,1
05373418,42621451,1
05373418,06145428,1
05373418,42793884,1
05373418,06189829,1
05373418,46286669,1
05373418,05994636,1
05373418,07919179,1
05373418,84154608,1
05373418,45245872,1
41449903,45125013,1
41449903,43785602,1
30258795,40710540,1
41719884,45883575,1
41719884,49404135,1
41719884,57157601,1
14625319,16455543,1
05403944,83657999,1
05403944,44910648,1
05403944,48791338,1
57486261,63873012,1
06218272,08064221,1
06218272,22445325,1
06218272,08068245,1
06970421,43691330,1
06970421,36566244,1
11438135,44592083,1
11438135,46290445,1
11438135,45012561,1
15297070,22983316,1
15297070,44069236,1
10447607,83358887,1
10447607,32958687,1
06866718,19954308,1
06866718,07031623,1
06866718,14631621,1
06866718,10824588,1
06866718,09163579,1
06866718,08904510,1
06866718,30214709,1
06866718,84189950,1
06866718,46423577,1
06866718,21665630,1
06866718,09145594,1
06866718,34679456,1
06866718,15415504,1
06866718,50150082,1
06866718,18548319,1
15356894,16558404,1
15356894,55752041,1
15356894,45046766,1
15356894,29762953,1
24375252,57202732,1
24375252,35162349,1
24375252,48748664,1
07772245,14795245,1
07772245,41671572,1
45094160,52412926,1
34938447,41205074,1
34938447,46610289,1
11066360,83318303,1
11066360,30911737,1
11066360,22377831,1
11066360,22747837,1
38313382,55568217,1
42034608,52192449,1
42034608,45344812,1
17489587,57818442,1
17489587,27471769,1
17489587,27786323,1
17489587,28306797,1
17489587,31211327,1
17489587,34919721,1
02070981,22106597,1
02070981,36676168,1
02573661,57782858,1
02573661,47762479,1
02573661,06957217,1
02573661,38056616,1
02573661,27520027,1
02573661,26634582,1
47793404,55320461,1
47793404,55800799,1
47793404,52029812,1
03350922,17794978,1
03350922,53999238,1
03350922,56212443,1
03350922,16899848,1
03350922,50652832,1
37894564,57271936,1
37894564,52904599,1
37894564,54337634,1
37894564,55838925,1
37894564,57412589,1
37894564,48534725,1
37894564,57256870,1
37894564,42165186,1
37894564,51576885,1
37894564,57447230,1
37894564,57901144,1
37894564,57274451,1
37894564,48528560,1
37894564,55335287,1
49007882,57288974,1
18824674,47739789,1
18824674,31859493,1
18824674,26495569,1
18824674,33462266,1
22613198,46182869,1
22613198,22929707,1
22613198,44125923,1
22613198,54602056,1
54149287,55248246,1
54149287,57462001,1
04708210,50142370,1
22983316,44069236,1
40195862,47262312,1
40195862,43182281,1
40195862,48303623,1
40195862,43233967,1
40195862,54931730,1
04916201,04996064,1
04916201,12532690,1
04916201,55224434,1
04916201,15011981,1
04916201,83383638,1
04916201,08749495,1
04916201,05441787,1
04916201,11273197,1
04916201,09529408,1
09471801,83589358,1
09471801,33075616,1
09471801,48042327,1
09471801,29193763,1
09471801,19046130,1
12867278,31671814,1
12867278,41372115,1
12867278,33558212,1
12867278,14884312,1
12867278,29318625,1
12867278,24019363,1
12867278,17671920,1
12867278,40593909,1
12867278,17680127,1
05553060,10274836,1
05553060,09388757,1
05553060,19113461,1
06105070,83207902,1
06105070,06328911,1
06105070,26720419,1
06105070,20702538,1
07887094,38088444,1
07887094,41297076,1
07887094,39306305,1
07887094,63854616,1
07887094,32885424,1
07887094,09665544,1
07887094,26318791,1
07887094,50776147,1
07887094,15578342,1
07887094,38086505,1
07887094,52279393,1
07887094,49032101,1
07887094,47027121,1
08036041,57705545,1
21171923,57951448,1
21171923,55773754,1
21171923,83209072,1
12784795,35512491,1
12784795,13518879,1
12784795,37682669,1
12784795,18341092,1
12784795,19339615,1
08838110,46903675,1
08838110,53066181,1
21417435,30060831,1
19072960,45334700,1
19072960,27299058,1
19072960,25152209,1
19072960,53769781,1
03143991,24090419,1
03143991,52079366,1
03143991,31893051,1
05572173,11398616,1
05572173,48967438,1
15195663,41699731,1
15195663,44000141,1
15195663,37916411,1
04936852,56954617,1
04936852,83347427,1
04991576,34620138,1
07489442,12132917,1
07489442,29751618,1
07489442,39786136,1
07489442,10844923,1
07489442,07791787,1
07489442,37696690,1
07489442,55572124,1
07489442,14656125,1
00904810,10856282,1
00904810,41955344,1
45096265,48143438,1
19867404,39584007,1
19867404,21171923,1
19867404,55037698,1
19867404,43291259,1
19867404,44609947,1
19867404,45807994,1
19867404,46005113,1
19867404,31769289,1
19867404,52191322,1
19867404,40777020,1
19867404,30863841,1
37567308,56054911,1
37567308,38479011,1
37567308,57040497,1
37567308,53693498,1
37567308,52749841,1
37567308,52714865,1
37567308,50568409,1
37567308,49005255,1
37567308,55044297,1
37567308,52710594,1
37567308,49005717,1
16990216,43291259,1
16990216,21347373,1
16990216,17906978,1
16990216,21171923,1
16990216,16990243,1
16990216,16990222,1
16990216,19693476,1
16990216,16990233,1
16990216,16990253,1
51357212,54545658,1
51357212,53874270,1
51357212,53620896,1
51357212,55273088,1
51357212,56090606,1
51357212,55207387,1
51357212,58447768,1
51357212,54782375,1
51357212,53874267,1
51357212,53620897,1
50634157,51688868,1
50634157,56690298,1
52521807,56054911,1
52521807,57040497,1
52521807,53693498,1
52521807,52749841,1
52521807,52714865,1
13432814,15087218,1
13432814,29101154,1
13432814,13441262,1
13432814,41857347,1
13432814,46515622,1
13432814,46862781,1
25261893,41507783,1
25261893,34344872,1
25261893,40777483,1
25261893,57043963,1
12703958,39701877,1
12703958,52521807,1
12703958,14373109,1
12703958,44246433,1
12703958,13313677,1
12703958,46268382,1
12703958,16455522,1
12703958,14625319,1
12703958,16499871,1
12703958,36357201,1
12703958,14376007,1
12703958,14603843,1
12703958,37567308,1
12703958,46084556,1
12703958,18104871,1
12703958,54048782,1
12703958,14484483,1
12703958,22928991,1
51507395,83308593,1
19844527,53720730,1
54828778,55597833,1
54828778,57435663,1
54828778,58356738,1
54828778,57859703,1
35382354,45542777,1
35382354,36747910,1
35382354,47150118,1
35382354,54978908,1
16499871,44246433,1
16499871,46084556,1
16499871,18104871,1
16499871,22928991,1
11515099,16553252,1
51364832,52009675,1
51364832,55410102,1
50150082,50383902,1
50150082,55033552,1
50211451,63883672,1
50211451,57589252,1
50864376,54376633,1
17907779,33574353,1
17907779,37416022,1
17907779,34671172,1
17907779,30859603,1
14607706,34684399,1
14607706,15275597,1
04868040,43163459,1
04868040,43762317,1
04868040,21490094,1
21565257,34839597,1
21565257,54184008,1
21565257,37327728,1
29568343,52350217,1
51784670,58421459,1
51784670,54898502,1
51784670,54758331,1
48661339,53688481,1
48661339,48661389,1
48661339,57585889,1
48661339,57585885,1
48661339,57585886,1
48661339,57586681,1
48661339,57859208,1
48661339,52082507,1
48661339,48661347,1
48661339,48667370,1
48661339,57586823,1
48661339,57586012,1
46425851,50669775,1
10250732,44296529,1
10250732,55509645,1
27511505,31173964,1
27511505,32203164,1
27511505,50545443,1
27511505,29711707,1
27511505,48222642,1
27511505,56060720,1
38636607,63851000,1
38636607,50826962,1
38636607,83658401,1
38636607,46280550,1
38636607,44254467,1
02795935,19072960,1
02795935,55088212,1
02795935,51219805,1
02795935,24117759,1
02795935,52966267,1
02795935,20703650,1
02795935,54328041,1
02795935,17495231,1
02795935,55074806,1
02795935,14698658,1
05944959,32203164,1
05944959,44139918,1
05944959,08512819,1
05944959,10647024,1
35517311,45907772,1
35517311,43012876,1
35517311,57311619,1
35517311,44175488,1
52979675,54425045,1
52979675,54498618,1
12918898,22380291,1
12918898,53208704,1
12918898,20990397,1
12918898,44951938,1
12918898,46020659,1
12918898,14564858,1
12918898,20990430,1
12918898,14145403,1
12918898,63820492,1
12918898,83859231,1
12918898,52203046,1
12918898,15648147,1
35710975,54898502,1
35710975,63873012,1
35710975,57486261,1
35710975,48221291,1
23045213,24873159,1
23045213,35829796,1
23045213,51944055,1
23045213,58063535,1
33151180,58022109,1
27299058,45334700,1
27299058,53769781,1
19135745,38263933,1
19135745,54352353,1
19135745,22947144,1
19135745,28556091,1
19135745,33462289,1
19135745,49976150,1
19135745,83311464,1
19135745,58312931,1
19135745,54049487,1
13712841,36471722,1
53853824,83335448,1
37788555,47456294,1
37788555,42590211,1
37788555,52905513,1
37788555,39337501,1
09721936,29568343,1
09721936,18040968,1
09721936,52350217,1
08658243,48256984,1
08658243,83342162,1
08658243,20335130,1
08658243,12307469,1
08658243,14142921,1
08658243,08679561,1
08658243,28298039,1
08658243,33915999,1
08658243,16878140,1
08658243,16875649,1
08658243,63830889,1
08658243,51354213,1
08658243,34612325,1
08658243,26666570,1
28298039,28809856,1
28298039,30728534,1
28298039,46140895,1
28298039,48125531,1
09687570,52521807,1
09687570,54048782,1
09687570,22928991,1
14710390,35289849,1
14710390,23522994,1
14710390,18879278,1
03547690,51567127,1
03547690,43598601,1
03547690,52203046,1
03547690,24834742,1
03547690,38028570,1
03547690,63807010,1
03547690,50564262,1
20747693,42207469,1
20747693,46889802,1
20747693,29761286,1
20747693,45489303,1
13656853,14082366,1
13656853,32755479,1
13656853,46965583,1
12703882,18104871,1
12703882,22711023,1
12703882,13313677,1
12703882,44246433,1
12703882,46084556,1
12703882,54681456,1
04722112,53001776,1
04722112,36359823,1
04722112,47195355,1
04722112,37606859,1
04722112,37828319,1
04722112,30523678,1
04722112,19460932,1
33260091,84152784,1
33260091,46962390,1
33260091,54363300,1
19487871,24765057,1
19487871,52309305,1
10473495,26634582,1
10473495,21316122,1
10473495,10627815,1
10473495,12455695,1
10473495,53043724,1
04820502,26634582,1
04820502,12049758,1
04820502,05278613,1
04820502,06164703,1
04820502,30047480,1
20442044,32889146,1
04784037,39352942,1
04784037,10453516,1
04784037,05844302,1
04784037,51431935,1
20686836,57262161,1
20686836,24031228,1
20686836,54032852,1
20686836,63887699,1
20686836,53516343,1
20686836,24585567,1
20686836,26329036,1
14373109,49005717,1
14373109,48905309,1
14373109,55044297,1
14373109,53620897,1
14373109,52710594,1
14373109,49005255,1
14373109,53620896,1
12298780,23983251,1
12298780,40195862,1
12298780,19792959,1
12298780,47262312,1
12298780,43182281,1
12298780,48303623,1
12298780,25316468,1
12298780,39814966,1
12298780,43233967,1
12298780,54931730,1
12298780,34591310,1
23472709,41719884,1
23472709,27036725,1
04320354,36915933,1
04320354,08240622,1
04320354,43455347,1
25257333,51480797,1
25257333,35848562,1
25257333,32708852,1
25257333,26050345,1
25257333,44774200,1
25257333,55178104,1
25257333,35440665,1
25257333,48145943,1
12703882,22928991,1
19210249,34624874,1
19210249,54978521,1
08362093,45180493,1
08362093,44610631,1
08362093,50749622,1
13590728,33301872,1
13590728,30095431,1
13590728,51010500,1
13590728,20239662,1
46166002,46903675,1
46166002,53066181,1
20335130,37366665,1
20335130,20474705,1
20335130,24103019,1
20335130,52644030,1
20867885,29263806,1
20867885,48622839,1
31205691,53160102,1
31205691,32267624,1
17630678,39558468,1
17630678,83338145,1
17630678,48780328,1
15693111,33256711,1
15693111,24429020,1
15693111,25292639,1
15693111,46167663,1
15693111,42365622,1
15693111,54965803,1
15693111,57387226,1
15693111,25232025,1
15693111,42430618,1
15693111,25450169,1
09072358,45914646,1
09072358,47283831,1
09072358,13652047,1
09072358,17333156,1
05234473,50735038,1
05234473,28128547,1
05234473,05871339,1
05234473,15257553,1
05234473,29180884,1
05234473,25316328,1
54109803,54653109,1
02292657,23908892,1
37578286,39685402,1
37578286,54184008,1
37578286,42482138,1
37578286,44018916,1
37578286,47712951,1
37578286,48082781,1
37578286,43020362,1
37578286,52157392,1
16631741,28530084,1
16631741,44592083,1
16631741,57372381,1
16631741,16739367,1
16631741,55127081,1
16631741,18983720,1
16631741,28551662,1
08543124,36093790,1
08543124,22663610,1
08543124,51357212,1
08543124,11472533,1
30859603,37416022,1
30859603,39274002,1
30859603,50227993,1
04722070,37066260,1
04722070,28463128,1
02671917,09163579,1
02671917,18548319,1
02671917,84189950,1
02671917,50150082,1
02671917,09145594,1
02671917,31783432,1
02671917,17359676,1
02671917,46423577,1
02671917,50124913,1
02671917,45457749,1
02671917,53712175,1
02671917,10824588,1
02671917,08904510,1
02671917,15415504,1
02671917,05024583,1
02671917,32245462,1
02671917,14631621,1
02671917,07031623,1
02671917,19954308,1
48638604,83836155,1
48638604,49925126,1
15249867,26667468,1
11317886,12261028,1
11317886,37808513,1
11317886,28540547,1
11317886,14906923,1
10290217,56927303,1
10290217,41507783,1
10290217,10349450,1
10290217,12094545,1
10290217,63859474,1
10290217,11248496,1
10290217,11161770,1
10290217,53056705,1
54277533,55590398,1
32708852,51480797,1
32708852,35848562,1
32708852,44774200,1
32708852,55178104,1
32708852,35440665,1
32708852,48145943,1
44296529,55509645,1
05419815,16558404,1
05419815,55752041,1
05419815,15356894,1
05419815,45046766,1
05419815,29762953,1
36093790,51357212,1
30394439,43733001,1
30394439,47834153,1
07791787,57271936,1
07791787,28399610,1
07791787,11140735,1
07791787,25257333,1
07791787,52904599,1
07791787,54337634,1
07791787,37894564,1
07791787,55838925,1
07791787,57412589,1
07791787,19667707,1
07791787,48534725,1
07791787,28592039,1
07791787,13006347,1
07791787,15522348,1
07791787,57256870,1
07791787,54619214,1
07791787,30797118,1
07791787,36253093,1
07791787,42165186,1
07791787,51576885,1
07791787,57447230,1
07791787,57901144,1
07791787,57274451,1
07791787,48528560,1
07791787,55335287,1
24250973,55465845,1
24250973,52963361,1
24250973,54758331,1
24250973,53049576,1
24250973,54813835,1
24250973,51903677,1
39438443,55533661,1
33963982,43308259,1
33963982,37894564,1
33963982,36905323,1
33963982,48790338,1
33963982,55838925,1
09320398,29967625,1
09320398,15752934,1
09320398,50086253,1
09320398,26773334,1
09320398,12620846,1
09320398,34847855,1
09320398,17185268,1
09320398,15280902,1
09320398,43406576,1
09320398,11654469,1
12703882,19532039,1
12703882,16845198,1
12703882,27015623,1
12703882,50841256,1
48780328,83338145,1
07569921,10716301,1
07569921,11402883,1
10716301,55586704,1
10716301,31872486,1
04497401,38137834,1
04497401,19493009,1
04497401,05827023,1
04497401,30789357,1
04497401,54337760,1
04497401,22337116,1
05387287,39798088,1
05387287,33718845,1
01844946,04898060,1
01844946,83211128,1
01844946,34988408,1
01844946,17252899,1
09397802,19113461,1
02289157,32084868,1
02289157,24582596,1
21446561,36849504,1
21446561,63851000,1
05564703,38535572,1
05442850,44609947,1
05442850,21171923,1
05442850,14710306,1
05442850,11909509,1
05442850,83836155,1
05442850,48638604,1
05442850,43291259,1
05442850,15748239,1
05442850,37372893,1
05442850,17096246,1
05442850,49925126,1
05442850,05726886,1
36357201,46268382,1
36357201,44246433,1
36357201,37567308,1
36357201,46084556,1
15504991,52831029,1
42285042,63847792,1
07919384,83315408,1
07919384,35517311,1
46084556,56054911,1
46084556,46268382,1
46084556,57040497,1
46084556,53693498,1
46084556,52521807,1
46084556,52749841,1
46084556,52714865,1
46084556,50568409,1
46084556,49005255,1
46084556,55044297,1
46084556,52710594,1
46084556,49005717,1
12138104,40184742,1
12138104,58341070,1
12138104,17039621,1
31339809,42456738,1
31339809,54149287,1
31339809,55248246,1
31339809,83577494,1
31339809,56901344,1
31339809,57462001,1
27550096,33560445,1
27550096,57516830,1
31610950,56904767,1
31610950,56167438,1
31610950,55524217,1
53281247,53369432,1
53281247,57278636,1
10867199,11317886,1
10867199,12261028,1
10867199,37808513,1
10867199,28540547,1
10867199,14906923,1
05101063,30534814,1
05101063,15762776,1
05101063,20735238,1
05101063,05551713,1
05101063,30874272,1
05101063,52202571,1
05101063,21062604,1
05101063,49356704,1
05101063,10774943,1
05101063,52262984,1
12930445,49987277,1
12930445,31836940,1
12930445,43119085,1
45738902,83856187,1
42325991,54877610,1
11167648,50294570,1
11167648,48641053,1
11167648,22327998,1
11167648,53713512,1
11167648,42345486,1
11167648,57260815,1
11167648,55154690,1
28208758,57583421,1
10293999,11353934,1
10293999,52722554,1
22895795,52439075,1
28556091,38263933,1
28556091,54352353,1
28556091,33462289,1
28556091,49976150,1
28556091,83311464,1
28556091,58312931,1
28556091,54049487,1
20473085,57719959,1
20473085,35040545,1
20473085,49020752,1
20473085,51784670,1
20473085,39468581,1
20473085,53271619,1
20473085,56281977,1
56187505,57348829,1
46001783,57211830,1
46001783,83368993,1
04410093,49451128,1
23493593,51364832,1
23493593,52009675,1
23493593,55410102,1
23493593,33075616,1
01243399,45918291,1
01243399,25128306,1
01243399,45608047,1
01243399,27782355,1
23446838,40391475,1
23446838,40391098,1
23446838,40390227,1
23446838,40392129,1
23446838,40651924,1
23446838,42056628,1
23446838,40392132,1
23446838,42413145,1
28123922,39350516,1
28123922,56901344,1
28123922,54149287,1
28123922,83577494,1
28123922,57054467,1
55903468,56335061,1
10510596,63875165,1
10510596,26751767,1
10510596,21852592,1
10510596,17376894,1
05595918,28799388,1
05595918,19799456,1
05595918,41349841,1
05595918,11060524,1
05595918,37462625,1
05595918,28018412,1
02071117,30678141,1
02071117,04330842,1
02071117,18819000,1
19667707,39647543,1
19667707,55413071,1
19667707,33596603,1
19667707,33612205,1
19667707,43347791,1
35336252,47490823,1
35336252,43724649,1
35336252,42053547,1
35336252,63887202,1
35336252,52364224,1
35336252,44118671,1
10844923,12132917,1
10844923,29751618,1
10844923,39786136,1
10844923,37696690,1
10844923,55572124,1
10844923,14656125,1
50295356,83776310,1
50295356,52141673,1
50295356,53994812,1
50295356,58264935,1
21852592,63875165,1
21852592,26751767,1
22903246,24873159,1
22903246,35829796,1
22903246,51944055,1
22903246,58063535,1
22903246,23045213,1
19440837,33754667,1
19440837,46734202,1
19440837,19999210,1
19440837,33028175,1
50545443,56060720,1
29377650,42345486,1
29377650,57003730,1
29377650,30733949,1
29377650,52683891,1
29377650,40582446,1
33281406,38356976,1
33281406,57496254,1
33281406,35289849,1
27720828,36634515,1
27720828,47604896,1
27720828,44823027,1
27720828,29855424,1
27720828,34309111,1
09621719,11669385,1
09621719,43169284,1
09621719,24765057,1
09621719,18637923,1
09621719,56070207,1
07783091,51014733,1
07783091,19569692,1
07783091,46665447,1
07783091,09320398,1
07783091,27103179,1
38344223,52009675,1
05068564,14108947,1
05068564,06859283,1
05068564,08645489,1
28118627,38651268,1
05960071,83383638,1
18284403,18551969,1
14018809,24437317,1
14018809,16558094,1
14018809,22965051,1
14018809,22956778,1
51480797,55900198,1
27520027,57782858,1
27520027,47762479,1
27520027,38056616,1
27774887,45542777,1
27774887,35382354,1
27774887,36747910,1
27774887,47150118,1
27774887,54978908,1
29101154,41857347,1
29101154,46515622,1
29101154,46862781,1
55039591,55039592,1
44609947,55037698,1
44609947,45807994,1
44609947,46005113,1
44609947,52191322,1
04320354,26455653,1
04320354,57707810,1
04320354,45039499,1
40348570,43648524,1
40348570,54184008,1
20174961,57372381,1
20174961,45350684,1
20174961,44592083,1
10559828,28054556,1
07791787,12132917,1
07791787,29751618,1
07791787,39786136,1
07791787,10844923,1
07791787,37696690,1
07791787,55572124,1
07791787,14656125,1
17489587,40160490,1
17489587,30532710,1
17489587,18352188,1
17489587,55705246,1
09471801,49658771,1
51666647,53610428,1
51666647,55597833,1
51666647,54828778,1
51666647,57435663,1
51666647,58356738,1
51666647,57859703,1
14131803,56949552,1
14131803,17945714,1
23604235,46277507,1
23604235,26705306,1
05103250,44609947,1
05103250,21171923,1
05103250,14710306,1
05103250,11909509,1
05103250,83836155,1
05103250,48638604,1
05103250,05442850,1
05103250,05427042,1
05103250,43291259,1
05103250,15748239,1
05103250,37372893,1
05103250,17096246,1
05103250,49925126,1
05103250,05726886,1
25239734,57730109,1
27929358,50102148,1
02296385,24342692,1
13441262,29101154,1
13441262,41857347,1
13441262,46862781,1
51576885,57447230,1
51576885,52904599,1
51576885,57901144,1
51576885,57412589,1
17680127,43335260,1
17680127,32137431,1
17680127,31671814,1
17680127,54609071,1
17680127,35868114,1
17680127,35674433,1
12132917,48351289,1
12132917,55284964,1
12132917,58248375,1
45388597,48025044,1
45388597,49135720,1
19532039,44246433,1
19532039,37567308,1
19532039,39701877,1
19532039,46084556,1
19532039,36357201,1
19532039,27015623,1
19532039,50841256,1
19532039,46268382,1
50700607,54109803,1
50700607,52924532,1
50700607,54653109,1
29565748,38538135,1
29565748,35897048,1
46423577,50383902,1
46423577,50150082,1
46423577,84189950,1
46423577,55033552,1
22225546,31997431,1
22225546,40992970,1
22225546,27286873,1
22225546,38179098,1
22225546,57528712,1
33560445,57516830,1
26050345,51480797,1
26050345,35848562,1
26050345,32708852,1
26050345,44774200,1
26050345,55178104,1
26050345,35440665,1
26050345,48145943,1
26666570,30728534,1
26666570,46140895,1
26666570,48125531,1
05905647,08068245,1
05905647,11050213,1
07405193,08776680,1
07405193,10593962,1
07405193,97519130,1
07405193,33467657,1
15042491,22931947,1
15042491,54486914,1
15042491,19112682,1
15042491,47739796,1
15042491,28470670,1
15042491,35431809,1
15042491,34834598,1
15042491,21388618,1
15042491,51844319,1
15042491,39897231,1
18341092,53209188,1
18341092,42015688,1
18341092,54790193,1
18341092,57726453,1
18341092,20392931,1
18341092,19046130,1
18341092,48424730,1
18341092,56419404,1
27413530,27491793,1
27413530,27491714,1
27413530,27491827,1
27413530,38628049,1
36171778,56925048,1
36171778,40099275,1
36171778,51009636,1
36171778,40686260,1
36171778,58415768,1
56964544,57080615,1
56964544,57155797,1
56964544,57354388,1
56964544,57505264,1
22931471,57795566,1
22931471,23446100,1
22931471,83919761,1
45942603,45945702,1
45942603,83325381,1
55600414,57080615,1
41450630,44549511,1
32611060,44718023,1
32611060,43410185,1
32611060,40973845,1
04986493,14031152,1
25400638,55991912,1
25400638,50738091,1
25400638,47756561,1
14252210,32027728,1
52749841,56054911,1
52749841,53620896,1
52749841,57040497,1
52749841,53693498,1
52749841,53620897,1
52749841,55044297,1
52389398,54782060,1
32135776,33297121,1
32135776,33295746,1
32135776,56947805,1
32135776,58460694,1
32135776,56947806,1
11481911,33770624,1
11481911,18819000,1
47028454,56919782,1
17504307,19834369,1
03502187,39558468,1
03502187,83338145,1
03502187,17630678,1
03502187,48780328,1
26526339,57654136,1
02637780,11260715,1
02637780,20237030,1
02637780,28883561,1
02637780,30592548,1
02637780,45388597,1
02637780,48025044,1
02637780,14767246,1
02637780,28277240,1
02637780,26504364,1
02637780,05103250,1
02637780,44609947,1
02637780,32984883,1
02637780,17086225,1
02637780,43092012,1
02637780,49135720,1
02637780,33531685,1
42430618,57387226,1
42430618,48472865,1
42430618,54965803,1
04952644,50730997,1
04952644,55266608,1
04952644,34591310,1
04952644,54931730,1
04952644,51597760,1
04952644,16723623,1
04952644,05547870,1
45866891,46755673,1
45866891,47039189,1
19468568,57795566,1
19468568,19596066,1
19468568,22931471,1
19468568,23446100,1
19468568,83919761,1
48351289,55284964,1
48351289,58248375,1
23858415,57214547,1
23858415,55471878,1
23858415,56056738,1
50266478,83838839,1
45907772,56185070,1
03987307,05574132,1
03987307,20790368,1
03987307,21135479,1
03987307,31481031,1
32212857,36171778,1
32212857,33745782,1
32212857,51161425,1
32212857,63848360,1
39685402,54184008,1
39685402,42482138,1
39685402,44018916,1
39685402,47712951,1
39685402,48082781,1
39685402,43020362,1
39685402,52157392,1
26485257,50565465,1
26485257,53566131,1
26485257,48578722,1
26485257,33664659,1
26485257,44801964,1
12532690,50965561,1
12532690,50037335,1
12532690,42226188,1
12077482,83776310,1
41824317,49335807,1
02884562,03898841,1
02884562,58185613,1
14976693,43291259,1
14976693,21347373,1
14976693,17906978,1
14976693,21171923,1
14976693,16990216,1
14976693,16990243,1
14976693,15748239,1
14976693,16516897,1
14976693,16990222,1
14976693,19693476,1
14976693,16990233,1
14976693,16990253,1
14976693,15020277,1
54898985,57595213,1
06019099,55020034,1
06019099,11234395,1
06019099,07613550,1
06019099,50555792,1
06019099,86126653,1
04448527,06297637,1
04448527,41709713,1
04448527,28470290,1
34692419,45322017,1
34692419,44374020,1
34692419,55738822,1
55224434,83383638,1
17268420,46814523,1
17268420,46012078,1
17268420,55527165,1
24220440,36189741,1
24220440,44374020,1
24220440,43018566,1
15021759,31381341,1
15276348,24070210,1
11832551,40160490,1
11832551,34919721,1
11832551,17489587,1
11832551,30532710,1
11832551,18352188,1
11832551,14402035,1
11832551,55705246,1
04796905,44154795,1
13313677,19532039,1
13313677,16845198,1
13313677,27015623,1
13313677,50841256,1
13313677,16455543,1
14883720,17465960,1
13982607,57202732,1
13982607,21916066,1
13982607,35162349,1
13982607,24375252,1
13982607,48748664,1
13982607,18708608,1
22971196,51299309,1
22971196,31557397,1
22971196,45653558,1
22971196,52111632,1
22971196,35519913,1
22971196,34896209,1
15466308,27263285,1
15466308,53077471,1
15466308,41064297,1
03444010,30561198,1
03444010,03598742,1
03444010,21852592,1
03444010,10510596,1
03444010,17376894,1
03444010,10443098,1
03444010,26751767,1
03444010,37029327,1
03444010,19574915,1
03444010,22870183,1
03444010,27645165,1
03444010,04468348,1
48287224,56971671,1
47894259,57428859,1
47894259,55797335,1
47894259,57145151,1
47894259,51034773,1
47894259,52758567,1
47894259,51746842,1
24957918,27568493,1
24957918,45589185,1
08095318,50231311,1
08095318,14727334,1
08095318,63807010,1
08095318,13540164,1
08095318,26774151,1
08095318,57832184,1
08095318,08985066,1
08095318,48089475,1
08095318,36756496,1
08095318,37088883,1
08095318,51768121,1
08095318,63804116,1
08095318,13697835,1
08095318,83580423,1
08095318,26605604,1
08095318,83733212,1
08095318,52805783,1
34903229,51646160,1
34903229,45323958,1
34903229,48645197,1
34903229,44962080,1
34903229,35796094,1
50668156,83367219,1
07405193,54414413,1
07405193,15887193,1
07405193,16791646,1
07405193,58368647,1
07405193,40737557,1
28487330,52979675,1
28487330,47532153,1
28487330,54425045,1
28487330,54498618,1
28487330,47433488,1
28487330,43357739,1
05054671,48944851,1
37814743,41186603,1
15671192,41463606,1
15671192,25150035,1
37082268,56439858,1
37082268,39702115,1
20335130,30728534,1
20335130,46140895,1
20335130,48125531,1
21995320,40141062,1
21995320,53051209,1
21995320,34710513,1
21995320,33919956,1
25054717,29983694,1
31326583,33703874,1
31326583,51235640,1
04111209,04250280,1
04111209,42308659,1
04111209,23006602,1
04111209,10891580,1
27413530,45514503,1
27413530,48063233,1
27413530,83904854,1
29828648,30077364,1
29828648,49022989,1
29828648,40281864,1
29828648,37108624,1
09163579,56915709,1
09163579,57547749,1
09163579,26341686,1
09163579,57169353,1
24090419,56973785,1
24090419,54149287,1
24090419,83577494,1
24090419,56901344,1
17686944,56439858,1
17686944,30369379,1
17686944,37082268,1
17686944,39702115,1
17686944,26495882,1
17686944,26805909,1
17686944,26770324,1
17686944,31353578,1
07451673,36605025,1
49511698,63821433,1
05553060,18665213,1
05553060,13610822,1
05553060,23501297,1
05553060,07418827,1
38388313,50296976,1
00787715,22931794,1
00787715,34877670,1
00787715,22979637,1
00787715,02773730,1
31783432,84189950,1
31783432,50150082,1
31783432,46423577,1
31783432,50124913,1
31783432,45457749,1
31783432,53712175,1
31783432,32245462,1
04303589,27276028,1
04303589,30821804,1
04303589,30821818,1
04303589,42034608,1
04303589,52192449,1
04303589,45344812,1
20454061,41521896,1
20454061,30532710,1
40600676,49820503,1
40600676,49046490,1
40600676,52194725,1
40600676,53269040,1
11779363,34599837,1
11779363,13220786,1
46290445,57372381,1
23328224,55144472,1
17082466,42879168,1
17082466,35040545,1
17082466,53271619,1
17082466,39468581,1
17082466,47768563,1
17082466,57719959,1
17082466,51784670,1
17082466,58421459,1
17082466,48780328,1
17082466,54898502,1
17082466,54758331,1
04910469,57818451,1
26256356,52657472,1
04993390,51567127,1
04993390,43598601,1
04993390,52203046,1
04993390,24834742,1
04993390,38028570,1
04993390,63807010,1
04993390,50564262,1
24429020,33256711,1
24429020,46167663,1
24429020,25450169,1
34638098,83898387,1
03534028,83310177,1
03534028,40253131,1
04551271,15657325,1
02995881,14252210,1
02995881,32027728,1
06189829,37082268,1
06189829,26805909,1
06105070,22306097,1
06105070,10339775,1
06105070,12528293,1
06105070,26498970,1
06105070,08214717,1
26634582,38086505,1
26634582,47490823,1
26634582,58266450,1
26634582,34693432,1
43114456,46466187,1
43114456,57426015,1
05085592,33185423,1
05085592,31570547,1
05085592,19113461,1
05085592,21036584,1
05085592,08783767,1
34309741,34859124,1
02372380,41649624,1
02372380,23883783,1
02372380,37142602,1
02372380,48659953,1
02372380,18393658,1
02372380,48659956,1
05531414,50091280,1
05531414,83211128,1
05531414,23755979,1
05531414,17252899,1
29779458,57635372,1
29779458,46633075,1
29779458,46687601,1
54898502,58421459,1
45429712,46883917,1
45429712,47840357,1
45429712,48143438,1
34638734,53620897,1
34638734,58447768,1
34638734,53874270,1
34638734,55207387,1
34638734,36357201,1
34638734,53620896,1
34638734,55273088,1
34638734,54782375,1
34638734,50473993,1
34638734,48905225,1
34638734,56090606,1
34638734,54545658,1
34638734,50560053,1
34638734,53874267,1
34638734,51357212,1
45006823,55890375,1
09397802,50296978,1
09397802,33612205,1
09397802,43347791,1
09397802,33596603,1
09397802,26833835,1
09397802,15035294,1
83310292,83333237,1
04205550,18066521,1
04205550,53853824,1
04205550,23640551,1
04205550,83335448,1
04205550,28216982,1
04205550,30804353,1
09397802,42084429,1
09397802,52279393,1
09397802,57901736,1
09397802,41297076,1
09397802,29779458,1
09397802,47027121,1
09397802,38088444,1
09397802,54007941,1
09397802,54012325,1
46883917,48303623,1
46883917,47262312,1
46883917,47840357,1
02391603,51655865,1
02391603,33693549,1
02391603,57139805,1
02391603,41185234,1
02391603,48795831,1
04887055,37967798,1
36715003,57750106,1
05416839,29967625,1
05416839,15752934,1
05416839,50086253,1
05416839,26773334,1
05416839,12620846,1
05416839,34847855,1
05416839,09320398,1
05416839,17185268,1
05416839,15280902,1
05416839,43406576,1
05416839,11654469,1
05416839,05551841,1
04973426,83383638,1
04973426,05960071,1
04973426,15011981,1
34817320,52833680,1
34817320,83367771,1
34817320,46626596,1
34817320,83303776,1
52714865,56054911,1
52714865,53620896,1
52714865,57040497,1
52714865,53693498,1
52714865,52749841,1
52714865,53620897,1
52714865,55044297,1
35304059,47610923,1
35304059,41449903,1
35304059,51098407,1
01631551,30060978,1
01631551,25054717,1
01631551,47694918,1
01631551,40649910,1
57589409,83764449,1
36359823,53001776,1
36359823,47195355,1
36359823,37606859,1
36359823,37828319,1
02947120,13881417,1
02947120,37513392,1
02947120,20239662,1
02947120,83320846,1
15347414,51666648,1
15347414,34892620,1
15347414,56321807,1
15347414,41124509,1
15347414,56908851,1
19612158,36766273,1
19612158,53097214,1
19612158,45373405,1
19612158,26634582,1
19612158,22811037,1
19612158,50781406,1
55248246,83577494,1
55248246,56901344,1
55248246,57462001,1
17185268,29967625,1
17185268,50086253,1
17185268,26773334,1
17185268,34847855,1
17185268,43406576,1
47401879,57012991,1
47401879,57019757,1
31604420,83330902,1
31604420,97525770,1
31604420,46321970,1
51354213,63830889,1
51354213,52644030,1
19476933,63824825,1
19476933,21825352,1
30733949,42345486,1
30733949,57003730,1
30733949,52683891,1
30733949,40582446,1
32783115,48520164,1
32783115,56607226,1
32783115,54082777,1
32783115,37527386,1
32783115,39849493,1
32783115,42493984,1
12157358,29565748,1
12157358,38538135,1
12157358,35897048,1
34745192,48534725,1
11398616,28221371,1
44774200,51480797,1
44774200,55178104,1
44774200,48145943,1
12077482,33011124,1
12077482,27235446,1
12077482,50295356,1
12077482,52141673,1
12077482,45930578,1
12077482,46632259,1
12077482,21217025,1
12077482,53994812,1
12077482,31353578,1
12077482,22210067,1
12077482,58264935,1
14145403,33917788,1
14145403,14564858,1
14145403,20990397,1
14145403,20990430,1
14145403,57222755,1
14145403,31364863,1
14145403,63820492,1
14145403,15648147,1
07669037,13481067,1
07669037,18817255,1
07669037,37605145,1
07669037,31888421,1
07669037,11230954,1
08001235,27141093,1
08001235,13545725,1
08001235,14727495,1
08001235,55177767,1
08001235,57166504,1
08001235,42891238,1
20266139,36372750,1
32928172,84154442,1
52350217,53304488,1
49084202,54781924,1
57951448,83209072,1
37518731,37703341,1
37518731,97519130,1
46099558,53210341,1
46099558,50604320,1
46099558,56904767,1
46099558,56084186,1
46099558,55515834,1
14339608,31649787,1
14339608,37578286,1
14339608,39685402,1
14339608,54184008,1
14339608,42482138,1
14339608,44018916,1
14339608,33558652,1
14339608,33484115,1
14339608,47712951,1
14339608,48082781,1
14339608,43020362,1
14339608,52157392,1
08169301,46321970,1
47593096,52443748,1
47593096,52007020,1
47593096,57155797,1
47593096,58191310,1
47593096,51009087,1
24220440,34396959,1
24220440,45322017,1
24220440,34692419,1
24220440,55738822,1
24220440,32203973,1
51567127,63820492,1
51567127,52203046,1
51567127,63807010,1
51496129,55569173,1
51496129,57288974,1
51496129,57843588,1
19493009,38137834,1
19493009,30789357,1
19493009,54337760,1
19493009,22337116,1
57256870,57271936,1
19794048,33260091,1
19794048,84152784,1
19794048,46962390,1
19794048,54363300,1
44591942,47756561,1
44591942,50738091,1
44591942,55991912,1
44591942,52987384,1
44591942,83372813,1
39702115,56439858,1
40526955,41394485,1
40526955,45226832,1
25070732,36945372,1
25070732,28479893,1
00929855,18983720,1
00929855,42932312,1
00929855,41981831,1
00929855,51072301,1
00929855,08776680,1
00929855,38493454,1
00929855,50793030,1
00929855,42048940,1
00929855,39292533,1
00929855,24143145,1
00929855,50288425,1
00929855,55991912,1
00929855,10397026,1
08512819,32203164,1
08512819,15216051,1
08512819,12146034,1
08512819,19164024,1
08512819,44139918,1
08512819,29711707,1
08512819,31173964,1
08512819,10647024,1
08512819,48222642,1
08512819,21812198,1
08512819,27511505,1
04253381,83760785,1
04253381,52603474,1
04253381,39798088,1
04253381,33718845,1
04253381,53851546,1
04253381,46626596,1
42489131,56701497,1
10231587,42754199,1
10231587,51416028,1
10231587,27115662,1
10231587,32436480,1
57012991,57019757,1
13185927,31531257,1
13185927,50052069,1
13185927,26418882,1
13185927,50042823,1
14564858,22380291,1
14564858,53208704,1
14564858,44951938,1
14564858,46020659,1
14564858,83859231,1
14564858,52203046,1
23501297,47799899,1
23501297,33612205,1
23501297,39647543,1
23501297,33596603,1
16845198,44246433,1
16845198,37567308,1
16845198,39701877,1
16845198,19532039,1
16845198,46084556,1
16845198,36357201,1
16845198,27015623,1
16845198,50841256,1
16845198,46268382,1
02248483,12390805,1
42507899,57288974,1
26967764,36360409,1
26967764,34927765,1
26967764,33764020,1
09269331,11317886,1
09269331,10867199,1
09269331,12261028,1
09269331,37808513,1
09269331,10856814,1
09269331,28540547,1
09269331,14906923,1
40777483,41507783,1
40777483,57043963,1
10559828,20208108,1
10559828,37259225,1
10559828,51861676,1
22623585,46495181,1
38006053,56747469,1
04503910,44907113,1
04503910,30797118,1
04503910,46262578,1
04503910,55190812,1
04503910,53999238,1
04503910,28399610,1
20990430,22380291,1
20990430,53208704,1
20990430,44951938,1
20990430,46020659,1
20990430,83859231,1
20990430,52203046,1
04139846,50231311,1
04139846,04832721,1
04139846,14727334,1
04139846,63807010,1
04139846,13540164,1
04139846,26774151,1
04139846,57832184,1
04139846,08985066,1
04139846,04260683,1
04139846,48089475,1
04139846,36756496,1
04139846,37088883,1
04139846,04926358,1
04139846,08095318,1
04139846,51768121,1
04139846,63804116,1
04139846,04929683,1
04139846,13697835,1
04139846,04216876,1
04139846,83580423,1
04139846,26605604,1
04139846,83733212,1
04139846,52805783,1
04139846,05844378,1
17489587,32434747,1
17489587,57530722,1
22335505,23893018,1
22335505,34834598,1
22335505,48546635,1
22335505,40907690,1
22335505,48372268,1
83673434,83898387,1
18954714,63810774,1
18954714,55016194,1
18954714,36171778,1
18954714,20614990,1
18954714,26885456,1
18954714,57247625,1
22663610,36093790,1
22663610,51357212,1
10627815,26634582,1
10627815,21316122,1
10627815,12455695,1
10627815,53043724,1
11060909,19113461,1
11060909,40067435,1
11060909,38628049,1
48025044,49135720,1
07405193,57496252,1
07405193,51527404,1
07405193,31860440,1
07405193,21489011,1
12261028,37808513,1
12261028,28540547,1
12261028,14906923,1
02729304,37497562,1
02729304,14334634,1
02729304,18124153,1
02729304,32795299,1
14625319,19532039,1
14625319,16845198,1
14625319,27015623,1
14625319,50841256,1
39468581,49020752,1
39468581,56281977,1
15762958,49820503,1
15762958,49046490,1
15762958,40600676,1
15762958,31860440,1
15762958,52194725,1
15762958,53269040,1
22993378,29320798,1
42416122,56345223,1
33963982,56925052,1
33963982,35027399,1
05992814,57211830,1
09145594,50383902,1
09145594,37480610,1
09145594,36953059,1
09145594,33075616,1
09145594,41738095,1
09145594,55033552,1
09145594,10202385,1
34787118,46761677,1
34787118,35485494,1
12474518,56439858,1
12474518,30369379,1
12474518,37082268,1
12474518,17686944,1
12474518,39702115,1
12474518,26495882,1
12474518,26805909,1
12474518,14488131,1
12474518,26770324,1
12474518,31353578,1
41507783,56927303,1
41507783,55062107,1
41507783,63859474,1
41507783,53056705,1
14767246,20237030,1
14767246,28883561,1
14767246,30592548,1
14767246,45388597,1
14767246,48025044,1
14767246,28277240,1
14767246,26504364,1
14767246,44609947,1
14767246,32984883,1
14767246,17086225,1
14767246,43092012,1
14767246,49135720,1
14767246,33531685,1
42480597,48600293,1
42480597,44456724,1
10243905,10760586,1
10243905,19532039,1
10243905,16845198,1
10243905,14625319,1
10243905,11058976,1
10243905,27015623,1
10243905,14376007,1
10243905,50841256,1
10243905,16455543,1
00673263,09268761,1
00673263,09166032,1
00673263,16991990,1
00673263,12956302,1
01344200,23983251,1
01344200,40195862,1
01344200,12298780,1
01344200,19792959,1
01344200,47262312,1
01344200,04443364,1
01344200,43182281,1
01344200,48303623,1
01344200,25316468,1
01344200,39814966,1
01344200,43233967,1
01344200,54931730,1
01344200,34591310,1
40117474,43577143,1
09016708,44273325,1
09016708,32131693,1
09016708,45519286,1
09032170,44246433,1
09032170,10760586,1
09032170,09687570,1
09032170,19532039,1
09032170,13313677,1
09032170,16845198,1
09032170,10243905,1
09032170,46084556,1
09032170,11058976,1
09032170,09303787,1
09032170,11188852,1
09032170,27015623,1
09032170,09110945,1
09032170,11339572,1
09032170,50841256,1
17551434,21496833,1
07869058,54790193,1
07869058,57726453,1
07869058,53209188,1
07869058,45767059,1
07869058,45934751,1
07869058,14686260,1
07869058,10465894,1
07869058,20392931,1
07869058,20130899,1
12545515,52220534,1
12545515,21271979,1
12545515,38594226,1
03355182,48252103,1
03355182,25336228,1
03355182,04692481,1
03355182,46965583,1
25336228,48252103,1
25336228,46965583,1
08904510,10824588,1
08904510,30214709,1
08904510,21665630,1
08904510,34679456,1
37513392,83320846,1
05061494,26184356,1
05061494,40590277,1
05061494,46513029,1
05061494,42480401,1
43119085,49987277,1
09309377,27989289,1
04579488,18700004,1
04579488,15280902,1
04579488,11654469,1
04579488,07935899,1
04579488,10790748,1
01871628,26428936,1
01871628,44646757,1
30758490,42362820,1
30758490,46425851,1
47144718,49275814,1
47144718,58421459,1
00253096,01287351,1
00253096,04990461,1
14721070,46992361,1
14721070,35932606,1
14721070,22924203,1
14721070,49493875,1
05635107,06164013,1
05635107,18750515,1
05635107,26233642,1
05635107,33258562,1
05635107,22960942,1
44075904,51404327,1
44075904,46883917,1
44075904,57719959,1
44075904,52222822,1
44075904,47720643,1
44075904,48534274,1
47214336,49275814,1
05312424,44609158,1
05312424,14893907,1
05312424,13603497,1
05822074,42325991,1
05822074,06344788,1
05822074,09263861,1
05822074,14752221,1
05822074,54877610,1
05782805,08154120,1
05782805,08107424,1
05782805,07886277,1
05782805,11060909,1
05782805,40067435,1
05782805,09600303,1
05782805,38628049,1
05782805,08201747,1
05782805,09657201,1
04733143,28578389,1
04733143,24111639,1
04733143,23604235,1
04733143,43996246,1
04733143,50800787,1
04733143,32933619,1
04733143,29229919,1
04733143,12145552,1
04733143,31744670,1
48722769,55569173,1
48722769,51496129,1
48722769,57288974,1
48722769,57843588,1
06248823,57951217,1
06248823,39491373,1
06248823,47376279,1
06248823,42042237,1
06248823,21279131,1
06248823,19138573,1
06248823,13065972,1
06248823,10534199,1
06248823,07778090,1
06248823,83776310,1
06248823,20637353,1
06248823,12077482,1
06248823,34845752,1
10951227,21995320,1
10951227,39334969,1
10828301,47490823,1
10828301,18817255,1
10828301,31888227,1
10828301,35336252,1
10828301,43724649,1
10828301,42053547,1
10828301,63887202,1
10828301,52364224,1
10828301,44118671,1
10828301,26634582,1
03760601,17192091,1
03760601,20637538,1
04920450,19351607,1
04920450,63841076,1
04920450,51714217,1
04920450,24837538,1
04920450,08454441,1
04920450,04979092,1
04920450,19291374,1
22931471,43664533,1
22931471,36365162,1
22931471,26484484,1
06217477,83838839,1
06217477,17872860,1
06217477,06980426,1
06217477,50266478,1
06217477,08762127,1
06217477,12963640,1
06217477,27854205,1
06859283,09657201,1
06859283,27491793,1
06859283,27389567,1
06859283,27413530,1
06859283,27491714,1
06859283,27491827,1
06859283,09385552,1
06859283,09600303,1
06859283,09378439,1
06859283,38628049,1
05650746,45808161,1
05650746,48552524,1
05650746,11066360,1
05650746,83374587,1
05650746,34907486,1
02494584,04900684,1
54758331,55465845,1
54758331,54813835,1
09181954,35512491,1
09181954,13518879,1
09181954,12784795,1
09181954,37682669,1
09181954,18341092,1
09181954,19339615,1
11549018,27370604,1
11549018,30690641,1
11549018,34609503,1
11549018,17881579,1
51714217,63841076,1
36357201,39701877,1
36357201,52521807,1
36357201,54048782,1
47720643,52222822,1
47720643,48534274,1
47532153,52979675,1
47532153,54425045,1
47532153,54498618,1
16990243,43291259,1
16990243,21347373,1
16990243,17906978,1
16990243,21171923,1
16990243,19693476,1
16990243,16990253,1
36357201,48905309,1
57222755,63820492,1
36914145,55267026,1
36914145,83577494,1
36914145,56973785,1
36914145,54149287,1
36914145,56901344,1
45151564,54007508,1
45747046,50690936,1
43724649,47490823,1
43724649,63887202,1
43724649,52364224,1
43724649,44118671,1
19138573,33011124,1
19138573,27235446,1
19138573,50295356,1
19138573,83776310,1
19138573,52141673,1
19138573,45930578,1
19138573,46632259,1
19138573,21217025,1
19138573,53994812,1
19138573,31353578,1
19138573,22210067,1
19138573,20637353,1
19138573,58264935,1
12703958,22711023,1
12703958,54681456,1
17780272,33574353,1
17780272,17907779,1
17780272,37416022,1
17780272,34671172,1
17780272,30859603,1
44246433,56054911,1
44246433,53620896,1
44246433,57040497,1
44246433,53693498,1
44246433,52749841,1
44246433,52714865,1
44246433,50568409,1
44246433,49005255,1
44246433,53620897,1
44246433,55044297,1
44246433,52710594,1
44246433,49005717,1
16499871,22711023,1
16499871,54681456,1
05278613,26634582,1
05278613,12049758,1
05278613,06164703,1
05278613,30047480,1
20637353,23893455,1
20637353,33281406,1
20637353,57496254,1
16499871,19532039,1
16499871,16845198,1
16499871,27015623,1
16499871,50841256,1
19646935,48541645,1
19646935,42282295,1
19646935,49755049,1
19646935,46563024,1
19646935,23427281,1
48472865,57387226,1
48472865,54965803,1
10249951,38342928,1
10249951,29435338,1
10249951,19256258,1
10249951,49883924,1
10249951,35657820,1
10249951,36875084,1
54412717,54496726,1
54412717,56348798,1
44322244,48308237,1
44322244,47141710,1
20450398,40684848,1
47628709,50024923,1
47628709,53324172,1
18817255,26316361,1
18817255,42456738,1
18817255,38560895,1
45180493,57589252,1
27115662,42754199,1
27115662,51416028,1
27115662,32436480,1
19291374,19351607,1
33596603,55413071,1
39907822,41719884,1
11576375,57654136,1
11576375,26526339,1
30214709,84189950,1
30214709,46423577,1
30214709,34679456,1
30214709,50150082,1
05827023,38137834,1
05827023,19493009,1
05827023,30789357,1
05827023,54337760,1
05827023,22337116,1
17359676,18548319,1
17359676,84189950,1
17359676,50150082,1
17359676,31783432,1
17359676,46423577,1
17359676,50124913,1
17359676,45457749,1
17359676,53712175,1
17359676,32245462,1
17359676,19954308,1
42207536,49335807,1
33612205,35764850,1
51122634,56925048,1
51122634,51746842,1
51107899,52242672,1
02071117,34141749,1
19240135,30381491,1
19240135,41824317,1
19240135,49335807,1
08528519,29982883,1
08528519,34808701,1
08528519,23528778,1
08528519,48661347,1
08528519,20547974,1
08528519,11585897,1
08528519,14082648,1
08528519,28226844,1
08528519,15741754,1
08528519,47538064,1
08528519,23925091,1
08528519,17094854,1
08528519,29329280,1
08528519,19614800,1
08528519,29329396,1
08528519,47858418,1
08528519,48667370,1
08528519,12214951,1
08528519,57859208,1
08528519,48661389,1
08528519,19266161,1
08528519,24902119,1
08528519,52082507,1
08528519,37014309,1
08528519,48661339,1
19792959,23983251,1
19792959,40195862,1
19792959,47262312,1
19792959,43182281,1
19792959,48303623,1
19792959,25316468,1
19792959,39814966,1
19792959,43233967,1
19792959,54931730,1
19792959,34591310,1
42161875,58016255,1
27960528,52833680,1
27960528,83367771,1
27960528,34817320,1
27960528,46626596,1
27960528,83303776,1
41205074,46610289,1
46962390,84152784,1
46962390,54363300,1
06208500,23936082,1
06208500,15821368,1
06208500,18260926,1
06208500,57080615,1
04065545,45914646,1
04065545,47283831,1
04065545,09072358,1
04065545,13652047,1
04065545,06037193,1
04065545,17333156,1
47141710,48308237,1
45767059,54790193,1
45767059,57726453,1
45767059,53209188,1
45767059,45934751,1
52951606,83352807,1
52951606,54500090,1
09187569,55267026,1
09187569,36914145,1
09187569,83577494,1
09187569,56973785,1
09187569,24090419,1
09187569,54149287,1
09187569,56901344,1
12412157,50644116,1
12412157,14128175,1
12412157,52451608,1
12412157,31255188,1
12412157,15695709,1
32349549,41544575,1
35649285,36860331,1
14334634,56973785,1
14334634,56901344,1
14334634,37497562,1
14334634,24090419,1
14334634,18124153,1
14334634,54149287,1
14334634,83577494,1
14334634,32795299,1
06915272,49046200,1
06915272,44606157,1
01400355,07451673,1
01400355,04417594,1
01400355,18111277,1
01400355,06970410,1
01400355,06970421,1
01400355,58279901,1
01400355,08438379,1
01400355,24585147,1
01400355,43691330,1
01400355,10482140,1
01400355,36566244,1
01400355,06990599,1
01400355,83333237,1
01400355,09071847,1
01400355,22959779,1
01400355,83310292,1
13630029,39665696,1
13630029,17462134,1
40099275,56925048,1
40099275,51009636,1
40099275,40686260,1
40099275,58415768,1
07932841,47390859,1
07932841,45695054,1
07932841,27913379,1
07932841,44280448,1
07932841,40116767,1
07932841,52823954,1
12786523,56389239,1
55797335,57428859,1
55797335,57145151,1
06175536,22306097,1
06175536,10339775,1
06175536,12528293,1
06175536,26498970,1
06175536,08214717,1
56335061,56389239,1
56335061,97541765,1
12100209,43944195,1
12100209,30532710,1
12100209,29219683,1
12100209,28470670,1
12100209,30879890,1
12100209,53138231,1
12100209,55853422,1
12100209,57633381,1
12100209,15042491,1
12100209,29231415,1
12100209,31211327,1
12100209,55705246,1
05665464,51480797,1
05665464,35848562,1
05665464,18516869,1
05665464,25257333,1
05665464,32708852,1
05665464,26050345,1
05665464,44774200,1
05665464,21399950,1
05665464,55178104,1
05665464,35440665,1
05665464,17327944,1
05665464,48145943,1
05665464,12248669,1
09589716,14373109,1
09589716,44246433,1
09589716,10760586,1
09589716,37567308,1
09589716,39701877,1
09589716,11158828,1
09589716,16455522,1
09589716,14484483,1
09589716,09687570,1
09589716,12703882,1
09589716,19532039,1
09589716,13313677,1
09589716,16845198,1
09589716,14625319,1
09589716,10243905,1
09589716,16499871,1
09589716,46084556,1
09589716,11058976,1
09589716,36357201,1
09589716,12703958,1
09589716,27015623,1
09589716,14376007,1
09589716,14603843,1
09589716,11339572,1
09589716,12497824,1
09589716,10759158,1
09589716,50841256,1
09589716,46268382,1
09589716,16455543,1
04996064,12390805,1
33075616,50383902,1
33075616,37480610,1
33075616,36953059,1
33075616,50150082,1
33075616,84189950,1
33075616,46423577,1
33075616,41738095,1
33075616,55033552,1
04443364,29247839,1
04443364,45096265,1
04443364,45429712,1
04443364,46883917,1
04443364,30188335,1
04443364,28681268,1
04443364,47840357,1
04443364,25316468,1
04443364,48143438,1
08438379,36605025,1
09589716,25010370,1
09589716,21816179,1
09589716,39466075,1
09589716,50256091,1
04965341,12132917,1
04965341,29751618,1
04965341,39786136,1
04965341,07489442,1
04965341,10844923,1
04965341,07791787,1
04965341,37696690,1
04965341,55572124,1
04965341,14656125,1
11438135,16631663,1
11438135,28530084,1
11438135,16631741,1
11438135,55127081,1
11438135,28551662,1
14401775,30758490,1
44812807,51762528,1
11339503,43335260,1
11339503,32137431,1
11339503,54609071,1
11339503,35868114,1
11339503,35674433,1
10759158,12703958,1
10759158,16455543,1
10759158,52521807,1
10759158,54048782,1
22703640,45225921,1
22703640,49339816,1
33520093,52869416,1
33520093,46862295,1
33520093,45057377,1
21250517,42161875,1
21250517,58016255,1
07959061,42026335,1
07959061,53327145,1
10538893,21700206,1
10538893,54835851,1
10538893,44175488,1
10538893,13888791,1
10538893,31395178,1
10538893,38050329,1
10538893,25290831,1
05189915,16878140,1
05189915,07932841,1
05189915,06105070,1
05189915,16875649,1
05189915,08679561,1
05189915,12307469,1
05189915,20335130,1
05189915,08658243,1
05189915,47390859,1
05189915,45695054,1
05189915,27913379,1
05189915,83342162,1
05189915,44280448,1
05189915,40116767,1
05189915,52823954,1
25292639,33256711,1
25292639,42365622,1
25292639,54965803,1
25292639,57387226,1
25292639,42430618,1
25292639,25450169,1
26666570,37366665,1
26666570,63830889,1
26666570,48256984,1
26666570,52644030,1
26723769,44403421,1
26723769,55413071,1
26723769,54188662,1
26723769,40702960,1
26723769,38088444,1
26723769,44101086,1
26723769,51567044,1
05303828,22902912,1
05303828,28932396,1
05303828,35656907,1
05303828,05389267,1
05303828,46532733,1
05303828,50349654,1
05303828,49827342,1
05303828,17007450,1
05303828,24242352,1
05303828,45942415,1
30077364,49022989,1
30077364,40281864,1
30077364,37108624,1
11234395,46522493,1
03970826,53310898,1
03970826,26679251,1
03970826,13224246,1
03970826,46147657,1
01834520,30494420,1
01834520,35690146,1
01834520,19068930,1
01834520,09445405,1
01834520,30588807,1
01834520,31134654,1
08668308,12703882,1
08668308,39701877,1
08668308,14603843,1
08668308,12497824,1
08668308,16499871,1
08668308,14484483,1
08668308,16455522,1
08668308,14625319,1
08668308,10759158,1
08668308,09423857,1
08668308,12703958,1
08668308,16455543,1
08668308,14376007,1
08668308,11158828,1
08668308,52521807,1
08668308,54048782,1
08668308,14373109,1
08668308,36357201,1
08668308,37567308,1
08668308,46268382,1
07203769,55317647,1
37913315,47300713,1
32203973,40695263,1
32203973,58246272,1
32203973,38651268,1
32203973,43011102,1
32203973,54229231,1
32203973,57363999,1
25257333,41365205,1
25257333,83308593,1
25257333,51507395,1
25257333,40967006,1
25150035,41463606,1
08838110,22777157,1
08838110,10797263,1
09423857,09589716,1
09423857,12703958,1
09423857,16455543,1
09423857,52521807,1
09423857,54048782,1
11911912,48520164,1
11911912,19568145,1
11911912,21623664,1
11911912,56607226,1
11911912,32783115,1
11911912,54082777,1
11911912,37527386,1
11911912,39849493,1
11911912,42493984,1
07637324,47056541,1
07637324,20663960,1
07637324,21144580,1
07637324,10773426,1
07637324,09243089,1
07637324,17644498,1
26371262,31170049,1
38086505,63851000,1
17214358,24950634,1
24090419,42456738,1
24090419,31339809,1
24090419,55248246,1
24090419,57462001,1
19046130,51364832,1
19046130,23493593,1
19046130,52009675,1
19046130,55410102,1
19046130,33075616,1
19046130,22547519,1
05442439,57262161,1
05442439,24031228,1
05442439,54032852,1
05442439,20686836,1
05442439,63887699,1
05442439,53516343,1
05442439,24585567,1
05442439,26329036,1
29629465,43308259,1
29629465,37894564,1
29629465,36905323,1
29629465,48790338,1
29629465,55838925,1
05339288,50507356,1
05339288,07260921,1
06011816,53520855,1
06011816,22145912,1
06011816,56345917,1
06011816,26714000,1
22247153,27568493,1
22247153,45589185,1
22247153,24957918,1
06970410,36605025,1
06970410,43976615,1
06970410,13755682,1
08668308,25010370,1
08668308,21816179,1
08668308,39466075,1
08668308,50256091,1
55537919,58199211,1
55537919,55600414,1
04551842,26883900,1
04551842,32799115,1
04551842,57874352,1
04551842,04931168,1
10734301,41861992,1
10734301,54529408,1
10734301,34620138,1
34679456,34972321,1
51023682,54277533,1
51023682,52041941,1
51023682,55590398,1
07886277,09447754,1
04423027,13802233,1
16957165,30306224,1
37865491,45208359,1
04936852,26634582,1
04936852,45794655,1
49275814,55590398,1
49273197,83358887,1
03686767,06175536,1
03686767,07932841,1
03686767,48256984,1
03686767,83342162,1
03686767,08604284,1
03686767,20335130,1
03686767,12307469,1
03686767,08658243,1
03686767,03907064,1
03686767,14142921,1
03686767,08679561,1
03686767,28298039,1
03686767,33915999,1
03686767,16878140,1
03686767,16875649,1
03686767,63830889,1
03686767,51354213,1
03686767,06105070,1
03686767,04773604,1
03686767,34612325,1
03686767,26666570,1
04205550,26146336,1
04205550,17746880,1
04205550,45907772,1
04205550,35517311,1
04205550,11307596,1
04205550,28387089,1
04205550,43012876,1
04205550,04488941,1
04205550,08018711,1
04205550,04482508,1
04205550,10464172,1
04205550,57311619,1
04205550,44175488,1
24504221,30168673,1
24504221,40130287,1
24504221,55946671,1
24504221,39548829,1
16365944,50735038,1
16365944,28128547,1
16365944,29180884,1
16365944,25316328,1
51688868,56690298,1
46084556,50841256,1
16499871,56054911,1
16499871,23086489,1
16499871,27838219,1
16499871,38479011,1
16499871,53620896,1
16499871,57040497,1
16499871,53693498,1
16499871,52749841,1
16499871,52714865,1
16499871,50568409,1
16499871,48905309,1
16499871,49005255,1
16499871,53620897,1
16499871,55044297,1
16499871,52710594,1
16499871,49005717,1
10534199,83776310,1
10534199,20637353,1
10534199,12077482,1
10534199,33011124,1
10534199,13065972,1
10534199,27235446,1
10534199,50295356,1
10534199,19138573,1
10534199,52141673,1
10534199,45930578,1
10534199,46632259,1
10534199,21217025,1
10534199,53994812,1
10534199,31353578,1
10534199,22210067,1
10534199,58264935,1
38161993,44812807,1
38161993,51762528,1
24585352,37096754,1
24585352,48308237,1
24585352,44322244,1
24585352,47141710,1
24585352,29315940,1
48555717,56661682,1
48555717,48754339,1
05021725,57157601,1
05021725,23472709,1
05021725,41719884,1
05021725,39907822,1
05021725,27036725,1
05021725,49404135,1
39333408,47459363,1
05703858,51014733,1
05703858,07783091,1
05703858,19569692,1
05703858,46665447,1
05703858,13450053,1
05703858,09320398,1
05703858,27103179,1
10635510,13759117,1
10635510,53745886,1
18817255,35426559,1
18817255,31518742,1
14781584,46519597,1
14781584,56009776,1
14781584,41979455,1
14781584,36612155,1
14781584,58341070,1
13302595,37131191,1
13302595,34904839,1
13302595,22455804,1
06328911,83207902,1
06328911,51354213,1
06328911,34612325,1
06328911,26720419,1
06328911,26666570,1
06328911,28298039,1
06328911,07932841,1
06328911,83342162,1
06328911,20335130,1
06328911,20702538,1
38478093,58171437,1
38478093,54490498,1
54425045,54498618,1
14145403,22380291,1
14145403,53208704,1
14145403,44951938,1
14145403,46020659,1
14145403,83859231,1
14145403,52203046,1
43785602,51098407,1
43785602,45125013,1
09021124,12417145,1
09021124,24923147,1
09021124,10387433,1
09021124,52722554,1
19552859,30846705,1
19552859,40272576,1
19552859,20917171,1
05749465,23322870,1
05749465,55569173,1
05749465,18123389,1
05749465,30944772,1
05749465,42456738,1
05749465,51496129,1
05749465,48722769,1
05749465,24197682,1
05749465,20782464,1
05749465,29118884,1
05749465,48057302,1
05749465,57288974,1
05749465,57843588,1
17094854,29982883,1
17094854,34808701,1
17094854,23528778,1
17094854,48661347,1
17094854,20547974,1
17094854,28226844,1
17094854,47538064,1
17094854,23925091,1
17094854,29329280,1
17094854,19614800,1
17094854,29329396,1
17094854,47858418,1
17094854,48667370,1
17094854,57859208,1
17094854,48661389,1
17094854,19266161,1
17094854,24902119,1
17094854,52082507,1
17094854,37014309,1
17094854,48661339,1
24197682,55569173,1
24197682,30944772,1
24197682,42456738,1
24197682,51496129,1
24197682,48722769,1
24197682,29118884,1
24197682,48057302,1
24197682,57288974,1
24197682,57843588,1
19113461,33185423,1
19113461,31570547,1
19113461,21036584,1
17864138,84191618,1
17864138,20001357,1
17864138,51123623,1
17864138,39251330,1
08178406,13966948,1
08178406,83367466,1
04994596,39701877,1
04994596,52521807,1
04994596,08210284,1
04994596,14373109,1
04994596,44246433,1
04994596,13313677,1
04994596,46268382,1
04994596,16455522,1
04994596,14625319,1
04994596,12703958,1
04994596,16499871,1
04994596,09687570,1
04994596,12703882,1
04994596,36357201,1
04994596,12497824,1
04994596,14376007,1
04994596,11158828,1
04994596,14603843,1
04994596,37567308,1
04994596,09303787,1
04994596,09110945,1
04994596,11188852,1
04994596,46084556,1
04994596,18104871,1
04994596,11339572,1
04994596,54048782,1
04994596,14484483,1
04994596,09423857,1
04994596,10243905,1
04994596,10759158,1
04994596,22928991,1
52869416,84166024,1
17058479,31785092,1
17058479,56281977,1
17058479,40413419,1
17058479,40316459,1
17058479,20473085,1
45323958,51646160,1
45323958,48645197,1
14123038,63798490,1
14123038,19331137,1
14123038,38636618,1
00768783,18665213,1
00768783,13610822,1
00768783,47799899,1
00768783,05553060,1
00768783,23501297,1
00768783,33612205,1
00768783,39647543,1
00768783,33596603,1
00768783,35764850,1
28277240,28883561,1
28277240,30592548,1
28277240,45388597,1
28277240,48025044,1
28277240,44609947,1
28277240,32984883,1
28277240,43092012,1
28277240,49135720,1
28277240,33531685,1
34761708,50024923,1
34761708,47628709,1
34761708,53324172,1
04093094,50294570,1
04093094,48641053,1
04093094,22327998,1
04093094,53713512,1
04093094,42345486,1
04093094,11167648,1
04093094,07102250,1
04093094,08770766,1
04093094,57260815,1
04093094,55154690,1
09110955,33744433,1
09110955,09148550,1
09110955,35521714,1
09110955,15358889,1
09110955,13877821,1
09110955,25129117,1
09110955,18037378,1
30394439,57692882,1
30394439,34670513,1
30394439,37552830,1
09110926,33744433,1
09110926,09148550,1
09110926,35521714,1
09110926,15358889,1
09110926,13877821,1
09110926,11188852,1
09110926,25129117,1
09110926,18037378,1
04898060,58407060,1
04898060,15761957,1
04898060,17252899,1
04898060,09559262,1
44374020,51576659,1
04952396,50102148,1
04952396,27929358,1
12497824,44246433,1
12497824,13313677,1
12497824,46084556,1
12497824,18104871,1
12497824,22928991,1
04898060,83211128,1
04898060,19069249,1
18983720,44592083,1
18983720,57372381,1
18983720,46290445,1
18983720,45012561,1
13123494,50735038,1
13123494,28128547,1
13123494,15257553,1
13123494,29180884,1
13123494,25316328,1
11060524,28799388,1
11060524,19799456,1
11060524,41349841,1
11060524,37462625,1
11060524,28018412,1
44456724,48600293,1
46286669,84154608,1
22929707,57752984,1
15011981,55224434,1
45146782,56299393,1
34612325,83207902,1
30532710,41521896,1
10856282,41955344,1
04916201,50965561,1
04916201,50037335,1
04916201,42226188,1
15671192,28151393,1
15671192,34938447,1
15671192,45146782,1
15671192,37305998,1
15671192,31007938,1
15671192,56299393,1
46423577,50124913,1
46423577,53712175,1
03501868,15011981,1
03501868,41981831,1
03501868,05960071,1
03501868,04916201,1
51527404,54414413,1
51527404,57496252,1
51527404,97519130,1
47456294,52905513,1
14773658,35912699,1
14773658,17900840,1
21490094,43163459,1
21490094,43762317,1
06105070,18268274,1
06105070,08679561,1
06105070,37366665,1
06105070,20474705,1
06105070,63830889,1
06105070,08604284,1
06105070,06307350,1
06105070,10645837,1
06105070,24103019,1
06105070,48256984,1
06105070,12307469,1
06105070,52644030,1
01287351,04990461,1
55320461,55800799,1
28470290,38006053,1
28470290,36990916,1
28470290,56747469,1
12575749,55836697,1
12575749,20772022,1
12575749,21995320,1
12575749,13466770,1
29800516,35722119,1
29800516,43780028,1
33850897,38283892,1
17112048,28074990,1
17112048,44474536,1
22044582,41365205,1
22044582,83308593,1
22044582,51507395,1
22044582,25257333,1
22044582,40967006,1
22044582,28399610,1
22044582,30797118,1
22044582,28592039,1
15652417,16631663,1
15652417,28530084,1
15652417,16631741,1
15652417,44592083,1
15652417,57372381,1
15652417,16739367,1
15652417,55127081,1
15652417,18983720,1
15652417,28551662,1
44823027,47604896,1
13518879,31417929,1
18516869,22646126,1
18516869,21338309,1
18516869,28137761,1
18516869,43712622,1
14376007,39701877,1
14376007,52521807,1
14376007,44246433,1
14376007,46268382,1
14376007,16455522,1
14376007,14625319,1
14376007,16499871,1
14376007,36357201,1
14376007,14603843,1
14376007,37567308,1
14376007,46084556,1
14376007,18104871,1
14376007,54048782,1
14376007,14484483,1
14376007,22928991,1
42411612,51870722,1
23630901,53049754,1
23630901,38145465,1
23630901,27444079,1
23630901,45383755,1
23630901,51649951,1
23630901,35516935,1
23640551,28216982,1
08966851,14402035,1
08966851,10771275,1
08966851,10774943,1
08966851,18352188,1
08966851,11832551,1
08966851,09396095,1
08966851,17489587,1
22929707,42493984,1
22929707,50288218,1
44374020,45322017,1
44374020,55738822,1
05427042,44609947,1
05427042,21171923,1
05427042,14710306,1
05427042,11909509,1
05427042,83836155,1
05427042,48638604,1
05427042,05442850,1
05427042,43291259,1
05427042,15748239,1
05427042,37372893,1
05427042,17096246,1
05427042,49925126,1
05427042,05726886,1
50124913,56915709,1
50124913,84189950,1
50124913,57547749,1
50124913,57169353,1
08698617,15257090,1
08698617,17504307,1
08698617,19834369,1
50124913,50150082,1
18406599,25450139,1
18406599,39907822,1
18406599,57157601,1
18406599,42365622,1
18406599,83650374,1
18406599,48328555,1
18406599,42430618,1
18406599,55059900,1
18406599,46719213,1
18406599,24429020,1
18406599,23472709,1
18406599,44296529,1
18406599,46167663,1
18406599,49404135,1
18406599,46719330,1
18406599,25232025,1
18406599,25292639,1
18406599,54965803,1
04535691,57262161,1
04535691,24031228,1
04535691,54032852,1
04535691,20686836,1
04535691,63887699,1
04535691,05442439,1
04535691,53516343,1
04535691,24585567,1
04535691,26329036,1
09502308,39877284,1
09502308,40501349,1
06344788,45736704,1
06344788,54332505,1
06344788,33141526,1
06344788,53722842,1
06344788,56660430,1
06344788,54885487,1
06344788,48569264,1
06344788,55775552,1
06344788,07593016,1
06344788,48463108,1
46883917,48143438,1
14092407,40856762,1
14092407,51761269,1
04748231,43543406,1
04748231,13898557,1
12089293,21051472,1
12089293,54229231,1
12089293,20548007,1
12089293,57363999,1
12089293,15465846,1
12089293,31205691,1
12089293,58246272,1
12089293,53160102,1
12089293,20474705,1
12089293,28118627,1
12089293,32267624,1
12089293,16515254,1
12089293,22993378,1
12089293,29320798,1
12089293,43011102,1
12089293,22424442,1
12089293,12429651,1
12089293,38651268,1
12089293,40695263,1
12089293,32203973,1
07759783,45439204,1
07759783,43453658,1
03190249,45955214,1
03190249,49460205,1
03190249,54898985,1
03190249,04513417,1
03190249,06148560,1
03190249,57595213,1
03190249,44618737,1
10716301,44463761,1
10716301,56964544,1
10716301,58199211,1
10716301,55537919,1
10716301,44639331,1
10716301,44075904,1
10716301,55600414,1
10716301,52966267,1
10716301,21602323,1
03012296,25274687,1
03012296,37665307,1
03012296,31632502,1
03012296,50288425,1
03012296,55991912,1
03012296,50738091,1
04896890,31695815,1
04896890,44409452,1
12852303,13441262,1
12852303,15087218,1
12852303,12852383,1
44246433,54681456,1
16499871,50560053,1
16499871,34275725,1
16499871,48905225,1
16499871,50473993,1
31997431,46321970,1
31997431,33171769,1
31997431,37561095,1
45807994,55037698,1
45807994,46005113,1
45807994,52191322,1
16455543,40283599,1
16455543,32675879,1
16455543,42528665,1
02908166,04096305,1
02908166,57730109,1
02908166,25239734,1
51099211,56022035,1
51099211,55197433,1
51099211,54855999,1
45029722,57705545,1
54778102,83352807,1
56009776,58341070,1
44175488,45907772,1
44175488,56185070,1
44165332,50687033,1
44165332,47371485,1
22552787,45690390,1
14175118,20127020,1
14175118,46502075,1
14175118,27112886,1
14175118,34261920,1
14175118,38393760,1
14175118,53981615,1
14175118,42169716,1
14175118,28088981,1
14175118,30480786,1
14175118,45342072,1
14175118,34639815,1
22356072,52722554,1
22356072,46814523,1
24069458,56212443,1
24069458,57058769,1
46262578,55190812,1
46262578,53999238,1
39647543,47799899,1
06148560,44618737,1
06148560,07506385,1
06148560,54574337,1
39343054,45746520,1
39343054,49475654,1
35781981,38478097,1
46342685,83764449,1
18316790,55391330,1
18316790,31157457,1
18316790,83874859,1
46626596,52833680,1
46626596,83367771,1
46626596,83303776,1
19113461,38628049,1
01655321,25010370,1
01655321,09032170,1
01655321,21816179,1
01655321,09589716,1
01655321,08668308,1
01655321,09110926,1
01655321,39466075,1
01655321,50256091,1
01655321,09110955,1
00500837,18954714,1
00500837,63810774,1
00500837,55016194,1
00500837,36171778,1
00500837,20614990,1
00500837,26885456,1
00500837,57247625,1
42590211,47456294,1
42590211,52905513,1
41164622,55532481,1
01448734,07995123,1
01448734,11605690,1
01448734,04952396,1
31860440,49820503,1
31860440,49046490,1
31860440,40600676,1
31860440,52194725,1
31860440,53269040,1
07828497,53049754,1
07828497,38145465,1
07828497,27444079,1
07828497,23630901,1
07828497,45383755,1
07828497,15570465,1
07828497,14312095,1
07828497,51649951,1
07828497,35516935,1
15546463,27482302,1
15546463,35518033,1
15546463,23792780,1
15546463,58171437,1
15546463,38478093,1
15546463,34580317,1
15546463,31613883,1
15546463,22546522,1
15546463,54490498,1
15546463,30481449,1
15546463,24531971,1
04959897,18817255,1
04959897,47023787,1
08187836,30668020,1
29301770,29639407,1
29301770,42489131,1
29301770,56701497,1
29301770,29488846,1
29301770,35411970,1
03907064,33915999,1
29088965,43928404,1
29088965,45704669,1
05389267,22902912,1
05389267,28932396,1
05389267,35656907,1
05389267,46532733,1
05389267,50349654,1
05389267,49827342,1
05389267,17007450,1
05389267,24242352,1
05389267,45942415,1
48578722,50565465,1
48578722,53566131,1
14142921,33915999,1
11158828,52521807,1
11158828,18104871,1
11158828,54048782,1
11158828,22928991,1
00877374,44812807,1
00877374,38161993,1
00877374,51762528,1
00877374,11230002,1
11060524,83759910,1
11060524,34682252,1
11060524,49400762,1
11060524,54652073,1
11060524,18441952,1
08438379,43691330,1
08438379,36566244,1
04898060,30935087,1
12620846,54478206,1
17096222,45822306,1
18087152,27568493,1
18087152,45589185,1
18087152,24957918,1
18087152,22247153,1
09650153,13266769,1
09650153,15087218,1
09650153,11050213,1
09650153,11323475,1
09650153,29101154,1
09650153,13441262,1
09650153,10826737,1
09650153,41857347,1
09650153,46862781,1
09650153,12852383,1
21995320,50864376,1
21995320,54376633,1
11300826,21051472,1
11300826,54229231,1
11300826,20548007,1
11300826,57363999,1
11300826,15465846,1
11300826,31205691,1
11300826,12089293,1
11300826,58246272,1
11300826,53160102,1
11300826,20474705,1
11300826,32267624,1
11300826,22993378,1
11300826,29320798,1
11300826,43011102,1
11300826,12429651,1
11300826,40695263,1
11300826,32203973,1
12504222,46814523,1
12504222,46012078,1
12504222,17268420,1
12504222,55527165,1
04898060,34988408,1
30935087,83211128,1
40660563,47603726,1
36093790,50568409,1
04513417,45955214,1
04513417,49460205,1
04513417,54898985,1
04513417,06148560,1
04513417,57595213,1
08762127,83838839,1
08762127,17872860,1
08762127,50266478,1
08762127,12963640,1
08762127,27854205,1
14177791,21892130,1
14177791,19112682,1
14177791,56425905,1
14177791,26253928,1
14177791,55305952,1
14177791,48546635,1
14177791,34834598,1
14177791,18256841,1
06048986,13581346,1
06048986,45388597,1
06048986,31249508,1
06048986,38347237,1
44017269,45188649,1
05506822,16631663,1
05506822,09317458,1
05506822,28530084,1
05506822,08776680,1
05506822,10716210,1
05506822,16631741,1
05506822,11438135,1
05506822,15652417,1
05506822,44592083,1
05506822,57372381,1
05506822,16739367,1
05506822,11358828,1
05506822,55127081,1
05506822,06106987,1
05506822,18983720,1
05506822,28551662,1
05506822,15006343,1
08783767,50296978,1
08783767,33612205,1
08783767,43347791,1
08783767,33596603,1
08783767,26833835,1
08783767,09397802,1
08783767,19113461,1
08783767,15035294,1
01527095,30846705,1
01527095,11271879,1
01527095,40272576,1
01527095,19552859,1
01527095,12312802,1
01527095,04787784,1
01527095,20917171,1
15522348,55335287,1
15522348,57447230,1
15522348,52904599,1
15522348,51576885,1
15522348,54337634,1
15522348,57901144,1
15522348,57271936,1
15522348,48514425,1
15522348,37894564,1
15522348,42165186,1
15522348,19667707,1
15522348,48534725,1
15522348,57412589,1
15522348,44623180,1
15522348,57256870,1
15522348,55838925,1
43011102,58246272,1
43011102,54229231,1
43011102,57363999,1
40777482,49747088,1
40777482,41507783,1
04969879,29722140,1
52610053,57288974,1
04895728,08668308,1
04895728,09110955,1
04895728,09110926,1
04895728,09032170,1
27036725,57157601,1
27036725,41719884,1
27036725,39907822,1
27036725,49404135,1
21279131,57951217,1
21279131,39491373,1
21279131,47376279,1
21279131,42042237,1
21279131,83776310,1
21279131,34845752,1
51768121,63807010,1
51768121,57832184,1
51768121,63804116,1
51768121,83580423,1
51768121,83733212,1
51768121,52805783,1
06011816,39538797,1
06105070,47390859,1
06105070,45695054,1
06105070,27913379,1
06105070,44280448,1
06105070,40116767,1
06105070,52823954,1
47262312,48303623,1
47262312,54931730,1
17252899,58407060,1
14727495,27141093,1
14727495,55177767,1
14727495,57166504,1
14727495,42891238,1
05024200,51870722,1
05024200,42411612,1
17474408,46166002,1
17474408,22777157,1
04722112,55565994,1
04722112,31369178,1
17489587,30534814,1
17489587,20735238,1
17489587,30874272,1
17489587,52202571,1
17489587,21062604,1
17489587,49356704,1
17489587,52262984,1
33075616,83589358,1
33075616,48042327,1
30746245,44273325,1
30746245,32131693,1
30746245,42569191,1
30746245,48925720,1
30746245,45519286,1
30746245,49915450,1
13502124,17214358,1
13502124,63879381,1
08179168,18087152,1
08179168,14789206,1
15255821,21144580,1
38006053,58278942,1
38006053,50119108,1
45388597,52191322,1
55838925,57271936,1
55838925,57412589,1
55838925,57256870,1
55838925,57447230,1
55838925,57901144,1
55838925,57274451,1
48645197,51646160,1
15011981,34333640,1
15011981,25257333,1
15011981,29433012,1
30143000,44901620,1
30143000,33614381,1
18824674,55309208,1
04584866,36478695,1
04584866,45808143,1
04584866,29478544,1
28987039,51099211,1
28987039,56022035,1
28987039,55197433,1
28987039,46514195,1
28987039,54855999,1
24837538,63841076,1
24837538,51714217,1
13332524,52725302,1
13332524,23177869,1
13332524,23167053,1
13332524,54972801,1
13332524,58419253,1
13332524,37408057,1
13332524,18243450,1
13332524,52715767,1
13332524,45907772,1
28452640,38244840,1
04135703,19312885,1
04135703,57211830,1
04135703,08036041,1
04135703,46001783,1
04135703,83368993,1
04135703,45029722,1
04135703,16821155,1
04135703,29629465,1
04135703,06028654,1
04551842,05005533,1
04551842,28681208,1
04551842,49419600,1
04984746,11257217,1
04984746,29478536,1
04984746,51602879,1
04984746,24486972,1
04984746,12323900,1
04984746,41949880,1
04984746,63870406,1
04984746,19259160,1
34647404,83375071,1
34647404,49071390,1
03178865,15747686,1
03178865,13759117,1
06938776,44618737,1
00977821,52916924,1
37657857,50190985,1
45383755,53049754,1
45383755,51649951,1
09558788,23775015,1
42909526,57155797,1
42909526,47401144,1
48905225,53620897,1
48905225,58447768,1
48905225,53874270,1
48905225,55207387,1
48905225,53620896,1
48905225,55273088,1
48905225,54782375,1
48905225,50473993,1
48905225,56090606,1
48905225,54545658,1
48905225,50560053,1
48905225,53874267,1
48905225,51357212,1
40967006,41365205,1
40967006,83308593,1
40967006,51507395,1
53516343,57262161,1
53516343,54032852,1
53516343,63887699,1
00738438,11257217,1
00738438,04984746,1
00738438,29478536,1
00738438,51602879,1
00738438,24486972,1
00738438,12323900,1
00738438,41949880,1
00738438,63870406,1
00738438,19259160,1
00738438,02040696,1
46532733,50349654,1
46532733,49827342,1
42015688,53209188,1
42015688,54790193,1
42015688,57726453,1
42015688,48424730,1
42015688,56419404,1
11307596,26146336,1
11307596,17746880,1
11307596,45907772,1
11307596,35517311,1
11307596,28387089,1
11307596,43012876,1
11307596,57311619,1
11307596,44175488,1
54931730,55266608,1
55416678,83904276,1
12605607,83370346,1
07620517,20663960,1
07620517,32308609,1
07620517,30107701,1
07620517,30108825,1
07620517,30129747,1
07620517,30108077,1
24582662,32190397,1
34635417,44374020,1
34635417,51576659,1
05355187,53620897,1
05355187,58447768,1
05355187,53874270,1
05355187,55207387,1
05355187,36357201,1
05355187,53620896,1
05355187,55273088,1
05355187,54782375,1
05355187,50473993,1
05355187,34638734,1
05355187,48905225,1
05355187,56090606,1
05355187,54545658,1
05355187,50560053,1
05355187,16455522,1
05355187,53874267,1
05355187,51357212,1
55965778,57160313,1
54619214,83367219,1
54619214,54885487,1
47739796,54486914,1
47739796,51844319,1
04330842,33770624,1
04330842,11481911,1
43996246,50800787,1
51418907,53767907,1
09627328,22960942,1
09627328,57122594,1
09627328,57350474,1
09627328,17285246,1
04377790,55438214,1
04377790,42517074,1
04377790,41644046,1
04377790,18087152,1
04377790,27170437,1
13778425,47756561,1
13778425,44591942,1
13778425,22044582,1
13778425,50738091,1
13778425,55991912,1
13778425,52987384,1
13778425,83372813,1
11508712,35289849,1
11508712,14710390,1
11508712,13065972,1
11508712,23522994,1
11508712,12816833,1
11508712,18879278,1
08242838,14631621,1
08242838,50383902,1
08242838,09163579,1
08242838,18548319,1
08242838,37480610,1
08242838,08904510,1
08242838,36953059,1
08242838,19954308,1
08242838,50150082,1
08242838,84189950,1
08242838,46423577,1
08242838,09145594,1
08242838,33075616,1
08242838,41738095,1
08242838,55033552,1
08242838,10202385,1
08242838,15415504,1
40188027,97519130,1
16821155,43308259,1
16821155,28751132,1
16821155,37894564,1
16821155,36905323,1
16821155,48790338,1
16821155,55838925,1
15185037,21727838,1
15185037,28899558,1
18486298,44376400,1
18486298,27947556,1
18486298,44459996,1
18486298,45609353,1
18486298,42548649,1
08679561,33915999,1
14032452,23328224,1
14032452,25174833,1
28809856,51354213,1
28809856,30728534,1
28809856,46140895,1
28809856,83342162,1
28809856,48125531,1
28809856,34612325,1
28298039,48256984,1
28298039,33915999,1
28298039,63830889,1
57412589,57447230,1
57412589,57901144,1
47490823,58266450,1
04976718,05319538,1
04976718,55836697,1
04976718,20772022,1
04976718,12575749,1
04976718,13466770,1
01313486,06046912,1
01313486,03852391,1
46881535,52610053,1
46881535,57688154,1
46881535,83325381,1
46881535,52938394,1
46881535,55127081,1
46881535,53571951,1
46881535,50965558,1
27370604,30690641,1
27370604,34609503,1
04952396,51372645,1
20663960,50762504,1
05024583,50383902,1
05024583,37480610,1
05024583,36953059,1
05024583,50150082,1
05024583,33075616,1
05024583,08242838,1
05024583,41738095,1
05024583,55033552,1
05024583,10202385,1
09110926,25010370,1
09110926,21816179,1
09110926,39466075,1
09110926,50256091,1
34892620,51666648,1
34892620,56321807,1
34892620,41124509,1
34892620,56908851,1
13966948,34834598,1
13966948,19112682,1
13966948,83367466,1
13966948,48546635,1
11322001,37657858,1
11322001,50735105,1
11322001,52628936,1
11322001,37657857,1
11322001,31598630,1
11322001,50190985,1
11322001,37700829,1
27397410,27491827,1
18087152,35783753,1
26495882,56439858,1
26495882,30369379,1
26495882,37082268,1
26495882,39702115,1
26495882,26805909,1
26495882,26770324,1
26495882,31353578,1
18171321,35140119,1
18171321,57348829,1
18171321,56187505,1
18171321,33962479,1
24585147,43691330,1
24585147,36566244,1
56167438,56904767,1
05054671,41640208,1
05054671,55039592,1
05054671,55039591,1
05054671,38004252,1
05054671,51882053,1
05054671,12778316,1
05458120,10711226,1
32547311,55062107,1
08454441,19351607,1
08454441,63841076,1
08454441,51714217,1
08454441,24837538,1
08454441,19291374,1
11066360,45808161,1
11066360,48552524,1
11066360,83374587,1
11066360,34907486,1
41034185,83342162,1
41034185,51354213,1
08064221,22445325,1
08064221,08068245,1
04916201,41981831,1
04916201,05960071,1
17192091,35027428,1
23328224,24950634,1
48328555,57157601,1
48328555,83650374,1
48328555,55059900,1
48328555,49404135,1
48328555,54965803,1
18954714,56925048,1
18954714,40099275,1
18954714,51009636,1
18954714,40686260,1
18954714,58415768,1
01037427,58460694,1
01037427,56947805,1
01037427,56947806,1
01037427,33295746,1
01037427,32135776,1
33462289,38263933,1
33462289,54352353,1
33462289,49976150,1
33462289,83311464,1
33462289,58312931,1
33462289,54049487,1
52228257,52724925,1
52228257,83584920,1
37416022,39274002,1
37416022,50227993,1
24429020,49404135,1
24429020,39907822,1
24429020,57157601,1
26892234,30680195,1
26892234,53121520,1
26892234,50446091,1
26892234,57711501,1
14097230,21584046,1
14097230,18133996,1
15358889,33744433,1
15358889,35521714,1
15358889,25129117,1
15358889,18037378,1
16615943,54277533,1
16615943,55590398,1
06011816,33595632,1
06011816,44253551,1
06011816,37841067,1
06011816,53382721,1
04443364,23983251,1
04443364,40195862,1
04443364,12298780,1
04443364,19792959,1
04443364,47262312,1
04443364,43182281,1
04443364,48303623,1
04443364,39814966,1
04443364,43233967,1
04443364,54931730,1
04443364,34591310,1
42226877,42497894,1
39836313,49663562,1
39836313,47143868,1
39836313,40952709,1
02148655,35027428,1
48635868,83319640,1
15625840,57145151,1
15625840,31095759,1
15625840,54972801,1
15625840,51034773,1
15625840,55493240,1
15625840,58115694,1
25054717,26967764,1
25054717,36360409,1
25054717,34927765,1
25054717,33764020,1
04882924,42316615,1
04882924,10611492,1
11322001,13279768,1
11322001,24299910,1
11322001,46251157,1
11322001,23200237,1
11322001,52663521,1
11322001,32652197,1
04895066,42754199,1
04895066,51416028,1
04895066,10231587,1
04895066,27115662,1
04895066,32436480,1
04895066,04974689,1
04895066,04896890,1
11299883,24582662,1
11299883,47337578,1
11299883,47196575,1
11299883,54662724,1
11299883,12285161,1
47144718,51715500,1
47144718,50974809,1
41073254,44549511,1
19318958,32693235,1
18273708,18819000,1
18273708,31365986,1
30188335,53472612,1
30188335,33932590,1
30188335,45096265,1
30188335,46633075,1
30188335,43194002,1
30188335,45429712,1
03880941,06011816,1
03880941,41424522,1
03880941,05618831,1
03880941,36015353,1
03880941,39592690,1
03880941,27910799,1
02973413,50765894,1
08708911,19112682,1
08708911,34834598,1
08708911,83367466,1
08708911,14177338,1
08708911,48546635,1
08708911,52153417,1
08708911,28154395,1
49275814,54619214,1
50560053,54545658,1
50560053,51357212,1
50560053,53874270,1
50560053,53620896,1
50560053,55273088,1
50560053,56090606,1
50560053,55207387,1
50560053,58447768,1
50560053,54782375,1
50560053,53874267,1
50560053,53620897,1
14603843,49005717,1
14603843,48905309,1
14603843,55044297,1
14603843,53620897,1
14603843,52710594,1
14603843,49005255,1
14603843,53620896,1
15216786,57112877,1
37797902,83383638,1
37797902,45085822,1
22965051,24437317,1
19138573,57951217,1
19138573,39491373,1
19138573,47376279,1
19138573,42042237,1
19138573,21279131,1
19138573,34845752,1
08569169,33678320,1
08569169,50944200,1
08569169,52224426,1
02846120,17458616,1
49400987,57851937,1
42430618,57157601,1
42430618,83650374,1
42430618,48328555,1
42430618,55059900,1
42430618,46719213,1
42430618,44296529,1
42430618,46167663,1
42430618,49404135,1
42430618,46719330,1
52938394,57688154,1
52938394,83325381,1
52938394,55127081,1
52938394,53571951,1
12312802,30846705,1
12312802,40272576,1
12312802,19552859,1
12312802,20917171,1
22704916,27229328,1
24019363,31671814,1
24019363,41372115,1
24019363,33558212,1
24019363,29318625,1
24019363,40593909,1
07810527,25106362,1
46167663,54965803,1
46167663,57387226,1
54779266,63873012,1
54779266,58421459,1
54779266,57486261,1
53675536,57726453,1
53675536,54790193,1
10453516,39352942,1
10453516,51431935,1
11127340,34633669,1
11127340,83650606,1
11127340,34803644,1
24574133,33714406,1
24574133,47858418,1
24574133,53688481,1
24574133,48661389,1
24574133,57585889,1
24574133,34808701,1
24574133,57585885,1
24574133,57585886,1
24574133,48661339,1
24574133,29329295,1
24574133,57586681,1
24574133,29982883,1
24574133,57859208,1
24574133,52082507,1
24574133,48661347,1
24574133,24902119,1
24574133,48667370,1
24574133,29460787,1
24574133,57586823,1
24574133,57586012,1
11058976,14373109,1
11058976,44246433,1
11058976,37567308,1
11058976,39701877,1
11058976,11158828,1
11058976,16455522,1
11058976,14484483,1
11058976,12703882,1
11058976,19532039,1
11058976,13313677,1
11058976,16845198,1
11058976,14625319,1
11058976,16499871,1
11058976,46084556,1
11058976,36357201,1
11058976,12703958,1
11058976,11188852,1
11058976,27015623,1
11058976,14376007,1
11058976,14603843,1
11058976,11339572,1
11058976,12497824,1
11058976,50841256,1
11058976,46268382,1
11058976,16455543,1
13898557,43543406,1
48042327,83589358,1
32889202,41186603,1
32889202,37814743,1
54888684,55682395,1
13363815,28221037,1
11553007,47725170,1
45276435,57112877,1
45276435,54666354,1
45276435,48585237,1
53014913,56660430,1
53014913,54885487,1
53014913,53722842,1
36747910,45542777,1
36747910,47150118,1
36747910,54978908,1
12455695,26634582,1
12455695,21316122,1
12455695,53043724,1
34437051,47762819,1
50776147,63854616,1
50776147,52279393,1
33703874,51235640,1
29219683,43944195,1
29219683,30532710,1
29219683,30879890,1
29219683,53138231,1
29219683,55853422,1
29219683,57633381,1
29219683,29231415,1
29219683,31211327,1
29219683,55705246,1
23167053,52725302,1
23167053,23177869,1
23167053,54972801,1
23167053,58419253,1
23167053,37408057,1
23167053,52715767,1
23167053,45907772,1
32755479,46965583,1
29193763,83589358,1
29193763,33075616,1
29193763,48042327,1
16875649,16878140,1
16875649,20335130,1
16875649,47390859,1
16875649,45695054,1
16875649,27913379,1
16875649,83342162,1
16875649,44280448,1
16875649,40116767,1
16875649,52823954,1
41019135,83650606,1
41019135,41307302,1
43691330,58279901,1
43691330,83333237,1
43691330,83310292,1
08806801,55154617,1
08806801,41260285,1
08806801,45476449,1
08806801,17169259,1
08806801,18386898,1
05003249,17062826,1
05003249,40777481,1
14556222,56660430,1
08210284,10760586,1
08210284,09110955,1
08210284,19532039,1
08210284,16845198,1
08210284,09032170,1
08210284,09589716,1
08210284,11058976,1
08210284,27015623,1
08210284,09110926,1
08210284,08668308,1
08210284,50841256,1
08210284,16455543,1
18354204,28839535,1
18354204,26050345,1
18354204,21399950,1
18354204,18516869,1
26557523,63851000,1
36585525,42548649,1
28399610,41365205,1
28399610,83308593,1
28399610,51507395,1
28399610,40967006,1
24249629,63851000,1
02934270,56005916,1
02934270,16995727,1
02934270,41441491,1
02934270,44744502,1
02934270,07506820,1
40196036,40364475,1
40196036,40851668,1
55059900,57157601,1
55059900,83650374,1
38628049,45514503,1
38628049,48063233,1
38628049,83904854,1
29800516,38284440,1
29800516,54375531,1
27774887,46633075,1
27774887,43194002,1
27774887,53472612,1
27774887,33932590,1
15255821,43104321,1
15255821,29478160,1
15255821,46714247,1
15255821,44129140,1
30732216,34860254,1
46719213,57157601,1
46719213,83650374,1
46719213,48328555,1
46719213,55059900,1
46719213,49404135,1
46719213,54965803,1
12534508,57285529,1
12534508,14514225,1
12534508,53752478,1
12534508,83914226,1
12534508,27773901,1
12534508,20589457,1
15011981,39380534,1
22377831,83318303,1
22377831,30911737,1
22377831,22747837,1
04558805,55335287,1
04558805,57447230,1
04558805,13441262,1
04558805,52904599,1
04558805,13006347,1
04558805,51576885,1
04558805,54337634,1
04558805,57901144,1
04558805,15522348,1
04558805,57271936,1
04558805,48514425,1
04558805,11140735,1
04558805,37894564,1
04558805,42165186,1
04558805,07791787,1
04558805,19667707,1
04558805,48534725,1
04558805,57412589,1
04558805,44623180,1
04558805,57256870,1
04558805,55838925,1
33615435,33801385,1
33615435,40311143,1
13897581,25450139,1
13897581,39907822,1
13897581,57157601,1
13897581,42365622,1
13897581,29541134,1
13897581,83650374,1
13897581,18406599,1
13897581,48328555,1
13897581,42430618,1
13897581,55059900,1
13897581,46719213,1
13897581,24429020,1
13897581,23472709,1
13897581,44296529,1
13897581,46167663,1
13897581,15693111,1
13897581,49404135,1
13897581,46719330,1
13897581,25232025,1
13897581,25292639,1
13897581,54965803,1
13897581,14862196,1
63804116,63807010,1
63804116,83580423,1
63804116,83733212,1
22983316,43577143,1
22983316,40117474,1
34595112,38344223,1
34595112,52009675,1
20990430,51567127,1
20990430,43598601,1
20990430,24834742,1
20990430,38028570,1
20990430,63807010,1
20990430,50564262,1
10482140,43691330,1
10482140,36566244,1
45373405,53097214,1
45373405,50781406,1
17096222,27079098,1
29329280,29982883,1
29329280,34808701,1
29329280,48661347,1
29329280,47538064,1
29329280,29329396,1
29329280,47858418,1
29329280,48667370,1
29329280,57859208,1
29329280,48661389,1
29329280,52082507,1
29329280,37014309,1
29329280,48661339,1
38244840,52382054,1
56196880,57080615,1
56196880,57155797,1
56196880,56964544,1
23018199,46778045,1
23018199,55957988,1
23018199,53071336,1
11090652,28860289,1
11090652,55903468,1
11090652,29144626,1
11090652,41397871,1
11090652,56335061,1
11090652,43403561,1
11090652,16630928,1
10233096,39380534,1
10233096,15011981,1
04340188,09309377,1
04340188,27989289,1
02729304,03143991,1
02729304,52079366,1
02729304,31893051,1
05306518,06217420,1
05306518,33151180,1
05306518,58022109,1
05306518,13759117,1
05306518,21302215,1
24429020,25450139,1
24429020,29541134,1
24429020,83650374,1
24429020,48328555,1
24429020,55059900,1
24429020,46719213,1
24429020,44296529,1
24429020,46719330,1
06696322,27078567,1
23472709,25450139,1
23472709,42365622,1
23472709,29541134,1
23472709,83650374,1
23472709,48328555,1
23472709,42430618,1
23472709,55059900,1
23472709,46719213,1
23472709,44296529,1
23472709,46719330,1
23472709,54965803,1
23605347,34905026,1
23605347,51621954,1
23605347,52350217,1
23605347,40011155,1
23605347,42604726,1
23605347,53304488,1
07887094,38283892,1
07887094,13657306,1
07887094,13741088,1
47498041,54277533,1
47498041,51023682,1
47498041,52041941,1
47498041,55590398,1
05265480,41101724,1
05265480,08610914,1
05265480,55526910,1
05518819,36634515,1
05518819,47604896,1
05518819,27720828,1
05518819,44823027,1
05518819,29855424,1
05518819,34309111,1
04908636,05783082,1
04908636,53650948,1
04908636,55334119,1
04908636,26780889,1
05059613,39333408,1
05059613,47459363,1
05059613,15313646,1
34682252,83759910,1
34682252,49400762,1
34682252,54652073,1
34682252,41349841,1
46687601,55537919,1
46687601,57080615,1
46687601,54979011,1
48748664,57202732,1
07953621,13518879,1
07953621,31417929,1
02611132,07342268,1
02611132,38000142,1
02611132,39166873,1
02611132,28175584,1
02611132,08201747,1
07318168,14773658,1
07318168,35912699,1
07318168,17900840,1
55317647,56964544,1
32913189,46793672,1
41479172,57718865,1
41479172,45575879,1
28681208,49419600,1
00678180,48546635,1
00678180,34834598,1
00678180,05054671,1
00678180,14309414,1
00678180,08178406,1
00678180,28932294,1
00678180,19112682,1
07000217,63851000,1
07000217,33202757,1
07000217,38086505,1
44962086,56925048,1
44962086,51046785,1
44962086,84137991,1
12532690,23146224,1
30690641,34609503,1
50793030,51072301,1
50793030,55991912,1
00512683,33904753,1
00512683,45883575,1
00512683,33746382,1
00512683,41719884,1
00512683,49404135,1
00512683,39907822,1
00512683,02164629,1
00512683,23472709,1
00512683,57157601,1
00512683,05021725,1
00512683,31124535,1
00512683,27036725,1
44029469,48633627,1
44029469,53774922,1
44029469,52325585,1
45180493,50749622,1
35781981,49406031,1
35781981,63845986,1
13759117,33151180,1
13759117,58022109,1
13759117,21302215,1
28387089,45907772,1
28387089,35517311,1
28387089,43012876,1
28387089,57311619,1
28387089,44175488,1
15570465,53049754,1
15570465,38145465,1
15570465,27444079,1
15570465,23630901,1
15570465,45383755,1
15570465,51649951,1
15570465,35516935,1
47799899,55630308,1
47799899,50433212,1
20782464,23322870,1
20782464,55569173,1
20782464,30944772,1
20782464,42456738,1
20782464,51496129,1
20782464,48722769,1
20782464,24197682,1
20782464,29118884,1
20782464,48057302,1
20782464,57288974,1
20782464,57843588,1
12654922,54435963,1
43648524,54184008,1
21144580,47056541,1
19667707,57271936,1
19667707,28399610,1
19667707,25257333,1
19667707,52904599,1
19667707,54337634,1
19667707,37894564,1
19667707,55838925,1
19667707,57412589,1
19667707,48534725,1
19667707,28592039,1
19667707,57256870,1
19667707,54619214,1
19667707,30797118,1
19667707,36253093,1
19667707,42165186,1
19667707,51576885,1
19667707,57447230,1
19667707,57901144,1
19667707,57274451,1
19667707,48528560,1
19667707,55335287,1
10501367,43574893,1
10501367,14556554,1
09303787,10760586,1
09303787,19532039,1
09303787,16845198,1
09303787,14625319,1
09303787,09589716,1
09303787,11058976,1
09303787,27015623,1
09303787,14376007,1
09303787,50841256,1
09303787,16455543,1
48419861,83650606,1
48419861,49628310,1
34275725,52521807,1
34275725,44246433,1
34275725,50560053,1
34275725,46268382,1
34275725,37567308,1
34275725,46084556,1
34275725,48905225,1
34275725,36357201,1
34275725,50473993,1
34275725,48905309,1
28470670,43944195,1
28470670,30532710,1
28470670,29219683,1
28470670,30879890,1
28470670,53138231,1
28470670,55853422,1
28470670,57633381,1
28470670,29231415,1
28470670,31211327,1
28470670,55705246,1
50826962,63851000,1
50826962,83658401,1
12918898,51567127,1
12918898,43598601,1
12918898,24834742,1
12918898,33917788,1
12918898,38028570,1
12918898,63807010,1
12918898,50564262,1
08680566,43536729,1
56321807,56908851,1
45934751,54790193,1
45934751,57726453,1
45934751,53209188,1
22169745,52869416,1
22169745,33520093,1
22169745,46862295,1
22169745,45057377,1
37505706,39595428,1
37505706,50037335,1
37505706,53666283,1
44606157,49046200,1
06164703,26634582,1
06164703,12049758,1
06164703,30047480,1
17986326,35781981,1
17986326,26837348,1
17986326,38478097,1
07045620,11508102,1
07045620,53210341,1
07045620,50604320,1
07045620,32218488,1
07045620,56904767,1
07045620,46099558,1
07045620,56084186,1
07045620,16775498,1
07045620,55515834,1
07045620,42703472,1
07045620,21391028,1
07045620,16877048,1
27642548,34904839,1
21286441,32074588,1
21286441,32061497,1
21286441,37022648,1
21286441,32787548,1
14492044,16810820,1
26837348,35781981,1
26837348,38478097,1
07081633,17844808,1
06217516,14082366,1
06217516,06320674,1
06217516,13656853,1
06217516,32755479,1
06217516,46965583,1
12547619,51299309,1
12547619,22971196,1
12547619,31557397,1
12547619,45653558,1
12547619,52111632,1
12547619,35519913,1
12547619,34896209,1
04982948,05622680,1
04982948,56041165,1
04982948,37770513,1
04821763,48440251,1
04821763,24208252,1
04821763,11411491,1
04821763,53722842,1
04821763,50668156,1
04821763,54619214,1
04821763,54332505,1
04821763,83367219,1
04821763,47214336,1
04821763,54885487,1
04821763,11076908,1
09020092,28899558,1
09589716,52521807,1
09589716,54048782,1
12429651,32984883,1
12429651,17086225,1
12429651,20237030,1
12429651,14767246,1
12429651,30592548,1
34261920,46502075,1
34261920,38393760,1
34261920,53981615,1
34261920,42169716,1
34261920,45342072,1
34261920,34639815,1
11076908,83764449,1
11076908,34020981,1
11076908,53871498,1
11076908,57589409,1
11076908,50909961,1
11076908,56384215,1
11076908,50668156,1
11076908,14205367,1
11076908,32349527,1
52222822,57719959,1
15302423,33516425,1
15302423,34467448,1
15302423,48205617,1
15302423,38651976,1
05994636,07772245,1
05994636,42621451,1
05994636,06145428,1
05994636,42793884,1
05994636,06189829,1
05994636,46286669,1
05994636,07919179,1
05994636,84154608,1
05994636,45245872,1
14057335,44374020,1
14057335,51576659,1
14057335,34635417,1
14057335,24220440,1
21171923,28883561,1
21171923,33531685,1
04976718,38228290,1
09308194,55416678,1
09308194,15323397,1
09308194,41409445,1
09308194,58312803,1
09308194,37980824,1
10867643,83764449,1
10867643,34020981,1
10867643,53871498,1
10867643,57589409,1
10867643,11076908,1
10867643,50909961,1
10867643,56384215,1
10867643,50668156,1
10867643,14205367,1
10867643,32349527,1
07182391,47490823,1
07182391,18817255,1
07182391,31888227,1
07182391,35336252,1
07182391,10828301,1
07182391,43724649,1
07182391,42053547,1
07182391,63887202,1
07182391,52364224,1
07182391,44118671,1
07182391,26634582,1
26495569,55309208,1
15578342,38088444,1
15578342,41297076,1
15578342,39306305,1
15578342,63854616,1
15578342,32885424,1
15578342,26318791,1
15578342,50776147,1
15578342,44470034,1
15578342,38086505,1
15578342,52279393,1
15578342,49032101,1
15578342,47027121,1
15616728,43643845,1
15616728,27197397,1
50909961,83764449,1
50909961,53871498,1
50909961,57589409,1
50909961,56384215,1
38088444,47214336,1
38088444,55413071,1
04923363,42268743,1
04923363,48865977,1
04978201,42456738,1
04978201,31339809,1
04978201,55248246,1
04978201,57462001,1
53071336,55957988,1
17900840,35912699,1
04894580,47056541,1
04894580,20663960,1
04894580,04910063,1
04894580,07637324,1
04894580,21144580,1
04894580,10773426,1
04894580,09243089,1
04894580,17644498,1
07203769,47888512,1
18087152,26949965,1
18087152,44266895,1
08861576,11438135,1
08861576,57372381,1
08861576,15006343,1
08861576,11358828,1
08861576,10716210,1
08861576,15652417,1
08861576,18983720,1
08861576,16739367,1
08861576,09317458,1
42507899,55965778,1
42507899,57160313,1
04996064,57211830,1
04996064,26781437,1
04996064,37554911,1
04996064,36036599,1
40142478,41394485,1
39150077,56055054,1
22044582,47756561,1
22044582,44591942,1
22044582,50738091,1
22044582,55991912,1
22044582,52987384,1
22044582,83372813,1
30728534,51354213,1
30728534,46140895,1
30728534,83342162,1
30728534,48125531,1
30728534,34612325,1
09396095,10774943,1
17587264,33930331,1
17587264,24425982,1
17587264,53281247,1
17587264,48611660,1
17587264,45737222,1
17587264,21783481,1
17587264,53369432,1
17587264,57278636,1
07853641,14631621,1
07853641,10824588,1
07853641,09163579,1
07853641,84189950,1
07853641,09145594,1
04945200,41101724,1
04945200,05265480,1
04945200,08610914,1
04945200,55526910,1
34580317,35518033,1
34580317,58171437,1
34580317,38478093,1
34580317,54490498,1
48780328,53271619,1
48780328,57719959,1
48780328,51784670,1
48780328,58421459,1
48780328,54898502,1
48780328,54758331,1
18249506,18316790,1
18249506,55391330,1
18249506,31157457,1
18249506,83874859,1
22739645,41463606,1
22739645,56661682,1
22739645,48555717,1
22739645,27797487,1
22739645,48754339,1
05312424,10383259,1
07882250,26050345,1
07882250,22646126,1
07882250,21338309,1
07882250,21399950,1
07882250,17266557,1
07882250,28137761,1
07882250,18516869,1
07882250,43712622,1
07882250,17327944,1
07882250,28839535,1
47610923,51098407,1
48534274,52222822,1
10349450,56927303,1
10349450,41507783,1
10349450,12094545,1
10349450,55062107,1
10349450,63859474,1
10349450,11248496,1
10349450,32547311,1
10349450,11161770,1
10349450,53056705,1
04309785,28074990,1
04309785,17112048,1
04309785,44474536,1
05255146,22918262,1
10853205,84191618,1
10853205,17864138,1
10853205,17794978,1
10853205,20001357,1
10853205,51123623,1
10853205,39251330,1
10853205,12356451,1
10942018,20703650,1
10942018,44069236,1
48534274,54979011,1
48534274,57635372,1
48534274,51404327,1
48534274,58188878,1
48534274,52007020,1
48534274,54344984,1
04929683,50231311,1
04929683,14727334,1
04929683,63807010,1
04929683,13540164,1
04929683,26774151,1
04929683,57832184,1
04929683,08985066,1
04929683,48089475,1
04929683,36756496,1
04929683,37088883,1
04929683,08095318,1
04929683,51768121,1
04929683,63804116,1
04929683,13697835,1
04929683,83580423,1
04929683,26605604,1
04929683,83733212,1
04929683,52805783,1
04929683,05844378,1
00510085,50102148,1
00510085,27929358,1
00510085,04952396,1
04905212,13518879,1
04905212,07953621,1
04905212,31417929,1
34624874,54978521,1
36357201,50841256,1
17644735,43761332,1
35426244,35455332,1
46005113,55037698,1
46005113,52191322,1
50738091,52987384,1
50738091,83372813,1
29478536,51602879,1
29478536,41949880,1
29478536,63870406,1
05095110,43664533,1
05095110,36365162,1
05095110,26484484,1
51212032,63801575,1
12703958,19532039,1
12703958,16845198,1
12703958,27015623,1
12703958,50841256,1
12703958,16455543,1
19068930,30494420,1
19068930,35690146,1
19068930,30588807,1
19068930,31134654,1
55471878,57214547,1
55471878,56056738,1
08624482,17465960,1
06945995,38342928,1
06945995,29435338,1
06945995,10249951,1
06945995,19256258,1
06945995,49883924,1
06945995,35657820,1
06945995,36875084,1
02866213,55465845,1
02866213,52963361,1
02866213,24250973,1
02866213,54758331,1
02866213,21397783,1
02866213,53049576,1
02866213,54813835,1
02866213,51903677,1
11271879,17322377,1
11271879,83370346,1
11271879,12605607,1
51310351,52228257,1
51310351,55534246,1
45046766,55752041,1
56056738,57214547,1
39466075,50256091,1
37259225,51861676,1
12157358,15021759,1
12157358,31381341,1
12146034,50545443,1
12146034,56060720,1
39907822,45883575,1
55167544,63869226,1
46897094,52722554,1
38393760,46502075,1
38393760,53981615,1
38393760,42169716,1
38393760,45342072,1
24923147,52722554,1
19471452,42507899,1
19471452,45942603,1
19471452,45945702,1
19471452,83325381,1
19471452,22942965,1
19471452,24701795,1
52141673,83776310,1
52141673,53994812,1
52141673,58264935,1
07926240,08064865,1
07926240,22911135,1
07926240,50221222,1
07926240,15464267,1
26209413,39904597,1
26209413,38493454,1
26209413,30883226,1
13220786,34599837,1
35429374,48822706,1
24220440,51576659,1
24220440,34635417,1
20790368,21135479,1
20790368,31481031,1
11160958,45942412,1
11160958,37762057,1
11160958,14339442,1
28236054,63846356,1
28236054,48460634,1
21783481,41376546,1
39684938,44962086,1
39684938,56925048,1
39684938,51046785,1
39684938,84137991,1
13297773,83888164,1
13297773,46649690,1
13297773,53453531,1
13297773,22860105,1
52202571,52262984,1
11188852,14373109,1
11188852,44246433,1
11188852,37567308,1
11188852,39701877,1
11188852,16455522,1
11188852,14484483,1
11188852,12703882,1
11188852,19532039,1
11188852,13313677,1
11188852,16845198,1
11188852,14625319,1
11188852,16499871,1
11188852,46084556,1
11188852,36357201,1
11188852,12703958,1
11188852,27015623,1
11188852,14376007,1
11188852,14603843,1
11188852,11339572,1
11188852,12497824,1
11188852,50841256,1
11188852,46268382,1
11188852,16455543,1
03437440,48546635,1
03437440,05054671,1
03437440,83367466,1
03437440,14177791,1
03437440,34834598,1
03437440,19112682,1
03437440,08178406,1
03437440,48944851,1
34163651,51095821,1
55305952,56425905,1
07670993,37859775,1
27797487,41463606,1
27797487,56661682,1
27797487,48555717,1
27797487,48754339,1
37315565,45636574,1
37315565,83650606,1
37315565,41296776,1
30879890,43944195,1
30879890,53138231,1
30879890,55853422,1
30879890,57633381,1
30879890,31211327,1
30879890,55705246,1
43012876,45907772,1
43012876,57311619,1
43012876,44175488,1
15275597,34684399,1
15275597,49944478,1
15275597,21727838,1
23983251,46633075,1
23983251,28681268,1
23983251,45096265,1
23983251,46883917,1
23983251,45429712,1
23983251,30188335,1
23983251,29247839,1
23983251,47840357,1
53160102,54229231,1
53160102,57363999,1
53160102,58246272,1
01805483,37865491,1
01805483,45208359,1
08046067,49046200,1
08046067,23755979,1
08068245,20001357,1
08068245,29639407,1
08068245,42489131,1
08068245,29301770,1
08068245,11566218,1
08068245,12008310,1
08068245,56701497,1
08068245,12645993,1
08068245,29488846,1
08068245,08454441,1
08068245,35411970,1
13755682,24585147,1
13755682,43976615,1
13755682,83310292,1
13755682,58279901,1
13755682,18111277,1
13755682,83333237,1
13755682,22959779,1
23328224,25174833,1
11244721,34309111,1
11244721,44597273,1
08210284,22711023,1
08210284,54681456,1
40992970,57528712,1
02729304,42456738,1
02729304,31339809,1
02729304,55248246,1
02729304,57462001,1
27015623,44246433,1
27015623,37567308,1
27015623,39701877,1
27015623,46084556,1
27015623,36357201,1
27015623,50841256,1
27015623,46268382,1
45350684,57372381,1
10583461,18817255,1
10583461,26316361,1
10583461,42456738,1
10583461,38560895,1
09423857,18104871,1
09423857,22711023,1
09423857,09687570,1
09423857,13313677,1
09423857,10243905,1
09423857,44246433,1
09423857,11339572,1
09423857,46084556,1
09423857,11188852,1
09423857,54681456,1
41296776,45636574,1
41296776,83650606,1
40142478,40526955,1
40142478,45226832,1
08603653,24312558,1
08603653,24306504,1
21403781,40364475,1
21403781,40196036,1
21403781,40851668,1
54790193,56419404,1
02164629,33904753,1
02164629,45883575,1
02164629,33746382,1
02164629,41719884,1
02164629,49404135,1
02164629,39907822,1
02164629,23472709,1
02164629,57157601,1
02164629,05021725,1
02164629,31124535,1
02164629,27036725,1
02960272,43262623,1
42282295,55965778,1
42282295,42507899,1
42282295,57160313,1
04894580,26495569,1
04894580,54509964,1
04894580,18824674,1
26504364,28883561,1
26504364,30592548,1
26504364,45388597,1
26504364,48025044,1
26504364,28277240,1
26504364,44609947,1
26504364,32984883,1
26504364,43092012,1
26504364,49135720,1
26504364,33531685,1
17169259,55154617,1
17169259,41260285,1
17169259,45476449,1
17169259,18386898,1
29433012,34333640,1
44470034,63854616,1
44470034,50776147,1
44470034,52279393,1
44470034,49032101,1
44470034,47027121,1
29329295,33714406,1
29329295,47858418,1
29329295,53688481,1
29329295,48661389,1
29329295,57585889,1
29329295,34808701,1
29329295,57585885,1
29329295,57585886,1
29329295,48661339,1
29329295,57586681,1
29329295,29982883,1
29329295,57859208,1
29329295,52082507,1
29329295,48661347,1
29329295,48667370,1
29329295,29460787,1
29329295,57586823,1
29329295,57586012,1
13706299,30732216,1
13706299,14099261,1
13706299,34860254,1
31975245,83315408,1
31975245,35517311,1
04996064,34333640,1
04996064,25257333,1
04996064,29433012,1
04996064,10233096,1
04722112,31328128,1
04722112,45726243,1
04722112,44939083,1
26634582,36766273,1
26634582,53097214,1
26634582,45373405,1
26634582,50781406,1
53271619,56281977,1
44296529,57157601,1
44296529,83650374,1
44296529,48328555,1
44296529,55059900,1
44296529,46167663,1
44296529,49404135,1
44296529,54965803,1
25054717,47694918,1
25054717,40649910,1
40169079,43998797,1
40169079,47401879,1
40169079,57012991,1
40169079,57019757,1
43114456,55624004,1
43114456,54657288,1
05553060,48468765,1
05553060,43683105,1
05553060,54778102,1
05553060,22226927,1
05553060,83352807,1
05553060,49582386,1
10559828,20920169,1
10559828,41493205,1
10559828,48198589,1
10559828,44577379,1
10559828,24280011,1
01100046,15338940,1
01100046,38244840,1
01100046,52382054,1
01100046,14984912,1
01100046,09424775,1
01100046,07443970,1
48429715,57827317,1
40992970,46321970,1
19046130,83589358,1
19046130,48042327,1
19046130,29193763,1
43928404,45704669,1
06957217,55196070,1
06957217,34128570,1
06957217,53755695,1
06957217,18294170,1
04352504,18449805,1
04352504,45006823,1
04352504,55890375,1
28530322,51851595,1
28530322,52226841,1
20474705,53160102,1
20474705,28118627,1
20474705,32267624,1
20474705,29320798,1
20474705,22424442,1
47401144,57155797,1
20703650,52966267,1
20703650,51219805,1
20703650,55088212,1
20703650,24117759,1
20703650,54328041,1
20703650,55074806,1
35345991,46697098,1
05017435,09016708,1
05017435,42569191,1
05017435,49915450,1
05017435,28751132,1
05017435,44258095,1
05017435,20443071,1
05017435,30746245,1
05017435,05035230,1
05017435,48925720,1
05017435,12576225,1
22960942,53090342,1
22960942,53028468,1
22960942,54370033,1
08154120,09447754,1
52041941,54277533,1
52041941,55590398,1
55391330,83874859,1
21825352,23006602,1
21825352,46281097,1
21825352,50913330,1
21825352,44809715,1
04787784,30846705,1
04787784,11271879,1
04787784,40272576,1
04787784,19552859,1
04787784,12312802,1
04787784,20917171,1
06926176,51489811,1
04730412,04913018,1
04730412,56296160,1
04730412,04949426,1
04730412,22974380,1
31613883,35518033,1
31613883,58171437,1
31613883,38478093,1
31613883,34580317,1
31613883,54490498,1
29258204,34693432,1
29258204,35072833,1
11132304,46527197,1
11132304,36904570,1
11132304,57167357,1
11132304,11344254,1
11132304,83319640,1
11132304,18708608,1
11132304,39497472,1
11132304,83919381,1
52007020,52443748,1
52007020,57155797,1
52007020,58191310,1
58421459,63873012,1
29779458,42084429,1
29779458,52279393,1
29779458,57901736,1
29779458,41297076,1
29779458,47027121,1
29779458,38088444,1
29779458,54007941,1
29779458,54012325,1
47720643,51404327,1
47720643,57719959,1
10387433,12417145,1
10387433,24923147,1
10387433,52722554,1
28777198,83318022,1
27286873,46321970,1
27286873,31267760,1
27286873,31997431,1
27286873,57528712,1
27286873,40992970,1
27286873,33171769,1
27286873,27850782,1
27286873,37561095,1
27286873,38179098,1
42569191,49915450,1
42569191,44258095,1
42569191,48925720,1
47195355,53001776,1
45322017,53014913,1
45322017,56660430,1
45322017,54885487,1
45322017,53722842,1
12909245,38263933,1
12909245,54352353,1
12909245,22947144,1
12909245,19135745,1
12909245,28556091,1
12909245,33462289,1
12909245,49976150,1
12909245,83311464,1
12909245,58312931,1
12909245,54049487,1
13877821,33744433,1
13877821,35521714,1
13877821,15358889,1
13877821,25129117,1
13877821,18037378,1
22777157,46166002,1
05375812,32074588,1
05375812,10453809,1
05375812,32061497,1
05375812,05610038,1
05375812,37022648,1
05375812,21286441,1
05375812,05753671,1
05375812,32787548,1
05375812,06333651,1
05375812,13389856,1
57586681,57859208,1
57586681,57586823,1
04772670,42161875,1
04772670,21250517,1
04772670,58016255,1
52924532,54109803,1
52924532,54653109,1
52724925,83584920,1
54168712,63873012,1
54168712,54779266,1
54168712,58421459,1
54168712,57486261,1
24585567,57262161,1
24585567,54032852,1
24585567,63887699,1
24585567,53516343,1
24585567,26329036,1
39698987,47401879,1
39698987,52912260,1
39698987,43895974,1
39698987,40169079,1
34920843,39364694,1
34920843,40777482,1
34920843,49747088,1
34920843,41507783,1
11489508,22427083,1
11489508,39904597,1
11489508,38493454,1
11489508,26209413,1
11489508,30883226,1
48546635,56425905,1
48546635,55305952,1
16899848,17794978,1
16899848,53999238,1
16899848,56212443,1
16899848,50652832,1
33801385,40311143,1
42236036,47459363,1
29982883,33714406,1
29982883,53688481,1
29982883,57585889,1
29982883,57585885,1
29982883,57585886,1
29982883,57586681,1
29982883,57586823,1
29982883,57586012,1
36566244,58279901,1
36566244,43691330,1
36566244,83333237,1
36566244,83310292,1
40670278,83374587,1
40670278,83591107,1
40670278,48172638,1
40670278,48194281,1
19667707,50296978,1
19667707,41965573,1
37696690,39786136,1
37696690,55572124,1
50652832,53999238,1
50652832,56212443,1
36986868,83318022,1
36986868,40315544,1
30105827,45724494,1
30105827,40451386,1
30105827,39531921,1
30105827,57243881,1
03773965,05387630,1
37606859,53001776,1
37606859,47195355,1
37606859,37828319,1
44754250,47697462,1
08178406,08708911,1
08178406,14177338,1
08178406,52153417,1
08178406,28154395,1
02804167,46761677,1
02804167,04101986,1
02804167,34787118,1
02804167,35485494,1
02804167,18751399,1
21559650,40710673,1
21559650,35657820,1
22703189,40724815,1
12963640,83838839,1
12963640,17872860,1
12963640,50266478,1
12963640,27854205,1
26705306,31744670,1
26705306,46277507,1
19256258,38342928,1
19256258,29435338,1
19256258,49883924,1
19256258,35657820,1
19256258,36875084,1
04175044,40184742,1
04175044,58341070,1
04175044,12138104,1
04175044,17039621,1
04175044,07466621,1
27491827,34661223,1
27491827,49620575,1
31557397,51299309,1
31557397,45653558,1
31557397,52111632,1
31557397,35519913,1
31557397,34896209,1
05844302,39352942,1
05844302,10453516,1
05844302,51431935,1
11339572,37567308,1
11339572,18104871,1
11339572,22711023,1
11339572,46268382,1
11339572,14484483,1
11339572,14603843,1
11339572,13313677,1
11339572,12703882,1
11339572,12703958,1
11339572,16499871,1
11339572,44246433,1
11339572,46084556,1
11339572,12497824,1
11339572,16455522,1
11339572,54681456,1
11339572,14373109,1
11339572,39701877,1
11339572,36357201,1
10941308,13838508,1
10941308,19210249,1
10941308,34624874,1
10941308,54978521,1
38086505,38088444,1
38086505,41297076,1
38086505,39306305,1
38086505,63854616,1
38086505,50776147,1
38086505,44470034,1
38086505,52279393,1
38086505,49032101,1
38086505,47027121,1
10447607,41932842,1
24765057,43169284,1
24765057,56070207,1
13424484,50735038,1
13424484,28128547,1
13424484,16365944,1
13424484,15257553,1
13424484,29180884,1
13424484,25316328,1
05205463,43944195,1
05205463,30532710,1
05205463,12100209,1
05205463,29219683,1
05205463,28470670,1
05205463,30879890,1
05205463,53138231,1
05205463,55853422,1
05205463,57633381,1
05205463,15042491,1
05205463,29231415,1
05205463,31211327,1
05205463,55705246,1
22226927,48468765,1
22226927,43683105,1
22226927,54778102,1
22226927,83352807,1
22226927,49582386,1
08904510,57169353,1
08904510,56915709,1
08904510,50124913,1
08904510,57547749,1
08904510,31783432,1
41449903,47610923,1
50042823,50052069,1
42554695,63801096,1
56197324,57080615,1
56197324,57155797,1
56197324,56964544,1
53755695,55196070,1
12094545,56927303,1
12094545,41507783,1
12094545,55062107,1
12094545,63859474,1
12094545,32547311,1
12094545,53056705,1
36779258,45589185,1
36779258,41252873,1
02743288,05047900,1
02743288,63798490,1
02743288,14123038,1
02743288,19331137,1
02743288,38636618,1
15302423,47459363,1
08068245,22445325,1
28592039,51714217,1
28377143,56604016,1
04708210,27974743,1
05147069,43664533,1
05147069,36365162,1
05147069,26484484,1
05441787,39380534,1
05441787,15011981,1
05441787,06166667,1
05441787,08749495,1
02040696,33236825,1
02040696,46755673,1
02040696,03288728,1
02040696,45866891,1
02040696,47039189,1
42048940,42932312,1
42048940,51072301,1
42048940,50793030,1
42048940,50288425,1
42048940,55991912,1
05970806,22100264,1
05970806,41186603,1
05970806,37814743,1
05970806,32889202,1
05970806,26209129,1
07987570,33930331,1
07987570,24425982,1
07987570,53281247,1
07987570,17587264,1
07987570,14930274,1
07987570,15035294,1
07987570,48611660,1
07987570,45737222,1
07987570,53369432,1
07987570,09597974,1
07987570,57278636,1
48534725,57271936,1
48534725,52904599,1
48534725,54337634,1
48534725,55838925,1
48534725,57412589,1
48534725,57256870,1
48534725,54619214,1
48534725,51576885,1
48534725,57447230,1
48534725,57901144,1
48534725,57274451,1
48534725,55335287,1
11184627,57160313,1
11184627,23427281,1
11184627,42282295,1
11184627,44201627,1
18123389,18260926,1
18123389,53281247,1
18123389,45737222,1
18123389,53369432,1
11248496,41507783,1
11248496,34344872,1
11248496,25261893,1
11248496,40777483,1
11248496,24239365,1
11248496,14155691,1
11248496,57043963,1
04976718,33919956,1
04976718,50864376,1
04976718,54376633,1
15748239,43291259,1
15748239,21347373,1
15748239,17906978,1
15748239,21171923,1
15748239,16990216,1
15748239,16990243,1
15748239,16516897,1
15748239,16990222,1
15748239,19693476,1
15748239,16990233,1
15748239,16990253,1
08904510,45632934,1
04893996,14107735,1
01141049,11508102,1
01141049,53210341,1
01141049,50604320,1
01141049,32218488,1
01141049,56904767,1
01141049,46099558,1
01141049,07045620,1
01141049,56084186,1
01141049,16775498,1
01141049,55515834,1
01141049,42703472,1
01141049,21391028,1
01141049,16877048,1
13697835,50231311,1
13697835,14727334,1
13697835,63807010,1
13697835,26774151,1
13697835,57832184,1
13697835,48089475,1
13697835,36756496,1
13697835,37088883,1
13697835,51768121,1
13697835,63804116,1
13697835,83580423,1
13697835,26605604,1
13697835,83733212,1
13697835,52805783,1
33921399,45022856,1
33921399,50634157,1
33921399,51688868,1
33921399,56690298,1
10899584,13349467,1
10899584,32800910,1
10899584,51310351,1
10899584,23971324,1
09110955,52521807,1
09110955,54048782,1
06297912,21848243,1
06297912,15625840,1
06297912,07336180,1
06297912,30092434,1
44592083,55127081,1
43291259,83836155,1
43291259,48638604,1
43291259,49925126,1
04978201,55267026,1
04978201,36914145,1
04978201,09187569,1
01923602,10447607,1
01923602,83358887,1
01923602,32958687,1
05904926,45334700,1
05904926,19072960,1
05904926,27299058,1
05904926,09385552,1
05904926,25152209,1
05904926,53769781,1
51583724,63873012,1
51583724,54779266,1
51583724,58421459,1
51583724,54168712,1
51583724,57486261,1
13380006,28539451,1
13380006,41450630,1
13380006,41073254,1
13380006,44549511,1
30061889,54277533,1
30061889,55590398,1
30061889,47498041,1
30061889,52041941,1
05247343,16821155,1
05247343,29629465,1
05247343,33963982,1
05247343,49046200,1
05247343,06915272,1
05247343,44606157,1
01871622,38313382,1
01871622,55568217,1
08154120,51714217,1
09385552,09637395,1
09385552,10898350,1
07411421,15839785,1
04906537,24070210,1
04906537,15276348,1
11402883,55586704,1
11402883,31872486,1
04846309,45514503,1
04846309,27491827,1
04846309,48063233,1
04846309,83904854,1
04846309,27413530,1
04846309,38628049,1
04846309,27491714,1
04846309,27491793,1
04846309,27389567,1
17844808,20747693,1
21481139,51241783,1
16455543,39701877,1
16455543,16499871,1
16455543,52521807,1
16455543,54048782,1
16455543,36357201,1
16455543,37567308,1
16455543,46268382,1
38004252,41640208,1
38004252,55039592,1
38004252,55039591,1
38004252,51882053,1
29711707,50545443,1
29711707,56060720,1
42569191,44273325,1
42569191,45519286,1
50150082,56915709,1
19021119,45636574,1
19021119,83650606,1
19021119,34857185,1
19021119,37315565,1
19021119,41296776,1
22727153,30859603,1
22727153,37416022,1
22727153,39274002,1
22727153,50227993,1
45930578,50295356,1
45930578,83776310,1
45930578,52141673,1
45930578,46632259,1
45930578,53994812,1
45930578,58264935,1
54564605,83318022,1
17458616,23319181,1
17458616,34733870,1
17458616,27722405,1
12532690,34333640,1
12532690,25257333,1
12532690,29433012,1
46167663,57157601,1
46167663,83650374,1
46167663,48328555,1
46167663,55059900,1
46167663,46719213,1
46167663,49404135,1
46167663,46719330,1
20618821,23842559,1
10593962,97519130,1
10593962,33467657,1
21812198,32203164,1
21812198,50545443,1
21812198,56060720,1
35485494,46761677,1
41394485,45226832,1
42226188,50965561,1
42226188,50037335,1
30899773,43293047,1
00784879,55623569,1
44646757,56346714,1
25290831,38050329,1
07939668,18513228,1
23689512,35726153,1
23689512,83318022,1
23689512,27466183,1
03861891,10547801,1
03861891,05559345,1
27796490,49337592,1
51009636,56925048,1
51009636,58415768,1
33718845,83760785,1
33718845,52603474,1
33718845,53851546,1
33718845,46626596,1
44577379,48198589,1
36605025,83333237,1
36605025,58279901,1
36605025,83310292,1
36605025,43976615,1
07081633,42207469,1
07081633,46889802,1
07081633,29761286,1
07081633,19259160,1
07081633,45489303,1
21397783,55465845,1
21397783,52963361,1
21397783,24250973,1
21397783,54758331,1
21397783,53049576,1
21397783,54813835,1
21397783,51903677,1
15316738,37257564,1
15316738,56167438,1
15316738,55524217,1
15316738,56904767,1
08679561,47390859,1
08679561,45695054,1
08679561,27913379,1
08679561,44280448,1
08679561,40116767,1
08679561,52823954,1
03919279,18708608,1
03919279,09570790,1
03919279,30899773,1
03919279,43293047,1
03919279,27672905,1
16875649,34612325,1
16875649,28298039,1
16875649,26666570,1
16875649,51354213,1
11659162,52725302,1
11659162,23177869,1
11659162,13332524,1
11659162,23167053,1
11659162,54972801,1
11659162,58419253,1
11659162,37408057,1
11659162,18243450,1
11659162,52715767,1
11659162,45907772,1
24531971,38478093,1
24531971,35518033,1
24531971,30481449,1
24531971,34580317,1
10913454,32203164,1
10913454,48222642,1
06175536,41034185,1
06175536,17126371,1
05533929,48033200,1
05533929,43438958,1
19112682,19383540,1
19112682,43275147,1
19112682,40737731,1
19112682,38307996,1
26720419,83207902,1
26720419,51354213,1
26720419,34612325,1
26720419,28298039,1
26720419,83342162,1
17794978,84191618,1
17794978,17864138,1
17794978,20001357,1
17794978,51123623,1
17794978,39251330,1
00877374,06121980,1
00877374,14109263,1
00877374,32203350,1
20335130,83214148,1
20335130,33747285,1
20335130,27753564,1
04787941,10497222,1
06011816,37244028,1
06011816,33859709,1
06011816,44628771,1
06011816,06281396,1
06011816,45907536,1
02671917,56915709,1
02671917,57547749,1
02671917,26341686,1
02671917,57169353,1
28751132,42569191,1
28751132,49915450,1
28751132,44258095,1
28751132,30746245,1
28751132,48925720,1
30797118,41365205,1
30797118,83308593,1
30797118,51507395,1
30797118,40967006,1
50568409,56054911,1
50568409,53620896,1
50568409,57040497,1
50568409,53693498,1
50568409,52521807,1
50568409,52749841,1
50568409,52714865,1
50568409,53620897,1
50568409,55044297,1
50568409,52710594,1
48097704,48825479,1
35289849,38356976,1
35289849,57496254,1
04927695,44343593,1
04927695,83325381,1
05441787,09529408,1
05441787,83383638,1
05441787,12532690,1
05441787,23146224,1
10233096,51107899,1
10233096,52242672,1
14177791,83367466,1
14177791,48944851,1
12627066,54290254,1
12627066,41991291,1
12627066,34732631,1
31328713,83650606,1
31328713,41309954,1
17946404,53634498,1
08222907,50908405,1
08222907,46495181,1
08222907,41244771,1
08222907,45429714,1
08222907,47463212,1
08222907,45913897,1
08222907,52389398,1
08222907,54782060,1
08222907,45578249,1
04093094,34192343,1
04093094,53610428,1
04093094,55597833,1
04093094,54828778,1
04093094,51666647,1
04093094,57435663,1
04093094,58356738,1
04093094,57859703,1
05726796,18819000,1
01805483,14545592,1
01805483,11435664,1
04558805,28399610,1
04558805,25257333,1
04558805,28592039,1
04558805,54619214,1
04558805,30797118,1
04558805,36253093,1
04558805,57274451,1
04558805,48528560,1
10233096,34333640,1
10233096,25257333,1
10233096,29433012,1
10233096,12532690,1
07617879,17322377,1
07617879,83370346,1
07617879,11271879,1
07617879,12605607,1
01965495,39350516,1
01965495,28123922,1
01965495,57054467,1
44592083,45350684,1
03415533,31303286,1
03415533,07951027,1
03415533,18486298,1
11508947,57428859,1
11508947,47894259,1
11508947,55797335,1
11508947,44388670,1
11508947,30866642,1
11508947,13494732,1
11508947,52758567,1
11508947,51746842,1
11508947,41760460,1
04488941,26146336,1
04488941,17746880,1
04488941,45907772,1
04488941,35517311,1
04488941,11307596,1
04488941,28387089,1
04488941,43012876,1
04488941,08018711,1
04488941,10464172,1
04488941,57311619,1
04488941,44175488,1
14727495,32805191,1
14727495,38460522,1
10300662,54188662,1
10300662,26723769,1
11654469,18700004,1
11654469,15280902,1
31632502,55492740,1
14631621,45632934,1
11060909,17272704,1
11060909,28843268,1
11060909,16558094,1
07470621,28759993,1
05871339,50735038,1
05871339,28128547,1
05871339,16365944,1
05871339,13123494,1
05871339,13424484,1
05871339,15257553,1
05871339,29180884,1
05871339,25316328,1
05753671,32074588,1
05753671,10453809,1
05753671,32061497,1
05753671,37022648,1
05753671,21286441,1
05753671,32787548,1
05753671,06333651,1
05753671,13389856,1
26666570,83207902,1
26666570,26720419,1
51419439,52748990,1
02995881,10521956,1
02995881,48513945,1
02995881,35473839,1
02995881,26866478,1
02995881,09583034,1
12307469,47390859,1
12307469,45695054,1
12307469,27913379,1
12307469,44280448,1
12307469,40116767,1
12307469,52823954,1
34405774,55946671,1
34405774,47307390,1
04895755,42285042,1
04895755,39273683,1
04895755,63847792,1
02394737,04250280,1
02394737,42308659,1
02394737,04111209,1
02394737,23006602,1
02394737,10891580,1
54508352,58251827,1
54508352,57458124,1
09385552,38244840,1
09385552,09600303,1
09385552,28452640,1
48925720,49915450,1
09385552,09657201,1
09385552,27491793,1
09385552,27389567,1
09385552,27413530,1
09385552,27491714,1
09385552,27491827,1
09385552,38628049,1
57155797,58191310,1
35473839,48513945,1
09600303,11060909,1
09600303,19113461,1
09600303,40067435,1
09600303,38628049,1
09600303,09657201,1
21665630,30214709,1
21665630,84189950,1
21665630,46423577,1
21665630,34679456,1
21665630,50150082,1
53520855,56345917,1
46053439,52443748,1
46053439,47593096,1
46053439,51009087,1
56090606,58447768,1
37305998,45146782,1
37305998,56299393,1
44173395,83673434,1
44173395,56070207,1
54972801,57145151,1
54972801,55493240,1
54972801,58115694,1
46140895,51354213,1
46140895,83342162,1
46140895,48125531,1
20637353,33220071,1
20637353,28431884,1
20637353,52001949,1
52194725,53269040,1
45737222,53281247,1
45737222,53369432,1
04621847,04796905,1
04621847,46301188,1
33171769,46321970,1
33171769,57528712,1
33171769,40992970,1
33171769,37561095,1
33171769,38179098,1
02843405,06011816,1
02843405,41424522,1
02843405,05618831,1
02843405,03880941,1
02843405,36015353,1
02843405,39592690,1
02843405,27910799,1
13975918,22947144,1
13975918,42497894,1
13975918,42226877,1
44388670,57428859,1
44388670,47894259,1
44388670,55797335,1
44388670,57145151,1
44388670,51034773,1
44388670,52758567,1
44388670,51746842,1
12605607,17322377,1
14079453,27568493,1
14079453,45589185,1
14079453,24957918,1
14079453,22247153,1
14079453,18087152,1
26484484,43664533,1
26484484,36365162,1
26484484,83919761,1
11398616,48967438,1
53248836,83836114,1
53248836,57827317,1
51602879,63870406,1
31598630,37657858,1
31598630,50735105,1
31598630,52628936,1
31598630,37657857,1
31598630,50190985,1
31598630,37700829,1
16849125,40066165,1
16849125,42988507,1
16849125,50712229,1
16849125,18490210,1
16849125,18708608,1
01672761,23528778,1
01672761,33714406,1
01672761,47858418,1
01672761,53688481,1
01672761,48661389,1
01672761,12214951,1
01672761,15741754,1
01672761,57585889,1
01672761,34808701,1
01672761,19614800,1
01672761,57585885,1
01672761,57585886,1
01672761,19266161,1
01672761,48661339,1
01672761,24574133,1
01672761,29329295,1
01672761,57586681,1
01672761,29982883,1
01672761,57859208,1
01672761,07864785,1
01672761,17094854,1
01672761,52082507,1
01672761,11585897,1
01672761,14082648,1
01672761,48661347,1
01672761,08528519,1
01672761,24902119,1
01672761,20547974,1
01672761,48667370,1
01672761,29460787,1
01672761,57586823,1
01672761,57586012,1
54082777,56607226,1
27471769,57818442,1
27471769,27786323,1
27471769,28306797,1
27471769,34919721,1
49084949,56000290,1
51034773,57145151,1
51034773,54972801,1
51034773,55493240,1
51034773,58115694,1
30789357,38137834,1
30789357,54337760,1
04131527,32226978,1
04131527,07869021,1
04131527,04551677,1
16849811,40364475,1
16849811,40196036,1
16849811,21403781,1
16849811,40851668,1
56384215,83764449,1
56384215,57589409,1
12918898,57222755,1
12918898,31364863,1
29539337,43998797,1
29539337,47401879,1
29539337,57012991,1
29539337,57019757,1
29539337,40169079,1
36175231,42362820,1
36175231,46425851,1
45785884,53977131,1
17864138,18082457,1
17864138,44189820,1
17864138,49400987,1
04330842,58239904,1
19614800,28226844,1
19614800,47538064,1
19614800,23925091,1
19614800,29329280,1
19614800,29329396,1
19614800,37014309,1
04253381,05387287,1
53049576,55465845,1
53049576,54758331,1
53049576,54813835,1
26679251,53310898,1
26679251,46147657,1
20010590,27482326,1
20010590,46425851,1
20010590,42362820,1
20010590,36175231,1
20010590,30897936,1
07919179,42621451,1
07919179,42793884,1
07919179,46286669,1
07919179,84154608,1
07919179,45245872,1
14930274,33930331,1
14930274,24425982,1
14930274,53281247,1
14930274,17587264,1
14930274,15035294,1
14930274,48611660,1
14930274,45737222,1
14930274,21783481,1
14930274,53369432,1
14930274,57278636,1
18486298,36585525,1
32436480,42754199,1
32436480,51416028,1
28298039,83207902,1
06175536,83214148,1
06175536,09200985,1
06175536,33747285,1
06175536,27753564,1
04976718,19044542,1
04976718,07837910,1
04976718,53051209,1
04976718,49652509,1
04976718,39804464,1
04976718,08844507,1
39836313,44101099,1
39836313,48340963,1
48534725,50465614,1
03507710,04893996,1
03507710,34679456,1
03507710,34972321,1
40710540,54804007,1
09404683,56439858,1
09404683,30369379,1
09404683,37082268,1
09404683,17686944,1
09404683,39702115,1
09404683,12474518,1
09404683,26495882,1
09404683,26805909,1
09404683,12218992,1
09404683,14488131,1
09404683,26770324,1
09404683,31353578,1
19069249,83211128,1
18548319,26341686,1
05339288,14107735,1
04898698,18750515,1
04898698,26233642,1
04898698,33258562,1
05373418,37082268,1
05373418,26805909,1
04945986,83375071,1
04945986,34647404,1
04945986,49071390,1
04945986,12193763,1
04945986,09131179,1
30182564,35429374,1
07443925,49987277,1
07443925,31836940,1
07443925,12930445,1
07443925,43119085,1
01680656,13581346,1
01680656,45388597,1
01680656,06048986,1
01680656,31249508,1
01680656,38347237,1
22929707,40660563,1
22929707,47603726,1
14884312,43335260,1
14884312,32137431,1
14884312,54609071,1
14884312,35868114,1
14884312,35674433,1
11050450,35794182,1
04513417,06938776,1
20335130,47390859,1
20335130,45695054,1
20335130,27913379,1
20335130,44280448,1
20335130,40116767,1
20335130,52823954,1
55493240,57145151,1
55493240,58115694,1
24486972,29478536,1
24486972,51602879,1
24486972,41949880,1
24486972,63870406,1
29629465,56925052,1
29629465,35027399,1
15693111,25450139,1
15693111,39907822,1
15693111,57157601,1
15693111,29541134,1
15693111,83650374,1
15693111,18406599,1
15693111,48328555,1
15693111,55059900,1
15693111,46719213,1
15693111,23472709,1
15693111,44296529,1
15693111,49404135,1
15693111,46719330,1
42319873,47442676,1
42319873,47067196,1
42319873,47442492,1
15834838,27854205,1
15834838,47028454,1
15834838,56919782,1
10473495,14128175,1
53913111,55443749,1
53913111,54137324,1
53913111,55734874,1
38028570,43598601,1
30532710,40160490,1
30532710,34919721,1
63820492,83859231,1
05024583,06866718,1
05024583,30214709,1
05024583,21665630,1
05024583,34679456,1
15748239,44609947,1
15748239,83836155,1
15748239,48638604,1
15748239,37372893,1
15748239,17096246,1
15748239,49925126,1
30797118,51714217,1
03915112,14113625,1
03915112,10516075,1
03915112,57463357,1
03915112,31569431,1
37828319,53001776,1
37828319,47195355,1
11076908,12232180,1
11076908,51897840,1
04996064,23146224,1
11728366,45805473,1
23640551,53853824,1
23640551,83335448,1
23640551,30804353,1
22503284,43114456,1
22503284,46466187,1
22503284,57426015,1
10645837,18268274,1
10645837,37366665,1
10645837,20474705,1
10645837,63830889,1
10645837,14142921,1
10645837,20335130,1
10645837,51354213,1
10645837,26666570,1
10645837,83342162,1
10645837,16875649,1
10645837,28298039,1
10645837,24103019,1
10645837,48256984,1
10645837,16878140,1
10645837,12307469,1
10645837,34612325,1
10645837,52644030,1
28592039,57271936,1
28592039,52904599,1
28592039,54337634,1
28592039,55838925,1
28592039,57412589,1
28592039,48534725,1
28592039,57256870,1
28592039,36253093,1
28592039,42165186,1
28592039,51576885,1
28592039,57447230,1
28592039,57901144,1
28592039,57274451,1
28592039,48528560,1
28592039,55335287,1
09072358,44256432,1
51671142,55537919,1
32787548,37022648,1
05054671,22931947,1
05054671,54486914,1
05054671,15042491,1
05054671,47739796,1
05054671,05205463,1
05054671,28470670,1
05054671,35431809,1
05054671,21388618,1
05054671,51844319,1
05054671,39897231,1
08861576,16631663,1
08861576,08966851,1
08861576,28530084,1
08861576,16631741,1
08861576,44592083,1
08861576,55127081,1
08861576,28551662,1
40419922,63860720,1
20001357,84191618,1
20001357,51123623,1
20001357,39251330,1
49976150,54352353,1
49976150,83311464,1
49976150,58312931,1
49976150,54049487,1
14631621,26341686,1
14631621,17359676,1
53138231,55853422,1
53138231,57633381,1
53138231,55705246,1
09032170,33744433,1
09032170,09148550,1
09032170,35521714,1
09032170,15358889,1
09032170,13877821,1
09032170,25129117,1
09032170,18037378,1
10516075,14113625,1
10516075,57463357,1
10516075,31569431,1
11066360,40670278,1
11066360,83591107,1
11066360,21733430,1
11066360,48172638,1
11066360,48194281,1
19881161,48825479,1
19881161,48097704,1
19881161,27752838,1
19881161,43287235,1
19881161,27913022,1
52009675,55410102,1
27774887,57139803,1
05054671,14309414,1
05054671,28932294,1
36990916,56747469,1
09447193,30798619,1
04423027,56199303,1
04423027,53291502,1
10383259,39856461,1
10383259,39676126,1
10383259,44413346,1
10383259,42271355,1
51404327,51715500,1
10797263,12867278,1
10797263,46166002,1
10797263,17474408,1
10797263,22777157,1
01836140,20646718,1
01836140,17214018,1
01836140,83650606,1
01836140,40898023,1
01836140,34857185,1
01836140,11161172,1
01836140,47762995,1
01836140,44876831,1
01836140,45636574,1
04887055,54215361,1
04887055,46154873,1
04887055,11242965,1
00494390,04952396,1
00494390,41542130,1
00494390,26243692,1
00494390,55954553,1
00494390,32467381,1
00494390,26634582,1
00494390,34891176,1
43194002,45096265,1
43194002,45429712,1
10571779,22911135,1
41450630,49472451,1
45519286,48925720,1
45519286,49915450,1
44639331,58199211,1
41124509,51666648,1
41124509,56321807,1
41124509,56908851,1
48905225,52521807,1
48905225,48905309,1
14603843,22928991,1
48905309,56054911,1
48905309,57040497,1
48905309,53693498,1
48905309,52749841,1
48905309,52714865,1
48905309,50568409,1
06060348,28018412,1
06060348,83759910,1
06060348,11060524,1
06060348,34682252,1
06060348,49400762,1
06060348,19799456,1
06060348,54652073,1
06060348,18441952,1
06060348,41349841,1
51882053,55039592,1
51882053,55039591,1
22965051,24092424,1
31369178,55565994,1
49883924,51576885,1
09162657,18937799,1
09162657,28005376,1
15509357,50708096,1
15509357,30106711,1
15509357,57370622,1
15509357,56936038,1
15509357,54850493,1
08018711,26146336,1
08018711,17746880,1
08018711,45907772,1
08018711,35517311,1
08018711,11307596,1
08018711,28387089,1
08018711,43012876,1
08018711,10464172,1
08018711,57311619,1
08018711,44175488,1
06256935,63851000,1
06256935,33202757,1
06256935,38086505,1
06256935,07000217,1
33915999,48256984,1
33915999,83342162,1
33915999,63830889,1
33915999,51354213,1
33915999,34612325,1
46992361,47074615,1
39404984,47459363,1
54866511,55568217,1
13065972,35289849,1
13065972,14710390,1
13065972,23522994,1
13065972,18879278,1
18817255,37605145,1
18817255,31888421,1
01087686,28226844,1
01087686,47538064,1
01087686,23925091,1
01087686,29329280,1
01087686,29329396,1
01087686,37014309,1
22613765,49663562,1
22613765,30215127,1
22613765,39836313,1
22613765,47143868,1
22613765,40952709,1
22613765,39642901,1
08704319,16384163,1
08704319,23423107,1
08704319,63846356,1
08704319,28236054,1
08704319,48460634,1
44910648,83657999,1
44910648,48791338,1
04868040,48192995,1
04868040,43629719,1
26781437,57211830,1
26781437,37554911,1
26781437,36036599,1
41738095,50383902,1
41738095,50150082,1
41738095,84189950,1
41738095,46423577,1
41738095,55033552,1
13363815,13983087,1
54965803,57387226,1
02071117,51988986,1
04330842,18273708,1
04330842,31365986,1
20637538,35027428,1
40702960,44403421,1
40702960,55413071,1
40702960,54188662,1
40702960,44101086,1
40702960,51567044,1
19999210,33754667,1
19999210,46734202,1
19999210,33028175,1
31859493,47739789,1
31859493,33462266,1
31263248,47074615,1
31263248,57871692,1
31263248,49706701,1
31263248,42155025,1
27924405,46466187,1
27924405,55624004,1
27924405,57426015,1
27924405,43114456,1
27924405,54657288,1
56925048,84137991,1
45057377,52869416,1
45057377,46862295,1
08725744,84058981,1
08725744,19703108,1
08725744,42042106,1
46632259,50295356,1
46632259,83776310,1
46632259,52141673,1
46632259,53994812,1
46632259,58264935,1
16821155,45029722,1
16821155,57705545,1
04216876,50231311,1
04216876,04832721,1
04216876,14727334,1
04216876,63807010,1
04216876,13540164,1
04216876,26774151,1
04216876,57832184,1
04216876,08985066,1
04216876,04260683,1
04216876,48089475,1
04216876,36756496,1
04216876,37088883,1
04216876,04926358,1
04216876,08095318,1
04216876,51768121,1
04216876,63804116,1
04216876,04929683,1
04216876,13697835,1
04216876,83580423,1
04216876,26605604,1
04216876,83733212,1
04216876,52805783,1
04216876,05844378,1
14376007,19532039,1
14376007,16845198,1
14376007,27015623,1
14376007,50841256,1
14376007,16455543,1
07925050,38628049,1
07925050,27491793,1
07925050,34661223,1
07925050,27491714,1
07925050,49620575,1
07925050,27491827,1
07925050,27413530,1
07925050,27389567,1
07925050,27397410,1
07925050,09657201,1
22503284,55624004,1
22503284,27924405,1
22503284,54657288,1
04931168,05005533,1
04931168,28681208,1
04931168,49419600,1
17327944,22646126,1
17327944,21338309,1
17327944,28137761,1
17327944,43712622,1
37916411,41699731,1
37916411,44000141,1
04882924,05103899,1
27818002,53624483,1
02072400,36281704,1
47027121,52279393,1
47027121,57901736,1
47027121,54007941,1
47027121,54012325,1
20917171,30846705,1
20917171,40272576,1
04952396,41542130,1
04952396,26243692,1
04952396,55954553,1
04952396,32467381,1
04952396,26634582,1
04952396,34891176,1
03360923,10760586,1
03360923,09110955,1
03360923,19532039,1
03360923,16845198,1
03360923,14625319,1
03360923,09032170,1
03360923,09589716,1
03360923,11058976,1
03360923,27015623,1
03360923,14376007,1
03360923,09110926,1
03360923,08668308,1
03360923,50841256,1
03360923,16455543,1
14134894,45690390,1
14134894,22552787,1
19414832,38399727,1
19414832,44949723,1
18548319,45632934,1
15748437,54277533,1
15748437,55590398,1
15748437,47498041,1
15748437,30061889,1
15748437,52041941,1
15748437,24239632,1
10233096,83383638,1
10233096,13580079,1
10233096,37797902,1
10233096,33872676,1
10233096,10963632,1
10233096,45085822,1
04782140,50379314,1
04782140,15734122,1
04782140,18677248,1
04782140,47408113,1
26316361,42456738,1
26316361,38560895,1
21489543,33718845,1
21489543,39798088,1
21848243,22426242,1
21848243,57886627,1
21848243,51861009,1
21848243,33075616,1
21848243,47728638,1
21848243,24249629,1
21848243,55533763,1
30481449,38478093,1
30481449,35518033,1
30481449,34580317,1
41307302,83650606,1
08966851,40160490,1
08966851,34919721,1
08966851,30532710,1
08966851,55705246,1
04952396,34844829,1
03501868,83383638,1
03501868,04973426,1
04267390,20725561,1
04267390,07008973,1
04267390,23147576,1
04267390,06035543,1
10826737,13441262,1
10826737,15087218,1
10826737,12852303,1
10826737,46515622,1
10826737,13432814,1
10826737,11323475,1
10826737,12852383,1
38628049,40067435,1
56212443,57058769,1
28118627,54229231,1
28118627,57363999,1
28118627,31205691,1
28118627,58246272,1
28118627,53160102,1
28118627,32267624,1
28118627,29320798,1
28118627,43011102,1
28118627,40695263,1
28118627,32203973,1
15255821,42207469,1
15255821,46889802,1
15255821,29761286,1
15255821,19259160,1
15255821,45489303,1
43410185,44718023,1
16995727,56005916,1
16995727,41441491,1
16995727,44744502,1
29473452,30143000,1
29473452,44901620,1
29473452,33614381,1
19881161,26434833,1
19881161,39904597,1
19881161,32308609,1
09145594,30214709,1
09145594,21665630,1
09145594,34679456,1
07805598,08792120,1
07805598,13391535,1
07805598,57726453,1
07805598,53675536,1
07805598,14686260,1
07805598,07869058,1
07805598,54790193,1
43598601,51567127,1
43598601,63820492,1
43598601,52203046,1
43598601,63807010,1
43598601,50564262,1
04896759,04936786,1
04896759,08387335,1
09589716,51851595,1
09589716,28530322,1
09589716,52226841,1
01859346,34834598,1
01859346,19383540,1
01859346,43275147,1
01859346,19112682,1
01859346,48546635,1
01859346,83367466,1
01859346,08178406,1
01859346,40737731,1
01859346,05054671,1
01859346,38307996,1
21825352,63824825,1
11242965,54215361,1
11242965,46154873,1
04720868,31649787,1
04720868,37578286,1
04720868,39685402,1
04720868,54184008,1
04720868,14339608,1
04720868,42482138,1
04720868,44018916,1
04720868,33558652,1
04720868,33484115,1
04720868,47712951,1
04720868,48082781,1
04720868,43020362,1
04720868,52157392,1
03305090,31671814,1
03305090,41372115,1
03305090,08838110,1
03305090,33558212,1
03305090,11339503,1
03305090,14884312,1
03305090,29318625,1
03305090,12867278,1
03305090,24019363,1
03305090,04982484,1
03305090,17671920,1
03305090,05497400,1
03305090,40593909,1
03305090,17680127,1
15313646,39333408,1
15313646,47459363,1
03268924,28221037,1
03268924,13363815,1
30188335,46883917,1
30188335,47840357,1
30188335,48143438,1
04979092,19351607,1
04979092,63841076,1
04979092,51714217,1
04979092,24837538,1
04979092,08454441,1
04979092,19291374,1
04887055,27229328,1
04887055,22704916,1
13652047,45914646,1
13652047,47283831,1
13652047,17333156,1
01913873,83211128,1
28681268,48143438,1
33295746,44077684,1
23522994,35289849,1
33872676,83383638,1
33872676,37797902,1
33872676,45085822,1
49404135,83650374,1
49404135,55059900,1
49404135,54965803,1
11414544,28839535,1
11414544,26050345,1
11414544,13251309,1
11414544,17327944,1
11414544,18354204,1
11414544,21399950,1
11414544,18516869,1
47371485,50687033,1
37462625,41349841,1
08233952,11244721,1
08233952,34309111,1
08233952,44597273,1
08233952,10490771,1
08233952,10556568,1
45029722,57211830,1
45029722,46001783,1
45029722,83368993,1
56084186,56904767,1
45653558,51299309,1
45653558,52111632,1
50190985,50735105,1
50190985,52628936,1
19291374,63841076,1
19291374,51714217,1
19291374,24837538,1
40920760,54363300,1
40920760,49084948,1
40920760,41226380,1
42482138,54184008,1
42482138,44018916,1
42482138,47712951,1
42482138,48082781,1
42482138,43020362,1
42482138,52157392,1
11160958,40393285,1
11160958,55689625,1
35517311,44564204,1
35517311,83315408,1
11230002,44812807,1
11230002,38161993,1
11230002,51762528,1
45499619,45797608,1
45499619,49335807,1
03956459,28431884,1
03956459,18265444,1
03956459,46814523,1
03956459,15334501,1
15734122,50379314,1
15734122,18677248,1
15734122,47408113,1
00784879,08144548,1
00784879,32084879,1
28830282,54363300,1
30523678,53001776,1
30523678,36359823,1
30523678,47195355,1
30523678,37606859,1
30523678,37828319,1
19113461,50296978,1
19113461,33612205,1
19113461,43347791,1
19113461,33596603,1
19113461,26833835,1
15165486,27482468,1
15165486,17697451,1
15165486,36498730,1
02071117,58239904,1
22747837,83318303,1
22747837,30911737,1
33614381,44901620,1
43182281,54931730,1
34927765,36360409,1
29938162,39438443,1
29938162,55533661,1
29938162,37310226,1
40253131,83310177,1
23446100,57795566,1
23446100,83919761,1
27170048,54337760,1
07932841,83207902,1
07932841,26720419,1
07932841,20702538,1
55127081,57688154,1
55127081,83325381,1
15035294,29660216,1
15035294,36171778,1
15035294,33745782,1
15035294,51161425,1
15035294,32212857,1
15035294,63848360,1
44018916,54184008,1
44018916,47712951,1
44018916,48082781,1
44018916,52157392,1
16875649,18268274,1
16875649,37366665,1
16875649,20474705,1
16875649,63830889,1
16875649,24103019,1
16875649,48256984,1
16875649,52644030,1
08658243,47390859,1
08658243,45695054,1
08658243,27913379,1
08658243,44280448,1
08658243,40116767,1
08658243,52823954,1
02316468,31303286,1
02316468,07951027,1
02316468,03415533,1
02316468,18486298,1
26495569,47739789,1
26495569,31859493,1
26495569,33462266,1
17333156,57888682,1
21302215,33151180,1
21302215,58022109,1
24342692,53655623,1
05103250,11260715,1
05103250,20237030,1
05103250,28883561,1
05103250,30592548,1
05103250,45388597,1
05103250,48025044,1
05103250,14767246,1
05103250,28277240,1
05103250,26504364,1
05103250,32984883,1
05103250,17086225,1
05103250,43092012,1
05103250,49135720,1
05103250,33531685,1
46236636,63873012,1
46236636,84260843,1
21399950,51480797,1
21399950,35848562,1
21399950,25257333,1
21399950,32708852,1
21399950,44774200,1
21399950,55178104,1
21399950,35440665,1
21399950,48145943,1
04731519,53209188,1
04731519,45767059,1
04731519,45934751,1
04731519,10465894,1
04731519,20392931,1
04731519,20130899,1
09110945,10760586,1
09110945,09110955,1
09110945,19532039,1
09110945,16845198,1
09110945,14625319,1
09110945,09589716,1
09110945,11058976,1
09110945,27015623,1
09110945,14376007,1
09110945,50841256,1
09110945,16455543,1
27413530,34661223,1
27413530,49620575,1
01532873,83383638,1
01532873,05960071,1
01532873,04973426,1
01532873,03501868,1
01532873,15011981,1
09235877,13850655,1
09235877,17946404,1
09235877,53634498,1
06037193,45914646,1
06037193,47283831,1
06037193,13652047,1
06037193,17333156,1
34309111,44597273,1
15415504,56915709,1
15415504,50124913,1
15415504,18548319,1
15415504,84189950,1
15415504,46423577,1
15415504,19954308,1
15415504,57547749,1
15415504,31783432,1
15415504,26341686,1
15415504,57169353,1
15415504,17359676,1
04417594,43976615,1
04417594,13755682,1
23472709,33904753,1
23472709,45883575,1
23472709,33746382,1
23472709,31124535,1
24090419,37497562,1
24090419,32795299,1
50124913,53712175,1
06185462,33262190,1
06185462,27114189,1
06185462,58105098,1
06185462,42282730,1
49400762,83759910,1
49400762,54652073,1
04488941,56185070,1
04488941,58247295,1
15614690,40936968,1
15614690,22359452,1
13979506,22895795,1
13979506,52439075,1
13979506,22739048,1
10233096,20246663,1
10233096,30143000,1
10233096,44901620,1
10233096,29473452,1
10233096,33614381,1
46325572,49393772,1
11566218,20001357,1
11566218,29639407,1
11566218,42489131,1
11566218,29301770,1
11566218,12008310,1
11566218,56701497,1
11566218,12645993,1
11566218,29488846,1
11566218,35411970,1
17027710,24092424,1
17027710,22965051,1
10439660,43733001,1
10439660,14028134,1
10439660,18051655,1
10439660,30394439,1
10439660,47834153,1
10439660,29037515,1
50965558,52610053,1
50965558,53571951,1
50965558,55127081,1
48222642,50545443,1
48222642,56060720,1
21062604,30534814,1
21062604,30874272,1
21062604,52202571,1
21062604,49356704,1
21062604,52262984,1
20239662,33301872,1
20239662,30095431,1
20239662,51010500,1
08543124,50568409,1
29576393,63851000,1
30107701,32308609,1
30107701,30108077,1
46423577,56915709,1
46423577,57547749,1
46423577,57169353,1
33520093,84166024,1
01520248,23472709,1
01520248,49404135,1
01520248,39907822,1
01520248,25292639,1
01520248,24429020,1
01520248,13897581,1
01520248,08837647,1
01520248,05896729,1
01520248,46167663,1
01520248,57157601,1
01520248,25232025,1
09020092,14607706,1
05878896,09202012,1
05878896,43998797,1
05878896,47401879,1
05878896,57012991,1
05878896,57019757,1
05878896,40169079,1
05878896,29539337,1
05878896,27935946,1
04918447,15257090,1
04918447,17504307,1
04918447,08698617,1
04918447,19834369,1
12576225,44273325,1
12576225,32131693,1
12576225,20443071,1
12576225,30746245,1
12576225,42569191,1
12576225,48925720,1
12576225,45519286,1
12576225,28751132,1
12576225,49915450,1
52203046,63820492,1
52203046,63807010,1
01920513,46814523,1
01920513,05944021,1
01920513,46012078,1
01920513,17268420,1
01920513,12504222,1
01920513,55527165,1
05083795,83655282,1
44639331,56964544,1
44639331,55537919,1
44639331,52966267,1
04986485,04986493,1
04986485,41749943,1
03156068,12146034,1
03156068,48222642,1
03156068,21812198,1
03156068,05944959,1
03156068,05063292,1
03156068,27511505,1
03156068,15216051,1
03156068,29711707,1
03156068,19164024,1
03156068,31173964,1
01944611,05852200,1
01944611,15294663,1
14092415,57112877,1
14092415,38493454,1
34671172,37416022,1
33650455,36175231,1
08012723,56389239,1
08012723,12786523,1
04982484,31671814,1
04982484,41372115,1
04982484,08838110,1
04982484,33558212,1
04982484,11339503,1
04982484,14884312,1
04982484,29318625,1
04982484,12867278,1
04982484,24019363,1
04982484,17671920,1
04982484,05497400,1
04982484,40593909,1
04982484,17680127,1
27537195,31326583,1
27537195,33703874,1
27537195,51235640,1
09545653,30758490,1
09545653,28175584,1
09545653,33650455,1
02848944,83838839,1
02848944,17872860,1
02848944,06980426,1
02848944,04984756,1
02848944,50266478,1
02848944,06217477,1
02848944,08762127,1
02848944,12963640,1
02848944,27854205,1
01819095,27283131,1
01819095,11032544,1
01819095,11171191,1
01819095,47074615,1
01819095,28802660,1
01819095,18596380,1
01819095,31263248,1
01819095,57871692,1
01819095,05257336,1
01819095,49706701,1
01819095,42155025,1
22106597,36676168,1
15504991,46536584,1
15504991,23131869,1
37567308,54048782,1
14603843,19532039,1
14603843,16845198,1
14603843,27015623,1
14603843,50841256,1
49071390,83375071,1
39292533,42932312,1
39292533,41981831,1
39292533,51072301,1
39292533,50793030,1
39292533,42048940,1
39292533,50288425,1
39292533,55991912,1
04146533,47739789,1
04146533,18824674,1
04146533,31859493,1
04146533,26495569,1
04146533,33462266,1
31769289,39584007,1
31769289,55037698,1
31769289,43291259,1
31769289,44609947,1
31769289,45807994,1
31769289,46005113,1
31769289,52191322,1
31769289,40777020,1
10950320,18025830,1
10950320,38346132,1
54972801,58419253,1
23755979,49046200,1
41441491,56005916,1
41441491,44744502,1
41979455,46519597,1
41979455,56009776,1
41979455,58341070,1
17126371,26666570,1
17126371,83342162,1
17126371,51354213,1
17126371,20335130,1
17126371,41034185,1
17126371,28809856,1
17126371,28298039,1
17126371,34612325,1
40393285,55689625,1
47196575,47337578,1
47196575,54662724,1
18040968,29568343,1
18040968,52350217,1
13065972,57951217,1
13065972,39491373,1
13065972,47376279,1
13065972,42042237,1
13065972,21279131,1
13065972,34845752,1
29983694,30060978,1
07401413,33930331,1
07401413,24425982,1
07401413,53281247,1
07401413,17587264,1
07401413,07987570,1
07401413,14930274,1
07401413,15035294,1
07401413,48611660,1
07401413,45737222,1
07401413,21783481,1
07401413,53369432,1
07401413,09597974,1
07401413,57278636,1
19569692,51014733,1
19569692,46665447,1
19569692,27103179,1
53571951,55127081,1
07864785,23528778,1
07864785,33714406,1
07864785,47858418,1
07864785,53688481,1
07864785,48661389,1
07864785,12214951,1
07864785,15741754,1
07864785,57585889,1
07864785,34808701,1
07864785,19614800,1
07864785,57585885,1
07864785,57585886,1
07864785,19266161,1
07864785,48661339,1
07864785,24574133,1
07864785,29329295,1
07864785,57586681,1
07864785,29982883,1
07864785,57859208,1
07864785,17094854,1
07864785,52082507,1
07864785,11585897,1
07864785,14082648,1
07864785,48661347,1
07864785,08528519,1
07864785,24902119,1
07864785,20547974,1
07864785,48667370,1
07864785,29460787,1
07864785,57586823,1
07864785,57586012,1
47150118,54978908,1
14984912,15338940,1
14984912,38244840,1
14984912,52382054,1
37372893,44609947,1
37372893,83836155,1
37372893,48638604,1
37372893,43291259,1
37372893,49925126,1
20392931,53209188,1
20392931,42015688,1
20392931,54790193,1
20392931,57726453,1
20392931,48424730,1
20392931,56419404,1
02071117,33770624,1
02071117,11481911,1
10834636,11243215,1
24834742,51567127,1
24834742,63820492,1
24834742,43598601,1
24834742,52203046,1
24834742,33917788,1
24834742,38028570,1
24834742,63807010,1
24834742,50564262,1
02071117,05726796,1
02071117,05675678,1
17094854,33714406,1
17094854,53688481,1
17094854,57585889,1
17094854,57585885,1
17094854,57585886,1
17094854,24574133,1
17094854,29329295,1
17094854,57586681,1
17094854,29460787,1
17094854,57586823,1
17094854,57586012,1
12771867,44246433,1
54666354,57112877,1
47728638,57886627,1
47728638,51861009,1
47728638,55533763,1
55773754,57951448,1
55773754,83209072,1
01785921,50231311,1
01785921,04832721,1
01785921,14727334,1
01785921,63807010,1
01785921,13540164,1
01785921,26774151,1
01785921,57832184,1
01785921,08985066,1
01785921,04260683,1
01785921,48089475,1
01785921,36756496,1
01785921,37088883,1
01785921,04926358,1
01785921,08095318,1
01785921,04139846,1
01785921,51768121,1
01785921,63804116,1
01785921,04929683,1
01785921,13697835,1
01785921,04216876,1
01785921,83580423,1
01785921,26605604,1
01785921,83733212,1
01785921,52805783,1
01785921,05844378,1
16878140,48256984,1
16878140,28298039,1
16878140,33915999,1
16878140,63830889,1
16878140,51354213,1
16878140,34612325,1
16878140,26666570,1
43842338,53276456,1
43842338,44734215,1
28809856,41034185,1
00654914,33650455,1
34834598,56425905,1
34834598,55305952,1
29329396,29982883,1
29329396,34808701,1
29329396,48661347,1
29329396,47538064,1
29329396,47858418,1
29329396,48667370,1
29329396,57859208,1
29329396,48661389,1
29329396,52082507,1
29329396,37014309,1
29329396,48661339,1
39634561,48256560,1
39634561,43922374,1
17252899,30935087,1
04200517,07863507,1
04200517,83346940,1
04200517,28695170,1
56901344,57462001,1
12323900,29478536,1
12323900,51602879,1
12323900,24486972,1
12323900,41949880,1
12323900,63870406,1
12323900,19259160,1
25128306,29088965,1
25128306,43928404,1
25128306,45704669,1
55177767,57166504,1
24209286,32547311,1
24209286,26635014,1
17949899,26892234,1
01520248,25450139,1
01520248,12676701,1
01520248,42365622,1
01520248,11128119,1
01520248,05334174,1
01520248,29541134,1
01520248,83650374,1
01520248,18406599,1
01520248,48328555,1
01520248,42430618,1
01520248,55059900,1
01520248,46719213,1
01520248,44296529,1
01520248,15693111,1
01520248,46719330,1
01520248,54965803,1
01520248,13004042,1
01520248,14862196,1
27491714,45514503,1
27491714,48063233,1
27491714,83904854,1
09424775,15338940,1
09424775,38244840,1
09424775,52382054,1
09424775,14984912,1
38088444,42084429,1
38088444,57901736,1
38088444,54007941,1
38088444,54012325,1
37554911,57211830,1
20226275,38356976,1
20226275,23893455,1
20226275,33281406,1
20226275,57496254,1
20226275,20637353,1
20226275,35289849,1
29038576,38388313,1
29038576,50296976,1
16516897,43291259,1
16516897,21347373,1
16516897,17906978,1
16516897,21171923,1
16516897,16990216,1
16516897,16990243,1
16516897,16990222,1
16516897,19693476,1
16516897,16990233,1
16516897,16990253,1
44609947,45388597,1
44609947,48025044,1
44609947,49135720,1
19954308,57169353,1
19954308,56915709,1
19954308,50124913,1
19954308,57547749,1
19954308,31783432,1
25232025,33256711,1
25232025,46167663,1
25232025,25450169,1
09456927,23328224,1
09456927,17214358,1
09456927,63879381,1
09456927,13502124,1
50974809,51715500,1
50974809,54979011,1
50974809,51404327,1
01604148,34396959,1
01604148,45322017,1
01604148,07932878,1
01604148,20474705,1
01604148,34692419,1
01604148,24220440,1
01604148,44374020,1
01604148,55738822,1
01604148,16515254,1
01604148,08549558,1
01604148,23599276,1
01604148,07529937,1
01604148,14057335,1
01604148,32203973,1
19112682,50121556,1
28592039,41365205,1
28592039,83308593,1
28592039,51507395,1
28592039,40967006,1
04513417,07506385,1
04513417,54574337,1
55062107,56927303,1
55062107,63859474,1
11144040,42338125,1
11144040,11575647,1
11144040,24819389,1
11144040,52781311,1
31007938,34938447,1
31007938,45146782,1
31007938,37305998,1
31007938,56299393,1
05896729,25450139,1
05896729,12676701,1
05896729,39907822,1
05896729,57157601,1
05896729,42365622,1
05896729,11128119,1
05896729,29541134,1
05896729,83650374,1
05896729,18406599,1
05896729,48328555,1
05896729,42430618,1
05896729,55059900,1
05896729,46719213,1
05896729,13897581,1
05896729,24429020,1
05896729,23472709,1
05896729,44296529,1
05896729,46167663,1
05896729,15693111,1
05896729,49404135,1
05896729,46719330,1
05896729,25232025,1
05896729,25292639,1
05896729,54965803,1
05896729,13004042,1
05896729,14862196,1
40898023,83650606,1
40898023,47762995,1
40898023,44876831,1
40898023,45636574,1
32434747,57530722,1
23086436,37096754,1
23086436,48308237,1
23086436,44322244,1
23086436,47141710,1
23086436,24585352,1
23086436,29315940,1
04965984,04991097,1
01604148,39798088,1
01604148,05387287,1
01604148,04253381,1
01604148,33718845,1
05726886,43291259,1
05726886,21347373,1
05726886,14745661,1
05726886,17906978,1
05726886,21171923,1
05726886,16990216,1
05726886,14976693,1
05726886,16990243,1
05726886,15748239,1
05726886,16516897,1
05726886,16990222,1
05726886,19693476,1
05726886,16990233,1
05726886,16990253,1
05726886,15020277,1
17474408,46903675,1
17474408,53066181,1
40011155,51621954,1
40011155,52350217,1
40011155,42604726,1
40011155,53304488,1
19954308,26341686,1
41542130,55954553,1
26243692,41542130,1
26243692,55954553,1
26243692,32467381,1
26243692,26634582,1
26243692,34891176,1
04200517,56925048,1
04200517,51122634,1
04200517,51746842,1
01489611,49046200,1
01489611,08046067,1
01489611,23755979,1
10638730,48633627,1
10638730,36125320,1
10638730,53774922,1
10638730,44029469,1
10638730,52325585,1
10638730,33116487,1
08610914,41101724,1
08610914,55526910,1
16739367,28530084,1
16739367,55127081,1
16739367,28551662,1
14401775,50669775,1
29229411,39927204,1
29229411,45907772,1
29229411,44175488,1
16775498,53210341,1
16775498,50604320,1
16775498,32218488,1
16775498,56904767,1
16775498,46099558,1
16775498,56084186,1
16775498,55515834,1
16775498,42703472,1
16775498,21391028,1
16775498,16877048,1
34857185,40898023,1
34857185,47762995,1
34857185,44876831,1
06990599,43691330,1
06990599,36566244,1
10439660,24968886,1
10439660,18474448,1
35868114,43335260,1
35868114,54609071,1
42932312,45747046,1
42932312,50690936,1
42932312,44929051,1
09268761,27679973,1
34679456,84189950,1
34679456,46423577,1
34679456,50150082,1
03938191,14839089,1
03938191,27796490,1
03938191,49337592,1
03938191,05669458,1
03938191,10488420,1
02072165,34693432,1
02072165,29258204,1
02072165,35072833,1
12778316,19112682,1
12778316,41640208,1
12778316,55039592,1
12778316,34834598,1
12778316,55039591,1
12778316,38004252,1
12778316,51882053,1
28575953,44316688,1
06859306,29139267,1
06859306,63801575,1
06859306,51212032,1
06859306,07498210,1
06344788,42325991,1
06344788,09263861,1
06344788,14752221,1
06344788,54877610,1
46975916,57155797,1
16791646,54414413,1
16791646,97519130,1
16791646,58368647,1
16791646,40737557,1
09301397,54435963,1
09301397,12654922,1
02816851,13481344,1
02816851,54109803,1
02816851,50700607,1
02816851,52924532,1
02816851,54653109,1
02816851,32708054,1
01892166,56070207,1
01892166,34638098,1
01892166,83673434,1
01892166,83898387,1
01892166,03869472,1
21135479,31481031,1
41450630,49807533,1
05157306,55965778,1
05157306,42507899,1
05157306,42282295,1
05157306,57160313,1
05157306,11184627,1
05157306,23427281,1
04480886,07987570,1
04480886,22375502,1
04480886,21783481,1
04480886,36335105,1
01828537,32203164,1
01828537,15216051,1
01828537,12146034,1
01828537,19164024,1
01828537,44139918,1
01828537,29711707,1
01828537,05063292,1
01828537,31173964,1
01828537,05944959,1
01828537,08512819,1
01828537,10647024,1
01828537,48222642,1
01828537,21812198,1
01828537,27511505,1
15751670,51439154,1
15751670,53077471,1
01834444,57951217,1
01834444,39491373,1
01834444,47376279,1
01834444,42042237,1
01834444,06248823,1
01834444,21279131,1
01834444,19138573,1
01834444,13065972,1
01834444,10534199,1
01834444,07778090,1
01834444,83776310,1
01834444,20637353,1
01834444,12077482,1
01834444,34845752,1
07886277,18316790,1
07886277,18249506,1
07886277,55391330,1
07886277,31157457,1
07886277,83874859,1
12804935,34647404,1
07880593,55492740,1
07880593,31632502,1
10647024,32203164,1
10647024,15216051,1
10647024,12146034,1
10647024,19164024,1
10647024,44139918,1
10647024,29711707,1
10647024,31173964,1
10647024,48222642,1
10647024,21812198,1
10647024,27511505,1
01813671,30534814,1
01813671,15762776,1
01813671,20735238,1
01813671,05551713,1
01813671,30874272,1
01813671,05101063,1
01813671,17489587,1
01813671,52202571,1
01813671,21062604,1
01813671,18352188,1
01813671,49356704,1
01813671,07778090,1
01813671,10774943,1
01813671,52262984,1
01884812,33260091,1
01884812,84152784,1
01884812,19794048,1
01884812,46962390,1
01884812,54363300,1
49005255,56054911,1
49005255,53620896,1
49005255,57040497,1
49005255,53693498,1
49005255,52521807,1
49005255,52749841,1
49005255,52714865,1
49005255,50568409,1
49005255,53620897,1
49005255,55044297,1
49005255,52710594,1
49005255,49005717,1
43895974,47401879,1
43895974,52912260,1
52082507,53688481,1
52082507,57585889,1
52082507,57585885,1
52082507,57585886,1
52082507,57586681,1
52082507,57859208,1
52082507,57586823,1
52082507,57586012,1
53620897,55044297,1
11307596,56185070,1
52191322,55037698,1
53116811,83332908,1
11307596,16367533,1
18748344,30859603,1
18748344,37416022,1
18748344,22727153,1
18748344,39274002,1
18748344,50227993,1
24504233,30685974,1
04205702,14031461,1
04205702,42345486,1
04205702,11888791,1
04205702,29377650,1
04205702,57003730,1
04205702,30733949,1
04205702,52683891,1
04205702,09105861,1
04205702,40582446,1
31518742,35426559,1
03932328,26455653,1
03932328,57707810,1
03932328,04896759,1
03932328,04320354,1
03932328,45039499,1
37583720,43438265,1
51597760,55266608,1
51597760,54931730,1
21641541,42416122,1
21641541,32203350,1
21641541,56345223,1
08837647,23472709,1
08837647,49404135,1
08837647,39907822,1
08837647,25292639,1
08837647,24429020,1
08837647,13897581,1
08837647,46167663,1
08837647,57157601,1
08837647,25232025,1
45457749,84189950,1
45457749,50150082,1
45457749,46423577,1
45457749,50124913,1
45457749,53712175,1
22359452,40936968,1
13466928,25070732,1
13466928,36945372,1
13466928,28479893,1
31860440,54414413,1
31860440,57496252,1
31860440,51527404,1
31860440,97519130,1
18352188,40160490,1
18352188,34919721,1
18352188,30532710,1
18352188,55705246,1
15321276,22796979,1
15321276,48057294,1
15321276,26634582,1
08169301,31267760,1
08169301,21002392,1
08169301,31997431,1
08169301,57528712,1
08169301,40992970,1
08169301,27286873,1
08169301,33171769,1
08169301,22225546,1
08169301,27850782,1
08169301,37561095,1
08169301,13761383,1
08169301,38179098,1
18708608,46527197,1
18708608,36904570,1
18708608,57167357,1
18708608,83319640,1
18708608,39497472,1
18708608,83919381,1
46280550,63851000,1
46280550,50826962,1
46280550,83658401,1
01512723,03031874,1
01512723,83332908,1
01512723,05099585,1
42169716,46502075,1
42169716,53981615,1
42169716,45342072,1
18124153,56973785,1
18124153,56901344,1
18124153,37497562,1
18124153,24090419,1
18124153,54149287,1
18124153,83577494,1
18124153,32795299,1
17058479,49020752,1
39274002,50227993,1
04447880,08725744,1
04447880,12436847,1
04447880,08187836,1
04447880,37998675,1
04447880,08186498,1
04447880,30668020,1
24941006,63821433,1
24941006,49511698,1
22246741,22579220,1
39273683,42285042,1
39273683,63847792,1
07238665,24582662,1
07238665,47337578,1
07238665,11299883,1
07238665,47196575,1
07238665,54662724,1
07238665,12285161,1
28111886,35794182,1
16875649,33915999,1
28298039,37366665,1
28298039,52644030,1
26209129,41186603,1
26209129,37814743,1
26209129,32889202,1
16821155,19312885,1
16821155,46001783,1
16821155,83368993,1
12547619,36779258,1
12547619,30567063,1
12547619,45589185,1
12547619,41252873,1
10759158,18104871,1
10759158,22711023,1
10759158,13313677,1
10759158,44246433,1
10759158,11339572,1
10759158,46084556,1
10759158,11188852,1
10759158,54681456,1
05896729,08837647,1
46198824,52009675,1
27491793,45514503,1
27491793,48063233,1
27491793,83904854,1
02493009,27550096,1
02493009,33560445,1
02493009,57516830,1
02493009,13074701,1
05024200,39640595,1
05024200,26965192,1
05024200,57446082,1
29118884,55569173,1
29118884,30944772,1
29118884,42456738,1
29118884,51496129,1
29118884,48722769,1
29118884,48057302,1
29118884,57288974,1
29118884,57843588,1
08749495,12532690,1
08749495,55224434,1
08749495,83383638,1
08749495,11273197,1
08749495,09529408,1
13006347,28399610,1
13006347,25257333,1
13006347,28592039,1
13006347,54619214,1
13006347,30797118,1
13006347,36253093,1
13006347,57274451,1
13006347,48528560,1
07102250,50294570,1
07102250,48641053,1
07102250,22327998,1
07102250,53713512,1
07102250,42345486,1
07102250,11167648,1
07102250,08770766,1
07102250,57260815,1
07102250,55154690,1
24090419,52079366,1
24090419,31893051,1
10300662,44403421,1
10300662,55413071,1
10300662,40702960,1
10300662,38088444,1
10300662,44101086,1
10300662,51567044,1
01049694,17322377,1
01049694,07617879,1
52279393,63854616,1
15384376,27482302,1
15384376,58171437,1
15384376,15546463,1
15384376,31613883,1
15384376,54490498,1
42480401,46513029,1
18677248,50379314,1
18677248,47408113,1
54332505,83367219,1
46665447,51014733,1
18265444,28431884,1
18265444,46814523,1
09019612,27568493,1
09019612,45589185,1
09019612,24957918,1
09019612,22247153,1
09019612,18087152,1
09019612,14079453,1
13664105,55413071,1
13664105,19667707,1
13664105,41965573,1
13664105,39647543,1
13664105,43347791,1
13123494,26256356,1
13123494,52657472,1
13123494,20053965,1
13224246,53310898,1
13224246,26679251,1
13224246,20747693,1
13224246,15255821,1
13224246,46147657,1
34620138,53579507,1
18914437,21250517,1
18914437,21097659,1
13888791,21700206,1
13888791,54835851,1
13888791,44175488,1
13888791,31395178,1
13888791,38050329,1
13888791,25290831,1
05205463,22931947,1
05205463,54486914,1
05205463,19112682,1
05205463,47739796,1
05205463,35431809,1
05205463,34834598,1
05205463,21388618,1
05205463,51844319,1
05205463,39897231,1
24239365,34344872,1
24239365,25261893,1
24239365,40777483,1
24239365,57043963,1
19799456,83759910,1
19799456,34682252,1
19799456,49400762,1
19799456,54652073,1
44564204,49400987,1
44564204,57851937,1
15011981,37797902,1
15011981,33872676,1
15011981,45085822,1
48514425,55335287,1
48514425,57447230,1
48514425,52904599,1
48514425,51576885,1
48514425,54337634,1
48514425,57901144,1
48514425,57271936,1
48514425,48534725,1
48514425,57412589,1
48514425,57256870,1
48514425,55838925,1
14311143,23322870,1
27786323,57818442,1
27786323,28306797,1
27786323,31211327,1
27786323,34919721,1
32984883,48025044,1
32984883,44609947,1
32984883,49135720,1
32984883,33531685,1
24090419,55267026,1
24090419,36914145,1
06106987,15006343,1
06106987,16739367,1
06106987,20174961,1
06106987,57372381,1
06106987,45350684,1
06106987,44592083,1
06106987,16631741,1
06106987,16631663,1
06106987,18983720,1
07561334,13272821,1
07561334,32349549,1
07561334,41544575,1
07561334,10913468,1
40195862,46633075,1
40195862,45096265,1
40195862,46883917,1
40195862,45429712,1
40195862,47840357,1
05024583,45632934,1
10849832,52847725,1
43260350,47620989,1
10967766,52722554,1
10967766,22356072,1
10967766,46814523,1
22424442,28118627,1
22424442,38651268,1
21733430,83374587,1
21733430,40670278,1
21733430,83591107,1
21733430,48172638,1
21733430,48194281,1
14686260,57726453,1
14686260,53675536,1
14686260,54790193,1
44292629,54739501,1
83303776,83367771,1
50119108,58278942,1
33859709,37244028,1
33859709,44628771,1
33859709,45907536,1
50433212,55630308,1
11344258,40526955,1
11344258,40142478,1
11344258,41394485,1
11344258,45226832,1
11344258,30746824,1
11344258,40039111,1
15522348,28399610,1
15522348,25257333,1
15522348,28592039,1
15522348,54619214,1
15522348,30797118,1
15522348,36253093,1
15522348,57274451,1
15522348,48528560,1
21489011,54414413,1
21489011,57496252,1
21489011,51527404,1
21489011,97519130,1
21489011,31860440,1
05992814,44563813,1
04837983,42632898,1
04837983,34059823,1
14057335,36189741,1
14057335,43018566,1
17285246,22960942,1
17285246,57122594,1
17285246,57350474,1
16845198,52521807,1
16845198,50560053,1
16845198,34275725,1
16845198,48905225,1
16845198,50473993,1
16845198,48905309,1
27114189,33262190,1
27114189,58105098,1
17671920,31671814,1
17671920,41372115,1
17671920,33558212,1
17671920,29318625,1
17671920,24019363,1
17671920,40593909,1
17671920,17680127,1
29759870,52953998,1
29759870,34192343,1
29759870,57540564,1
39963747,45914643,1
39963747,42502934,1
48303623,54931730,1
09637395,37176583,1
21271979,52220534,1
21271979,38594226,1
04482508,26146336,1
04482508,17746880,1
04482508,45907772,1
04482508,35517311,1
04482508,11307596,1
04482508,28387089,1
04482508,43012876,1
04482508,04488941,1
04482508,08018711,1
04482508,10464172,1
04482508,57311619,1
04482508,44175488,1
52007020,54979011,1
52007020,57635372,1
52007020,58188878,1
52007020,54344984,1
09600303,27491793,1
09600303,27389567,1
09600303,27413530,1
09600303,27491714,1
09600303,27491827,1
07514378,10947484,1
00647183,33256711,1
00647183,10898375,1
00647183,15693111,1
00647183,24429020,1
00647183,25292639,1
00647183,46167663,1
00647183,42365622,1
00647183,54965803,1
00647183,57387226,1
00647183,25232025,1
00647183,42430618,1
00647183,25450169,1
00647183,14862196,1
00647183,08837647,1
00647183,12676701,1
00647183,09019612,1
15714415,29188492,1
15714415,38399727,1
15714415,44949723,1
15714415,19414832,1
04485288,05095110,1
04485288,57795566,1
04485288,19596066,1
04485288,05147069,1
04485288,22931471,1
04485288,19468568,1
04485288,23446100,1
04485288,83919761,1
04974689,42754199,1
04974689,51416028,1
04974689,10231587,1
04974689,27115662,1
04974689,32436480,1
07260921,50507356,1
41644046,55438214,1
41644046,42517074,1
10963632,83383638,1
10963632,13580079,1
10963632,37797902,1
10963632,33872676,1
10963632,15011981,1
10963632,45085822,1
49608411,49880952,1
42053547,47490823,1
42053547,43724649,1
42053547,63887202,1
42053547,52364224,1
42053547,44118671,1
42870244,49084949,1
42870244,56000290,1
40649910,47694918,1
26233642,33258562,1
40596590,54363300,1
40596590,40920760,1
40596590,49084948,1
40596590,41226380,1
56936038,57370622,1
08434099,54798680,1
08434099,35880435,1
10410101,10814847,1
10410101,52722554,1
46084556,54681456,1
33764020,36360409,1
33764020,34927765,1
32933619,43996246,1
32933619,50800787,1
46992361,54056888,1
05021725,33904753,1
05021725,45883575,1
05021725,33746382,1
05021725,31124535,1
46880259,47734486,1
19206232,33508320,1
19206232,52009675,1
19206232,46198824,1
29761286,42207469,1
29761286,46889802,1
29761286,45489303,1
44254467,63851000,1
44254467,50826962,1
44254467,83658401,1
44254467,46280550,1
55016194,63810774,1
55016194,57247625,1
14145403,51567127,1
14145403,43598601,1
14145403,24834742,1
14145403,38028570,1
14145403,63807010,1
14145403,50564262,1
45575879,57718865,1
44992655,52610053,1
44992655,57688154,1
44992655,45945702,1
44992655,83325381,1
44992655,46881535,1
44992655,52938394,1
44992655,55127081,1
44992655,46325572,1
44992655,45936724,1
44992655,53571951,1
44992655,45942603,1
44992655,45936725,1
44992655,50965558,1
08770766,50294570,1
08770766,48641053,1
08770766,22327998,1
08770766,53713512,1
08770766,42345486,1
08770766,11167648,1
08770766,57260815,1
08770766,55154690,1
29478544,36478695,1
29478544,45808143,1
17166598,23006602,1
17166598,34938447,1
17166598,41205074,1
17166598,46610289,1
18352188,30534814,1
18352188,20735238,1
18352188,30874272,1
18352188,52202571,1
18352188,21062604,1
18352188,49356704,1
18352188,52262984,1
29842764,31044915,1
29842764,33409006,1
57256870,57412589,1
57256870,57447230,1
57256870,57901144,1
57256870,57274451,1
09291987,27854205,1
08147568,12532690,1
08147568,09529408,1
41965573,55413071,1
41965573,50296978,1
41965573,43347791,1
28470670,54486914,1
28470670,47739796,1
28470670,35431809,1
28470670,34834598,1
28470670,51844319,1
28470670,39897231,1
54619214,57271936,1
54619214,55838925,1
54619214,57412589,1
54619214,57256870,1
54619214,57447230,1
54619214,57901144,1
54619214,57274451,1
54619214,55335287,1
15280902,29967625,1
15280902,15752934,1
15280902,50086253,1
15280902,26773334,1
15280902,34847855,1
15280902,17185268,1
15280902,43406576,1
23971324,52228257,1
23971324,32800910,1
23971324,55534246,1
23971324,51310351,1
23971324,50180210,1
21852592,30561198,1
21852592,37029327,1
21852592,22870183,1
21852592,27645165,1
37408057,52725302,1
37408057,54972801,1
37408057,58419253,1
37408057,52715767,1
37408057,45907772,1
05669458,14839089,1
05669458,27796490,1
05669458,49337592,1
05669458,10488420,1
02316599,55900198,1
02316599,35440665,1
02316599,41931566,1
02316599,51480797,1
02316599,25257333,1
16558094,21229714,1
16558094,22426242,1
16558094,57886627,1
16558094,51861009,1
16558094,33075616,1
16558094,21848243,1
16558094,47728638,1
16558094,24249629,1
16558094,55533763,1
35897048,38538135,1
10715305,34905026,1
10715305,17489551,1
10715305,51621954,1
10715305,52350217,1
10715305,23605347,1
10715305,40011155,1
10715305,42604726,1
10715305,21815666,1
10715305,53304488,1
12455695,34467448,1
12455695,33516425,1
12455695,22525317,1
12455695,42696750,1
09231652,52508294,1
09231652,41713084,1
09231652,51646160,1
04204764,34633669,1
46649690,83888164,1
46649690,53453531,1
54363300,84152784,1
48754339,56661682,1
19509847,23386664,1
19509847,83308593,1
11339572,19532039,1
11339572,16845198,1
11339572,14625319,1
11339572,27015623,1
11339572,14376007,1
11339572,50841256,1
11339572,16455543,1
28399610,53999238,1
43119085,48609636,1
09456927,24950634,1
10913468,13272821,1
10913468,32349549,1
10913468,41544575,1
04931168,05564703,1
04931168,38535572,1
37894564,43308259,1
37894564,48790338,1
12497824,22711023,1
12497824,54681456,1
35431809,54486914,1
35431809,47739796,1
35431809,51844319,1
35431809,39897231,1
39595428,50037335,1
39595428,53666283,1
16995597,44376413,1
16995597,55402313,1
50119108,57354388,1
50119108,56196880,1
50119108,56197324,1
50119108,54344984,1
50119108,55719309,1
50119108,57505264,1
50119108,56197605,1
50119108,54835289,1
46325572,52610053,1
46325572,57688154,1
46325572,83325381,1
46325572,46881535,1
46325572,52938394,1
46325572,55127081,1
46325572,53571951,1
46325572,50965558,1
42282295,44201627,1
09076287,11669385,1
09076287,43169284,1
09076287,09621719,1
09076287,18637923,1
11358828,16631663,1
11358828,28530084,1
11358828,16631741,1
11358828,44592083,1
11358828,55127081,1
11358828,28551662,1
25292639,27462525,1
25292639,48472865,1
03869472,56070207,1
03869472,34638098,1
03869472,83673434,1
03869472,83898387,1
22061323,33963982,1
22061323,56925052,1
22061323,29629465,1
22061323,35027399,1
06041427,40283599,1
06041427,32675879,1
06041427,16455543,1
06041427,42528665,1
14177338,19112682,1
14177338,34834598,1
14177338,83367466,1
14177338,48546635,1
14177338,52153417,1
14177338,28154395,1
57486261,58421459,1
37327728,54184008,1
23006602,42308659,1
12497824,19532039,1
12497824,16845198,1
12497824,27015623,1
12497824,50841256,1
08246259,39684368,1
08246259,34518289,1
09423857,10760586,1
09423857,19532039,1
09423857,16845198,1
09423857,11058976,1
09423857,27015623,1
09423857,50841256,1
21036584,33185423,1
21036584,31570547,1
32131693,49084736,1
05201140,24092424,1
05201140,05248067,1
05201140,07393337,1
05201140,22965051,1
05201140,17027710,1
05201140,14018809,1
15821368,23936082,1
15821368,18260926,1
15821368,57080615,1
18294170,55196070,1
18294170,34128570,1
18294170,53755695,1
12867278,43335260,1
12867278,32137431,1
12867278,54609071,1
12867278,35868114,1
12867278,35674433,1
24701795,52610053,1
24701795,57688154,1
24701795,45945702,1
24701795,83325381,1
24701795,46881535,1
24701795,52938394,1
24701795,55127081,1
24701795,44992655,1
24701795,46325572,1
24701795,33820664,1
24701795,42507899,1
24701795,45936724,1
24701795,53571951,1
24701795,24947034,1
24701795,45942603,1
24701795,45936725,1
24701795,50965558,1
24701795,43608949,1
31707647,43054032,1
31707647,58280732,1
25257333,55900198,1
25257333,41931566,1
33963982,57103588,1
33963982,38108994,1
21490094,48192995,1
21490094,43629719,1
05063292,50545443,1
05063292,56060720,1
05063292,08689524,1
05559345,10547801,1
03469173,83318303,1
03469173,30911737,1
03469173,11066360,1
03469173,22377831,1
03469173,22747837,1
03469173,10673280,1
30797118,57271936,1
30797118,52904599,1
30797118,54337634,1
30797118,55838925,1
30797118,57412589,1
30797118,48534725,1
30797118,57256870,1
30797118,36253093,1
30797118,42165186,1
30797118,51576885,1
30797118,57447230,1
30797118,57901144,1
30797118,57274451,1
30797118,48528560,1
30797118,55335287,1
24585147,36605025,1
22225546,46321970,1
22225546,31267760,1
22225546,33171769,1
22225546,27850782,1
22225546,37561095,1
03105233,04722070,1
03105233,37066260,1
03105233,28463128,1
22947144,56604016,1
22947144,28377143,1
42282295,46325572,1
42282295,49393772,1
11438135,37703341,1
11438135,97519130,1
11438135,37518731,1
22703141,54631813,1
42026335,53327145,1
04980461,52748990,1
04980461,51419439,1
01829131,20990397,1
04986485,14031152,1
12064115,37376395,1
12064115,49084949,1
12064115,42870244,1
12064115,56000290,1
04986485,08039111,1
04986485,34404656,1
04986485,10221711,1
54979011,55537919,1
54979011,57080615,1
10274836,19113461,1
45039499,57707810,1
12528293,34612325,1
12528293,22306097,1
12528293,28298039,1
12528293,26498970,1
12528293,51354213,1
12528293,83342162,1
12528293,26666570,1
12528293,20335130,1
04887055,18975745,1
04887055,05261642,1
44075904,56964544,1
44075904,55537919,1
44075904,52966267,1
46977523,51825389,1
04309785,13778280,1
04309785,35781981,1
04309785,17986326,1
04309785,26837348,1
04309785,38478097,1
04309785,05064462,1
18025830,38346132,1
08201747,11060909,1
08201747,19113461,1
08201747,40067435,1
08201747,09600303,1
08201747,38628049,1
08201747,09657201,1
04981858,15255821,1
04981858,21144580,1
04981858,20747693,1
45429712,46633075,1
45429712,48303623,1
45429712,47262312,1
10464172,26146336,1
10464172,17746880,1
10464172,45907772,1
10464172,35517311,1
10464172,11307596,1
10464172,28387089,1
10464172,43012876,1
10464172,57311619,1
10464172,44175488,1
03605887,50908405,1
03605887,46495181,1
03605887,41244771,1
03605887,45429714,1
03605887,47463212,1
03605887,45913897,1
03605887,52389398,1
03605887,08222907,1
03605887,54782060,1
03605887,45578249,1
03605887,05639153,1
17371945,39642901,1
17371945,20963424,1
10225892,30106018,1
10225892,19332074,1
10225892,28610706,1
10225892,45738902,1
10225892,21917642,1
10225892,83856187,1
10225892,14671706,1
10225892,27018915,1
04991576,24379921,1
04991576,83917104,1
04991576,33919545,1
12852303,13266769,1
12852303,29101154,1
12852303,41857347,1
12852303,46862781,1
13432814,20460412,1
13432814,42351594,1
16455522,56054911,1
16455522,23086489,1
16455522,27838219,1
16455522,38479011,1
16455522,57040497,1
16455522,53693498,1
16455522,52749841,1
16455522,52714865,1
16455522,50568409,1
54657288,55624004,1
54657288,57426015,1
48172638,83374587,1
48172638,83591107,1
48172638,48194281,1
34988408,83211128,1
55991912,83372813,1
18386898,55154617,1
18386898,41260285,1
18386898,45476449,1
47390859,83342162,1
47390859,52823954,1
45695054,47390859,1
45695054,83342162,1
45695054,52823954,1
11181927,31041193,1
11181927,36386923,1
04269950,45797608,1
04269950,45499619,1
04269950,49335807,1
42282730,58105098,1
57547749,84189950,1
15309008,40724815,1
15309008,22703189,1
15309008,16582075,1
11043165,41521896,1
11043165,20454061,1
11043165,30532710,1
47143868,49663562,1
55515834,56904767,1
55515834,56084186,1
44253551,53382721,1
28088981,46502075,1
28088981,34261920,1
28088981,38393760,1
28088981,53981615,1
28088981,42169716,1
28088981,30480786,1
28088981,45342072,1
28088981,34639815,1
10510596,13141538,1
10510596,30561198,1
10510596,37029327,1
10510596,19574915,1
10510596,22870183,1
10510596,27645165,1
18708608,57202732,1
18708608,21916066,1
18708608,35162349,1
18708608,24375252,1
18708608,48748664,1
18609499,22947144,1
27935968,54972801,1
27935968,41141272,1
44169030,58115694,1
09303787,52521807,1
09303787,54048782,1
09303787,22928991,1
17376894,30561198,1
17376894,21852592,1
17376894,26751767,1
17376894,37029327,1
17376894,19574915,1
17376894,22870183,1
17376894,27645165,1
41491324,55568217,1
57145151,57428859,1
07869021,32226978,1
19460932,53001776,1
19460932,36359823,1
19460932,47195355,1
19460932,37606859,1
19460932,37828319,1
19460932,30523678,1
43535347,43797846,1
32564773,58218616,1
32203350,42416122,1
32203350,56345223,1
26821997,33277835,1
26821997,47909493,1
19445812,25290831,1
52987384,55991912,1
52987384,83372813,1
49356704,52202571,1
49356704,52262984,1
41737838,48968763,1
21917642,30106018,1
21917642,28610706,1
21917642,45738902,1
21917642,83856187,1
21917642,27018915,1
40184687,57860781,1
13080819,40936968,1
13080819,15614690,1
13080819,22359452,1
55127081,57372381,1
38283892,54012325,1
38283892,42084429,1
38283892,44470034,1
38283892,57901736,1
38283892,54007941,1
37998675,84058981,1
37998675,42042106,1
27466183,28777198,1
34834598,46978942,1
22811037,36766273,1
22811037,53097214,1
22811037,45373405,1
22811037,26634582,1
22811037,50781406,1
58312931,83311464,1
09110945,52521807,1
09110945,54048782,1
09110945,22928991,1
10759158,10760586,1
10759158,19532039,1
10759158,16845198,1
10759158,11058976,1
10759158,27015623,1
10759158,50841256,1
03547690,22380291,1
03547690,53208704,1
03547690,44951938,1
03547690,46020659,1
03547690,83859231,1
43406576,50086253,1
11161770,41507783,1
11161770,34344872,1
11161770,25261893,1
11161770,40777483,1
11161770,11248496,1
11161770,24239365,1
11161770,12094545,1
11161770,14155691,1
11161770,57043963,1
11161172,20646718,1
11161172,17214018,1
11161172,83650606,1
11161172,40898023,1
11161172,34857185,1
11161172,47762995,1
11161172,44876831,1
11161172,45636574,1
49582386,54778102,1
49582386,83352807,1
04417594,36605025,1
28399610,47214336,1
28399610,49275814,1
11728366,47666291,1
11728366,45861983,1
11728366,30181304,1
11728366,55443749,1
11728366,37466456,1
11728366,54137324,1
11728366,53913111,1
11728366,55734874,1
11728366,31500254,1
06957217,09072358,1
06957217,42165186,1
06957217,57888682,1
06957217,28941775,1
06957217,19698084,1
25150035,28151393,1
25150035,34938447,1
25150035,45146782,1
25150035,37305998,1
25150035,31007938,1
25150035,56299393,1
04952396,31041193,1
04952396,11181927,1
04952396,36386923,1
10482140,36605025,1
15625840,21848243,1
15625840,30092434,1
28843268,40067435,1
35674433,43335260,1
35674433,54609071,1
35674433,35868114,1
31975245,49400987,1
31975245,57851937,1
55197433,56022035,1
05585926,28018412,1
05585926,83759910,1
05585926,11060524,1
05585926,34682252,1
05585926,06060348,1
05585926,49400762,1
05585926,19799456,1
05585926,54652073,1
05585926,18441952,1
05585926,41349841,1
30060831,52243975,1
30060831,35713752,1
30060831,53181438,1
06105070,30728534,1
06105070,46140895,1
06105070,48125531,1
10699777,48037555,1
10699777,54679927,1
10699777,15504991,1
10699777,13188854,1
10699777,50103379,1
26866478,48513945,1
26866478,35473839,1
18341092,35512491,1
18341092,37682669,1
57054467,83577494,1
31783432,56915709,1
31783432,57547749,1
31783432,57169353,1
17086225,28883561,1
17086225,48025044,1
17086225,28277240,1
17086225,26504364,1
17086225,44609947,1
17086225,49135720,1
17086225,33531685,1
33820664,52610053,1
33820664,57688154,1
33820664,45945702,1
33820664,83325381,1
33820664,46881535,1
33820664,52938394,1
33820664,55127081,1
33820664,44992655,1
33820664,46325572,1
33820664,42507899,1
33820664,45936724,1
33820664,53571951,1
33820664,45942603,1
33820664,45936725,1
33820664,50965558,1
33820664,43608949,1
26805909,56439858,1
26805909,30369379,1
26805909,39702115,1
26805909,31353578,1
07393337,21229714,1
07393337,22426242,1
07393337,57886627,1
07393337,51861009,1
07393337,33075616,1
07393337,21848243,1
07393337,47728638,1
07393337,16558094,1
07393337,24249629,1
07393337,55533763,1
42548649,44376400,1
42548649,44459996,1
42548649,45609353,1
41296756,46459672,1
41296756,48419861,1
41296756,83650606,1
41296756,49628310,1
16990222,43291259,1
16990222,21347373,1
16990222,17906978,1
16990222,21171923,1
16990222,16990243,1
16990222,19693476,1
16990222,16990233,1
16990222,16990253,1
10443098,13141538,1
10443098,30561198,1
10443098,21852592,1
10443098,10510596,1
10443098,17376894,1
10443098,26751767,1
10443098,37029327,1
10443098,19574915,1
10443098,22870183,1
10443098,27645165,1
15616728,39150077,1
15616728,56055054,1
55853422,57633381,1
10773426,47056541,1
10773426,20663960,1
10773426,21144580,1
10773426,17644498,1
15648147,51567127,1
15648147,63820492,1
15648147,20990430,1
15648147,43598601,1
15648147,52203046,1
15648147,24834742,1
15648147,33917788,1
15648147,38028570,1
15648147,20990397,1
15648147,63807010,1
15648147,50564262,1
15257553,50735038,1
15257553,28128547,1
15257553,16365944,1
15257553,29180884,1
15257553,25316328,1
10891580,42308659,1
10891580,23006602,1
33917788,51567127,1
33917788,43598601,1
33917788,52203046,1
33917788,38028570,1
33917788,63807010,1
33917788,50564262,1
04612766,40015013,1
04612766,34891754,1
04612766,51375431,1
04612766,37438204,1
04612766,05796110,1
04612766,32783115,1
04612766,53327451,1
56197605,57080615,1
56197605,57155797,1
56197605,56964544,1
56197605,57354388,1
56197605,57505264,1
33075616,51364832,1
33075616,52009675,1
33075616,55410102,1
07418827,13610822,1
07418827,47799899,1
07418827,23501297,1
07418827,33612205,1
07418827,39647543,1
07418827,33596603,1
32267624,54229231,1
32267624,57363999,1
32267624,58246272,1
32267624,53160102,1
32267624,43011102,1
32267624,38651268,1
32267624,40695263,1
17982491,46742940,1
17982491,63883672,1
17982491,57589252,1
17982491,48353095,1
17982491,50018529,1
17982491,50211451,1
17982491,48705515,1
17982491,49090964,1
32308609,54509964,1
02857897,22380291,1
02857897,53208704,1
02857897,20990397,1
02857897,44951938,1
02857897,46020659,1
02857897,05149879,1
02857897,12918898,1
02857897,14564858,1
02857897,20990430,1
02857897,14145403,1
02857897,63820492,1
02857897,83859231,1
02857897,03547690,1
02857897,52203046,1
02857897,15648147,1
02857897,04993390,1
04101986,57354388,1
04101986,41604880,1
04101986,36990916,1
04101986,56196880,1
04101986,56197324,1
04101986,54344984,1
04101986,55719309,1
04101986,50119108,1
04101986,57505264,1
04101986,56197605,1
04101986,54835289,1
01273619,31303286,1
01273619,07951027,1
01273619,03415533,1
01273619,02316468,1
01273619,18486298,1
10826737,13266769,1
10826737,11050213,1
10826737,29101154,1
10826737,41857347,1
10826737,46862781,1
27752838,48825479,1
27752838,48097704,1
27752838,43287235,1
27752838,27913022,1
15232790,15297070,1
15232790,22983316,1
15232790,44069236,1
35519913,51299309,1
35519913,45653558,1
35519913,52111632,1
10958946,24873159,1
54328041,55088212,1
54328041,55074806,1
10383259,10571779,1
10383259,57635372,1
10383259,46633075,1
10383259,46687601,1
10383259,29779458,1
28452640,35064483,1
28452640,47618473,1
42042106,84058981,1
31157457,55391330,1
31157457,83874859,1
06859283,14108947,1
06859283,08645489,1
02870297,28539451,1
02870297,41450630,1
02870297,41073254,1
02870297,13380006,1
02870297,44549511,1
45429712,53472612,1
36990916,57080615,1
36990916,57155797,1
36990916,56964544,1
36990916,55537919,1
36990916,54979011,1
26498970,34612325,1
26498970,28298039,1
26498970,51354213,1
26498970,83342162,1
26498970,26666570,1
05261642,18975745,1
05403050,23319181,1
05403050,07090782,1
05403050,17458616,1
05403050,34733870,1
05403050,27722405,1
12098806,83836114,1
12098806,53248836,1
12098806,57827317,1
12098806,48429715,1
41857347,46515622,1
41857347,46862781,1
48221291,54898502,1
48221291,63873012,1
48221291,57486261,1
83580423,83733212,1
48705515,63883672,1
48705515,57589252,1
48705515,50018529,1
48705515,50211451,1
48705515,49090964,1
28463128,37066260,1
01138735,22427083,1
01138735,39904597,1
01138735,26209413,1
01138735,11489508,1
01138735,30883226,1
41185234,51655865,1
41185234,57139805,1
41185234,48795831,1
16455522,54545658,1
16455522,50473993,1
16455522,51357212,1
16455522,53874270,1
16455522,50560053,1
16455522,55273088,1
16455522,48905225,1
16455522,56090606,1
16455522,55207387,1
16455522,58447768,1
16455522,54782375,1
16455522,53874267,1
13074701,27550096,1
13074701,33560445,1
13074701,57516830,1
31888421,37605145,1
25450169,33256711,1
25450169,46167663,1
25450169,42365622,1
25450169,54965803,1
25450169,57387226,1
25450169,42430618,1
33406765,97542173,1
04975181,46527197,1
04975181,36904570,1
04975181,57167357,1
04975181,11344254,1
04975181,83319640,1
04975181,11132304,1
04975181,18708608,1
04975181,39497472,1
04975181,83919381,1
04551677,32226978,1
04551677,07869021,1
04250280,21825352,1
04250280,46281097,1
04250280,50913330,1
04250280,44809715,1
47408113,50379314,1
24143145,42932312,1
24143145,41981831,1
24143145,51072301,1
24143145,38493454,1
24143145,50793030,1
24143145,42048940,1
24143145,39292533,1
24143145,50288425,1
24143145,55991912,1
47762995,83650606,1
15614646,30532710,1
15614646,41587143,1
04692481,48252103,1
04692481,25336228,1
04692481,46965583,1
21492427,47161810,1
30480786,46502075,1
30480786,34261920,1
30480786,38393760,1
30480786,53981615,1
30480786,42169716,1
30480786,45342072,1
30480786,34639815,1
45327140,53972553,1
02446704,04927695,1
02446704,45225921,1
02446704,04912788,1
02446704,22703640,1
02446704,49339816,1
02446704,04290944,1
42113124,45270332,1
42113124,63873012,1
42113124,46236636,1
42113124,44644852,1
42113124,84260843,1
02581315,05484088,1
02581315,28860289,1
02581315,55903468,1
02581315,29144626,1
02581315,41397871,1
02581315,56335061,1
02581315,11090652,1
02581315,43403561,1
02581315,16630928,1
17495231,19072960,1
17495231,55088212,1
17495231,51219805,1
17495231,24117759,1
17495231,52966267,1
17495231,20703650,1
17495231,54328041,1
17495231,55074806,1
02071117,07585347,1
23883783,41649624,1
23883783,37142602,1
23883783,48659953,1
23883783,48659956,1
51746842,56925048,1
46020166,55568217,1
46020166,54866511,1
18751399,46761677,1
18751399,34787118,1
18751399,35485494,1
26845303,28648070,1
26845303,55456927,1
36015353,41424522,1
36015353,39592690,1
08178406,19383540,1
08178406,43275147,1
08178406,40737731,1
08178406,38307996,1
11188852,52521807,1
11188852,18104871,1
11188852,54048782,1
11188852,22928991,1
29180884,50735038,1
31395178,54835851,1
31395178,44175488,1
31395178,38050329,1
11188852,33744433,1
11188852,35521714,1
11188852,15358889,1
11188852,13877821,1
11188852,25129117,1
11188852,18037378,1
38050329,54835851,1
38050329,44175488,1
34710513,40141062,1
34710513,53051209,1
40737731,43275147,1
40737731,48546635,1
40737731,83367466,1
54498618,83904276,1
54498618,55416678,1
27197397,43643845,1
19312885,33615435,1
19312885,33801385,1
19312885,40311143,1
15035294,33930331,1
15035294,24425982,1
15035294,53281247,1
15035294,17587264,1
15035294,48611660,1
15035294,45737222,1
15035294,21783481,1
15035294,53369432,1
15035294,57278636,1
04949426,38388313,1
04949426,29038576,1
04949426,50296976,1
11161770,55062107,1
11161770,32547311,1
05567029,54012325,1
05567029,42084429,1
05567029,44470034,1
05567029,57901736,1
05567029,33850897,1
05567029,07887094,1
05567029,54007941,1
05567029,38283892,1
05567029,13657306,1
05567029,13741088,1
40686260,56925048,1
40686260,51009636,1
40686260,58415768,1
52001949,57496254,1
22546522,27482302,1
22546522,58171437,1
22546522,31613883,1
22546522,54490498,1
43629719,48192995,1
18087152,20012838,1
18087152,46131099,1
18087152,55438214,1
18087152,42517074,1
18087152,41644046,1
18087152,27170437,1
01657482,50231311,1
01657482,04832721,1
01657482,14727334,1
01657482,63807010,1
01657482,13540164,1
01657482,26774151,1
01657482,57832184,1
01657482,08985066,1
01657482,04260683,1
01657482,48089475,1
01657482,36756496,1
01657482,37088883,1
01657482,04926358,1
01657482,08095318,1
01657482,04139846,1
01657482,51768121,1
01657482,63804116,1
01657482,04929683,1
01657482,13697835,1
01657482,04216876,1
01657482,01785921,1
01657482,83580423,1
01657482,26605604,1
01657482,83733212,1
01657482,52805783,1
01657482,05844378,1
34609503,54346204,1
04972915,14883720,1
04972915,08624482,1
04972915,17465960,1
11728366,21650561,1
05054671,09475549,1
05054671,46978942,1
11054792,19574915,1
11054792,46166002,1
11054792,12867278,1
11054792,17474408,1
50668156,83764449,1
50668156,53871498,1
50668156,57589409,1
50668156,50909961,1
50668156,56384215,1
42703472,53210341,1
42703472,50604320,1
42703472,56904767,1
42703472,46099558,1
42703472,56084186,1
42703472,55515834,1
20867885,30754554,1
05441787,55224434,1
05441787,11273197,1
21584046,46793672,1
21584046,32913189,1
30182564,46731605,1
12094545,34344872,1
12094545,25261893,1
12094545,40777483,1
12094545,24239365,1
12094545,14155691,1
12094545,57043963,1
16940771,37583720,1
16940771,43438265,1
16940771,18025830,1
07778090,10771275,1
07778090,40160490,1
07778090,09396095,1
07778090,08821446,1
07778090,34919721,1
07778090,17489587,1
07778090,11832551,1
07778090,30532710,1
07778090,08966851,1
07778090,18352188,1
07778090,14402035,1
07778090,55705246,1
27397410,52224426,1
27397410,43008468,1
09110926,44246433,1
09110926,10760586,1
09110926,09687570,1
09110926,19532039,1
09110926,13313677,1
09110926,16845198,1
09110926,10243905,1
09110926,46084556,1
09110926,11058976,1
09110926,09303787,1
09110926,27015623,1
09110926,09110945,1
09110926,11339572,1
09110926,50841256,1
03022224,26634582,1
03022224,21316122,1
03022224,10473495,1
03022224,10627815,1
03022224,12455695,1
03022224,53043724,1
52203046,53208704,1
52203046,83859231,1
23147576,45094160,1
23147576,52412926,1
14556554,43574893,1
29229919,43996246,1
29229919,50800787,1
29229919,32933619,1
29229919,31744670,1
01532081,34405774,1
01532081,47307390,1
04938437,08749495,1
04938437,20246663,1
04938437,30143000,1
04938437,44901620,1
04938437,29473452,1
04938437,33614381,1
04938437,10233096,1
04938437,15011981,1
04938437,04996064,1
11554000,54290254,1
11554000,41991291,1
11554000,12627066,1
11554000,34732631,1
47262312,47840357,1
12816833,35289849,1
12816833,14710390,1
12816833,13065972,1
12816833,23522994,1
12816833,18879278,1
01716311,51372645,1
01716311,04952396,1
26341686,56915709,1
26341686,50124913,1
26341686,84189950,1
26341686,46423577,1
26341686,57547749,1
26341686,31783432,1
26341686,57169353,1
05204409,51480797,1
05204409,35848562,1
05204409,18516869,1
05204409,25257333,1
05204409,32708852,1
05204409,26050345,1
05204409,44774200,1
05204409,05665464,1
05204409,21399950,1
05204409,55178104,1
05204409,35440665,1
05204409,17327944,1
05204409,48145943,1
05204409,12248669,1
42026816,42026878,1
19046130,53209188,1
19046130,42015688,1
19046130,54790193,1
19046130,57726453,1
19046130,20392931,1
19046130,48424730,1
19046130,56419404,1
04949426,56296160,1
04949426,22974380,1
04952396,55949966,1
04952396,37408235,1
21217025,33011124,1
21217025,27235446,1
21217025,50295356,1
21217025,83776310,1
21217025,52141673,1
21217025,45930578,1
21217025,46632259,1
21217025,53994812,1
21217025,31353578,1
21217025,22210067,1
21217025,58264935,1
08749495,23146224,1
41507783,49747088,1
02029589,05992814,1
02029589,44563813,1
02029589,83922005,1
12218992,56439858,1
12218992,30369379,1
12218992,37082268,1
12218992,17686944,1
12218992,39702115,1
12218992,12474518,1
12218992,26495882,1
12218992,26805909,1
12218992,14488131,1
12218992,26770324,1
12218992,31353578,1
02521485,03597636,1
02521485,43543406,1
02521485,04748231,1
02521485,13898557,1
49652509,53051209,1
04675278,08792120,1
04675278,13391535,1
04675278,04731519,1
04675278,57726453,1
04675278,53675536,1
04675278,07805598,1
04675278,14686260,1
04675278,07869058,1
04675278,54790193,1
08267117,38356976,1
08267117,23893455,1
08267117,33281406,1
08267117,57496254,1
08267117,20637353,1
08267117,35289849,1
08267117,20226275,1
41250491,54979011,1
41250491,47144718,1
41250491,41556977,1
41250491,47768563,1
41250491,57635372,1
41250491,58188878,1
41250491,52007020,1
41250491,54344984,1
47214336,48440251,1
47214336,83367219,1
24306504,24312558,1
05289248,20637538,1
26701233,83330902,1
26701233,31604420,1
26701233,97525770,1
26701233,46321970,1
05612845,40391475,1
05612845,40391098,1
05612845,40390227,1
05612845,40392129,1
05612845,23446838,1
05612845,40651924,1
05612845,42056628,1
05612845,40392132,1
05612845,42413145,1
44216917,50296978,1
14099261,30732216,1
14099261,34860254,1
05782805,50296978,1
05782805,33612205,1
05782805,43347791,1
05782805,33596603,1
05782805,26833835,1
05782805,08783767,1
05782805,15035294,1
24950634,63879381,1
46084556,54048782,1
16455522,34275725,1
22956778,24437317,1
22956778,22965051,1
16455522,22711023,1
16455522,54681456,1
08078145,39684368,1
08078145,08246259,1
08078145,34518289,1
48057302,55569173,1
48057302,51496129,1
48057302,48722769,1
48057302,57288974,1
48057302,57843588,1
57435663,58356738,1
11997328,45094160,1
11997328,23147576,1
11997328,52412926,1
11614792,46975916,1
11614792,32999612,1
11614792,12669568,1
11614792,44046392,1
10856814,11317886,1
10856814,10867199,1
10856814,12261028,1
10856814,37808513,1
10856814,28540547,1
10856814,14906923,1
06945995,40710673,1
06945995,21559650,1
23755979,50091280,1
23755979,83211128,1
18937799,28005376,1
44258095,49915450,1
44258095,48925720,1
38329931,47308946,1
38329931,54705939,1
36253093,57271936,1
36253093,52904599,1
36253093,54337634,1
36253093,37894564,1
36253093,55838925,1
36253093,57412589,1
36253093,48534725,1
36253093,57256870,1
36253093,54619214,1
36253093,42165186,1
36253093,51576885,1
36253093,57447230,1
36253093,57901144,1
36253093,57274451,1
36253093,48528560,1
36253093,55335287,1
53851546,83760785,1
29855424,36634515,1
29855424,47604896,1
29855424,44823027,1
29855424,34309111,1
27913379,47390859,1
27913379,45695054,1
27913379,83342162,1
27913379,44280448,1
27913379,40116767,1
27913379,52823954,1
51375431,53327451,1
52325585,53774922,1
42493984,50288218,1
26605604,50231311,1
26605604,63807010,1
26605604,26774151,1
26605604,57832184,1
26605604,48089475,1
26605604,36756496,1
26605604,37088883,1
26605604,51768121,1
26605604,63804116,1
26605604,83580423,1
26605604,83733212,1
26605604,52805783,1
44876831,83650606,1
44876831,47762995,1
44876831,45636574,1
11312785,51021523,1
11312785,33271390,1
11312785,14811273,1
16723623,50730997,1
16723623,55266608,1
16723623,34591310,1
16723623,54931730,1
16723623,51597760,1
18104871,52521807,1
18104871,54048782,1
18104871,22928991,1
16630928,28860289,1
16630928,55903468,1
16630928,29144626,1
16630928,41397871,1
16630928,56335061,1
16630928,43403561,1
01644025,39877284,1
01644025,40501349,1
01644025,09502308,1
51646160,52508294,1
28306797,57818442,1
28306797,31211327,1
28306797,34919721,1
53712175,84189950,1
13982926,30859603,1
13982926,37416022,1
13982926,22727153,1
13982926,18748344,1
13982926,39274002,1
13982926,50227993,1
46281097,50913330,1
37142602,41649624,1
37142602,48659953,1
37142602,48659956,1
19318101,63821433,1
19318101,49511698,1
19318101,24941006,1
19318101,22948210,1
04447880,84058981,1
04447880,19703108,1
04447880,42042106,1
39497472,46527197,1
39497472,57167357,1
39497472,83319640,1
39497472,83919381,1
55033552,84189950,1
06915272,57103588,1
06915272,38108994,1
06915272,12021900,1
04130493,07089052,1
04130493,11317886,1
04130493,10867199,1
04130493,09269331,1
04130493,12261028,1
04130493,37808513,1
04130493,10856814,1
04130493,28540547,1
04130493,05008271,1
04130493,14906923,1
15035294,50296978,1
15035294,33612205,1
15035294,43347791,1
15035294,33596603,1
15035294,26833835,1
15035294,19113461,1
54149287,56973785,1
11428241,14823178,1
11428241,83858464,1
12008310,20001357,1
12008310,29639407,1
12008310,42489131,1
12008310,29301770,1
12008310,56701497,1
12008310,12645993,1
12008310,29488846,1
12008310,35411970,1
18243450,52725302,1
18243450,23177869,1
18243450,23167053,1
18243450,54972801,1
18243450,58419253,1
18243450,37408057,1
18243450,52715767,1
18243450,45907772,1
53994812,83776310,1
53994812,58264935,1
24299929,58001906,1
24299929,39642901,1
27773901,57285529,1
27773901,53752478,1
27773901,83914226,1
34377250,38330743,1
34377250,45019725,1
35657820,40710673,1
21995320,55836697,1
31124535,33904753,1
31124535,45883575,1
31124535,33746382,1
31124535,41719884,1
31124535,49404135,1
31124535,39907822,1
31124535,57157601,1
50288425,51072301,1
50288425,50793030,1
34803644,83650606,1
19414832,56971671,1
24090419,39350516,1
24090419,28123922,1
24090419,57054467,1
04908364,37525866,1
06307709,34058036,1
20747693,53310898,1
20747693,26679251,1
20747693,46147657,1
14686260,53209188,1
14686260,45767059,1
14686260,45934751,1
14686260,20392931,1
14686260,20130899,1
30883226,39904597,1
30883226,38493454,1
04895751,29967625,1
04895751,15752934,1
04895751,04896379,1
04895751,50086253,1
04895751,26773334,1
04895751,12620846,1
04895751,34847855,1
04895751,09320398,1
04895751,05416839,1
04895751,17185268,1
04895751,15280902,1
04895751,43406576,1
04895751,11654469,1
04895751,05321252,1
04895751,05551841,1
20239662,37513392,1
20239662,83320846,1
12669568,47161810,1
12669568,21492427,1
46719330,57157601,1
46719330,83650374,1
46719330,48328555,1
46719330,55059900,1
46719330,49404135,1
46719330,54965803,1
16515254,53160102,1
16515254,28118627,1
16515254,32267624,1
16515254,29320798,1
16515254,22424442,1
10824588,31783432,1
10824588,17359676,1
10824588,50124913,1
10824588,45457749,1
10824588,53712175,1
10824588,32245462,1
02644085,26634582,1
02644085,04936852,1
02644085,83347427,1
02644085,45794655,1
18819000,51988986,1
12867278,19574915,1
07031623,50383902,1
07031623,37480610,1
07031623,36953059,1
07031623,33075616,1
07031623,08242838,1
07031623,41738095,1
07031623,55033552,1
07031623,10202385,1
09509608,48825479,1
09509608,48097704,1
09509608,19881161,1
09509608,27752838,1
09509608,43287235,1
09509608,27913022,1
14309414,48546635,1
14309414,34834598,1
14309414,28932294,1
14309414,19112682,1
20963424,39642901,1
15648147,22380291,1
15648147,53208704,1
15648147,44951938,1
15648147,46020659,1
15648147,83859231,1
28753570,29359372,1
28753570,37788555,1
28753570,47456294,1
28753570,42590211,1
28753570,52905513,1
28753570,39337501,1
25316468,40195862,1
25316468,47262312,1
25316468,43182281,1
25316468,48303623,1
25316468,39814966,1
25316468,43233967,1
25316468,54931730,1
25316468,34591310,1
21309046,33560445,1
21309046,39634561,1
21309046,48256560,1
21309046,43922374,1
30897936,46425851,1
30897936,42362820,1
30897936,36175231,1
04290944,44343593,1
04290944,83325381,1
04290944,04927695,1
28695170,83346940,1
19331137,63798490,1
19331137,38636618,1
35880435,54798680,1
04972915,07984371,1
05054671,13966948,1
14155691,41507783,1
14155691,34344872,1
14155691,25261893,1
14155691,40777483,1
14155691,24239365,1
14155691,57043963,1
02621661,55224434,1
02621661,11273197,1
05054671,19383540,1
05054671,43275147,1
05054671,40737731,1
05054671,38307996,1
08904510,17359676,1
08904510,45457749,1
08904510,53712175,1
08904510,32245462,1
15415504,50150082,1
15415504,45457749,1
15415504,53712175,1
15415504,32245462,1
38088444,44403421,1
38088444,54188662,1
38088444,40702960,1
38088444,44101086,1
38088444,51567044,1
27672905,30899773,1
27672905,43293047,1
28540547,37808513,1
26634582,57782858,1
26634582,47762479,1
26634582,38056616,1
26634582,27520027,1
18111277,43976615,1
01766136,20587643,1
01766136,03228396,1
01766136,44169030,1
01766136,39476297,1
01766136,58115694,1
49048845,53977131,1
04887055,09222792,1
04887055,43797846,1
04887055,43535347,1
23131869,46536584,1
54344984,54979011,1
54344984,57635372,1
54344984,58188878,1
02391603,29359372,1
02391603,37788555,1
02391603,47456294,1
02391603,42590211,1
02391603,52905513,1
02391603,28753570,1
02391603,19407373,1
02391603,39337501,1
55600414,58199211,1
11273197,12532690,1
11273197,55224434,1
11273197,15011981,1
11273197,83383638,1
47840357,48143438,1
09378439,24878793,1
37700829,50190985,1
55088212,55600414,1
53620897,56054911,1
53620897,57040497,1
53620897,53693498,1
28551662,55127081,1
50473993,52521807,1
18637923,43169284,1
18637923,24765057,1
18637923,56070207,1
44246433,54545658,1
44246433,51357212,1
44246433,53874270,1
44246433,55273088,1
44246433,56090606,1
44246433,55207387,1
44246433,58447768,1
44246433,54782375,1
44246433,53874267,1
48795831,51655865,1
48795831,57139805,1
13657306,54012325,1
13657306,42084429,1
13657306,44470034,1
13657306,57901736,1
13657306,33850897,1
13657306,54007941,1
13657306,38283892,1
13657306,13741088,1
14671706,30106018,1
14671706,19332074,1
14671706,28610706,1
14671706,45738902,1
14671706,21917642,1
14671706,83856187,1
14671706,27018915,1
38636618,63798490,1
09071847,43691330,1
09071847,36566244,1
14079453,20012838,1
14079453,46131099,1
14079453,16888835,1
48791338,83657999,1
37762057,45942412,1
06087327,20001357,1
06087327,29639407,1
06087327,42489131,1
06087327,29301770,1
06087327,08068245,1
06087327,11566218,1
06087327,12008310,1
06087327,56701497,1
06087327,12645993,1
06087327,29488846,1
06087327,08454441,1
06087327,35411970,1
48546635,52153417,1
10202385,14631621,1
10202385,50383902,1
10202385,18548319,1
10202385,37480610,1
10202385,36953059,1
10202385,19954308,1
10202385,50150082,1
10202385,84189950,1
10202385,46423577,1
10202385,33075616,1
10202385,41738095,1
10202385,55033552,1
10202385,15415504,1
05497400,22777157,1
05497400,10797263,1
09243089,47056541,1
09243089,20663960,1
09243089,21144580,1
09243089,10773426,1
09243089,17644498,1
11140735,13441262,1
11140735,48514425,1
11140735,44623180,1
17376894,63875165,1
33462266,47739789,1
02071117,18273708,1
02071117,31365986,1
32399536,46880259,1
32399536,47734486,1
50446091,53121520,1
50446091,57711501,1
34855718,57307107,1
34855718,51668650,1
30567063,36779258,1
30567063,45589185,1
30567063,41252873,1
44201627,57160313,1
27268940,30024558,1
48667370,57859208,1
48667370,52082507,1
19943304,40919178,1
19943304,51218898,1
11018161,15589589,1
11018161,54972801,1
11018161,27935968,1
11018161,41141272,1
11188852,22711023,1
11188852,54681456,1
16558094,19113461,1
16558094,17272704,1
16558094,40067435,1
16558094,28843268,1
25316328,50735038,1
25316328,28128547,1
25316328,29180884,1
04213522,48192995,1
04213522,04868040,1
04213522,21490094,1
04213522,43629719,1
04934320,07520084,1
04934320,12532690,1
07919179,37082268,1
07919179,26805909,1
32958687,83358887,1
48611660,53281247,1
48611660,53369432,1
48611660,57278636,1
05140066,24648824,1
20867885,44012246,1
34620138,41861992,1
34620138,54529408,1
43287235,48825479,1
43287235,48097704,1
05140066,58300883,1
05140066,27838145,1
52683891,57003730,1
22811037,83573931,1
22811037,47906588,1
11158828,22711023,1
11158828,54681456,1
48194281,83374587,1
48194281,83591107,1
24249629,57886627,1
24249629,51861009,1
24249629,33075616,1
24249629,47728638,1
24249629,55533763,1
28839535,43712622,1
37074548,37703341,1
37074548,37518731,1
29037515,43733001,1
29037515,30394439,1
29037515,47834153,1
10439660,57692882,1
10439660,34670513,1
10439660,37552830,1
36171778,63810774,1
36171778,55016194,1
36171778,57247625,1
14556554,14860686,1
14556554,21316388,1
15671192,56661682,1
15671192,48555717,1
15671192,22739645,1
15671192,27797487,1
15671192,48754339,1
19112682,46978942,1
02668300,18066521,1
02668300,53853824,1
02668300,04205550,1
02668300,23640551,1
02668300,83335448,1
02668300,28216982,1
02668300,30804353,1
34834598,54486914,1
34834598,47739796,1
34834598,35431809,1
34834598,51844319,1
34834598,39897231,1
21727838,28899558,1
22993378,54229231,1
22993378,57363999,1
22993378,31205691,1
22993378,58246272,1
22993378,53160102,1
22993378,28118627,1
22993378,32267624,1
22993378,43011102,1
22993378,38651268,1
22993378,40695263,1
22993378,32203973,1
16515254,34396959,1
16515254,45322017,1
16515254,34692419,1
16515254,24220440,1
16515254,44374020,1
16515254,55738822,1
16515254,23599276,1
31569431,57463357,1
37894564,48514425,1
37894564,44623180,1
09263861,42325991,1
09263861,14752221,1
09263861,54877610,1
54654214,83904854,1
04384623,43536729,1
04384623,28941640,1
05574132,38321181,1
00940782,32308609,1
00940782,54497493,1
00940782,34921817,1
41309954,83650606,1
17096246,44609947,1
17096246,21171923,1
17096246,83836155,1
17096246,48638604,1
17096246,43291259,1
17096246,37372893,1
17096246,49925126,1
14028134,57692882,1
14028134,34670513,1
14028134,37552830,1
11194335,18294170,1
11194335,15362420,1
11159109,25106362,1
30866642,57428859,1
30866642,47894259,1
30866642,55797335,1
30866642,44388670,1
30866642,57145151,1
30866642,51034773,1
30866642,52758567,1
30866642,51746842,1
30866642,41760460,1
14823178,83858464,1
04758223,29967625,1
04758223,15752934,1
04758223,04896379,1
04758223,50086253,1
04758223,26773334,1
04758223,12620846,1
04758223,34847855,1
04758223,09320398,1
04758223,05416839,1
04758223,17185268,1
04758223,15280902,1
04758223,43406576,1
04758223,04895751,1
04758223,11654469,1
04758223,05321252,1
04758223,05551841,1
08783767,33185423,1
08783767,31570547,1
08783767,21036584,1
09617159,31326583,1
09617159,33703874,1
09617159,51235640,1
09617159,27537195,1
09617159,18467112,1
14752221,42325991,1
14752221,54877610,1
41510743,52130021,1
41510743,49778923,1
41510743,49350776,1
14789206,18087152,1
19693476,43291259,1
19693476,21347373,1
19693476,21171923,1
23584762,24940502,1
23584762,52979675,1
23584762,28487330,1
23584762,47532153,1
23584762,54425045,1
23584762,54498618,1
23584762,47433488,1
23584762,43357739,1
34834598,48944851,1
57458124,58251827,1
25232025,25450139,1
25232025,39907822,1
25232025,57157601,1
25232025,29541134,1
25232025,83650374,1
25232025,48328555,1
25232025,55059900,1
25232025,46719213,1
25232025,44296529,1
25232025,49404135,1
25232025,46719330,1
45291116,50609978,1
09600303,83777342,1
03089179,05474312,1
34921817,54497493,1
45487638,55537919,1
45487638,57080615,1
45487638,46687601,1
45487638,54979011,1
42165186,57271936,1
42165186,52904599,1
42165186,54337634,1
42165186,55838925,1
42165186,57412589,1
42165186,48534725,1
42165186,57256870,1
42165186,54619214,1
42165186,51576885,1
42165186,57447230,1
42165186,57901144,1
42165186,57274451,1
42165186,48528560,1
42165186,55335287,1
45861983,47762819,1
09318628,11654469,1
02575493,43114456,1
02575493,46466187,1
02575493,22503284,1
02575493,57426015,1
54898502,57719959,1
33141526,33406765,1
33141526,97542173,1
09388757,19113461,1
09388757,48468765,1
09388757,43683105,1
09388757,54778102,1
09388757,22226927,1
09388757,83352807,1
09388757,49582386,1
45245872,46286669,1
45245872,84154608,1
04940478,63875165,1
04940478,26751767,1
04940478,10510596,1
04940478,21852592,1
04940478,17376894,1
04940478,04945692,1
04940478,10443098,1
10221711,34404656,1
52710594,55044297,1
52710594,53620897,1
52710594,53620896,1
12285161,24582662,1
12285161,47337578,1
12285161,47196575,1
12285161,54662724,1
54490498,58171437,1
29315940,37096754,1
29315940,48308237,1
29315940,44322244,1
29315940,47141710,1
55284964,58248375,1
33516425,42696750,1
36753763,38449067,1
03619136,03882048,1
45737222,48611660,1
45737222,57278636,1
37527386,48520164,1
37527386,56607226,1
37527386,54082777,1
37527386,39849493,1
37527386,42493984,1
43453658,45439204,1
17458616,53745888,1
17458616,30640652,1
04334784,04815986,1
04334784,40936968,1
04334784,15614690,1
04334784,22359452,1
04334784,13080819,1
39334969,50864376,1
39334969,54376633,1
13450053,51014733,1
13450053,19569692,1
13450053,46665447,1
13450053,27103179,1
13218914,39539728,1
13218914,83904854,1
13218914,54654214,1
13218914,27187264,1
13218914,43291241,1
21097659,21250517,1
11585897,33714406,1
11585897,53688481,1
11585897,57585889,1
11585897,57585885,1
11585897,57585886,1
11585897,24574133,1
11585897,29329295,1
11585897,57586681,1
11585897,29460787,1
11585897,57586823,1
11585897,57586012,1
12214951,28226844,1
12214951,47538064,1
12214951,23925091,1
12214951,29329280,1
12214951,29329396,1
12214951,37014309,1
34518289,39684368,1
40281864,49022989,1
07498210,29139267,1
07498210,63801575,1
07498210,51212032,1
39814966,40195862,1
39814966,47262312,1
39814966,43182281,1
39814966,48303623,1
39814966,43233967,1
39814966,54931730,1
33919956,40141062,1
33919956,53051209,1
33919956,34710513,1
54813835,55465845,1
20589457,57285529,1
20589457,53752478,1
20589457,83914226,1
20589457,27773901,1
35710975,42282730,1
34101173,34922634,1
34101173,51671142,1
40604428,45270332,1
40604428,63873012,1
40604428,46236636,1
40604428,42113124,1
40604428,44644852,1
40604428,84260843,1
08186498,14676360,1
08186498,31722214,1
08186498,52486509,1
08186498,55208432,1
08186498,37218720,1
05423058,32578872,1
14111411,16867560,1
04253381,21489543,1
18168390,29466399,1
08549558,34396959,1
08549558,45322017,1
08549558,20474705,1
08549558,34692419,1
08549558,24220440,1
08549558,44374020,1
08549558,55738822,1
08549558,16515254,1
08549558,23599276,1
08549558,14057335,1
08549558,32203973,1
04508780,09529408,1
04508780,15011981,1
04508780,83383638,1
04508780,12532690,1
04508780,05441787,1
04508780,04996064,1
04508780,08749495,1
04508780,04916201,1
04508780,23146224,1
04508780,10233096,1
54500090,83352807,1
44280448,47390859,1
44280448,45695054,1
44280448,83342162,1
44280448,52823954,1
05257336,27283131,1
05257336,11032544,1
05257336,11171191,1
05257336,47074615,1
05257336,28802660,1
05257336,18596380,1
05257336,31263248,1
05257336,57871692,1
05257336,49706701,1
05257336,42155025,1
28751132,44273325,1
28751132,32131693,1
28751132,45519286,1
04908364,43761332,1
04908364,17644735,1
04717641,38628049,1
04717641,27491793,1
04717641,34661223,1
04717641,27491714,1
04717641,49620575,1
04717641,27491827,1
04717641,07925050,1
04717641,27413530,1
04717641,27389567,1
04717641,27397410,1
04717641,09657201,1
19112682,48944851,1
21727838,34684399,1
21727838,49944478,1
07416108,08957352,1
07416108,14948086,1
09110955,25010370,1
09110955,21816179,1
09110955,39466075,1
09110955,50256091,1
07443925,48609636,1
07443925,21877142,1
07443925,26644730,1
07443925,10653175,1
54885487,83367219,1
46563024,48541645,1
46563024,49755049,1
01635958,08401854,1
01635958,56389239,1
01635958,97541765,1
31500254,47666291,1
31500254,45861983,1
31500254,55443749,1
31500254,37466456,1
31500254,54137324,1
31500254,53913111,1
31500254,55734874,1
15255821,53310898,1
15255821,26679251,1
15255821,46147657,1
15011981,20246663,1
15011981,30143000,1
15011981,44901620,1
15011981,29473452,1
15011981,33614381,1
07405193,40188027,1
05021449,11734950,1
04508950,15504991,1
04111209,21825352,1
04111209,46281097,1
04111209,50913330,1
04111209,44809715,1
32245462,37057945,1
29320798,54229231,1
29320798,57363999,1
29320798,31205691,1
29320798,58246272,1
29320798,53160102,1
29320798,32267624,1
29320798,43011102,1
29320798,38651268,1
29320798,40695263,1
29320798,32203973,1
08668308,33744433,1
08668308,09148550,1
08668308,35521714,1
08668308,15358889,1
08668308,13877821,1
08668308,11188852,1
08668308,25129117,1
08668308,18037378,1
05054671,14998020,1
05054671,50121556,1
05054671,07456063,1
11240495,49663562,1
11240495,30215127,1
11240495,39836313,1
11240495,22613765,1
11240495,47143868,1
11240495,40952709,1
11240495,39642901,1
15762958,23518553,1
31249508,45388597,1
31249508,38347237,1
14862196,33256711,1
14862196,15693111,1
14862196,24429020,1
14862196,25292639,1
14862196,46167663,1
14862196,42365622,1
14862196,54965803,1
14862196,57387226,1
14862196,25232025,1
14862196,42430618,1
14862196,25450169,1
17082466,31785092,1
17082466,56281977,1
17082466,40413419,1
17082466,40316459,1
17082466,20473085,1
51123623,84191618,1
04895751,54478206,1
09445405,30494420,1
09445405,35690146,1
09445405,19068930,1
09445405,30588807,1
09445405,31134654,1
03634478,04815986,1
03634478,40936968,1
03634478,15614690,1
03634478,22359452,1
03634478,13080819,1
03634478,04334784,1
24103019,37366665,1
24103019,63830889,1
24103019,51354213,1
24103019,26666570,1
24103019,83342162,1
24103019,28298039,1
24103019,48256984,1
24103019,34612325,1
24103019,52644030,1
08904510,26341686,1
14488131,56439858,1
14488131,30369379,1
14488131,37082268,1
14488131,17686944,1
14488131,39702115,1
14488131,26495882,1
14488131,26805909,1
14488131,26770324,1
14488131,31353578,1
15107893,50720539,1
15107893,24576409,1
15107893,32086315,1
44628771,45907536,1
05347279,84191618,1
05347279,17864138,1
05347279,10853205,1
05347279,17794978,1
05347279,20001357,1
05347279,51123623,1
05347279,39251330,1
05347279,12356451,1
00886621,33615435,1
00886621,33801385,1
00886621,19312885,1
00886621,40311143,1
23427281,48541645,1
23427281,49755049,1
23427281,46563024,1
27850782,46321970,1
27850782,31267760,1
27850782,31997431,1
27850782,57528712,1
27850782,40992970,1
27850782,33171769,1
27850782,37561095,1
27850782,38179098,1
04000710,35473462,1
04000710,13712841,1
47433488,52979675,1
47433488,47532153,1
47433488,54425045,1
47433488,54498618,1
11654469,29967625,1
11654469,15752934,1
11654469,50086253,1
11654469,26773334,1
11654469,12620846,1
11654469,34847855,1
11654469,17185268,1
11654469,43406576,1
08689524,31173964,1
08689524,32203164,1
08689524,19164024,1
08689524,27511505,1
08689524,50545443,1
08689524,12146034,1
08689524,29711707,1
08689524,21812198,1
08689524,48222642,1
08689524,56060720,1
33820664,42282295,1
33820664,49393772,1
10397026,18983720,1
10397026,42932312,1
10397026,41981831,1
10397026,51072301,1
10397026,38493454,1
10397026,50793030,1
10397026,42048940,1
10397026,39292533,1
10397026,24143145,1
10397026,50288425,1
10397026,55991912,1
09657201,11060909,1
09657201,19113461,1
09657201,40067435,1
28941775,42165186,1
28941775,57888682,1
01914777,17945714,1
01914777,04683756,1
01914777,56949552,1
01914777,14131803,1
05312424,09397802,1
05312424,19113461,1
08154120,17272704,1
08154120,28843268,1
08154120,16558094,1
01929295,04096305,1
01929295,57730109,1
01929295,25239734,1
01929295,02908166,1
03855597,18294170,1
03855597,22504851,1
14721070,54056888,1
07443970,15338940,1
07443970,38244840,1
07443970,52382054,1
07443970,14984912,1
07443970,09424775,1
37657858,46251157,1
03822902,40419922,1
03822902,63860720,1
54758331,57719959,1
54758331,58421459,1
54758331,54898502,1
46147657,53310898,1
09378439,09657201,1
09378439,27491793,1
09378439,27389567,1
09378439,27413530,1
09378439,27491714,1
09378439,27491827,1
09378439,09385552,1
09378439,09600303,1
09378439,38628049,1
09559262,58407060,1
09559262,15761957,1
09559262,17252899,1
02831019,07089052,1
02831019,11317886,1
02831019,10867199,1
02831019,09269331,1
02831019,12261028,1
02831019,37808513,1
02831019,10856814,1
02831019,04130493,1
02831019,28540547,1
02831019,05008271,1
02831019,14906923,1
44101086,44403421,1
44101086,55413071,1
44101086,54188662,1
44101086,51567044,1
44019600,49880952,1
44019600,49608411,1
44019600,49170675,1
48256984,52644030,1
31391622,58251511,1
57827317,83836114,1
34467448,48205617,1
34467448,38651976,1
10534199,57951217,1
10534199,39491373,1
10534199,47376279,1
10534199,42042237,1
10534199,21279131,1
10534199,34845752,1
04936786,08387335,1
05556103,29473452,1
07075205,45138588,1
54652073,83759910,1
28216982,53853824,1
28216982,83335448,1
28216982,30804353,1
14763193,22246741,1
34889238,44564204,1
34889238,44166548,1
40680992,50465614,1
40680992,48534725,1
33612205,55413071,1
49827342,50349654,1
06281396,37244028,1
06281396,33859709,1
06281396,44628771,1
06281396,45907536,1
22145912,53520855,1
22145912,56345917,1
22145912,26714000,1
08226449,83573931,1
08226449,47906588,1
08226449,22811037,1
43233967,47262312,1
43233967,48303623,1
43233967,54931730,1
38307996,43275147,1
38307996,48546635,1
38307996,83367466,1
38307996,40737731,1
48585237,57112877,1
48585237,54666354,1
15321276,28054556,1
48659953,48659956,1
21783481,33930331,1
21783481,24425982,1
21783481,53281247,1
21783481,48611660,1
21783481,45737222,1
21783481,53369432,1
21783481,57278636,1
15280902,54478206,1
42351594,46515622,1
25328357,38086505,1
25328357,26634582,1
25328357,47490823,1
25328357,58266450,1
25328357,34693432,1
58368647,97519130,1
53453531,83888164,1
00784879,45369095,1
42604726,51621954,1
42604726,52350217,1
42604726,53304488,1
06046912,29139267,1
06046912,63801575,1
06046912,51212032,1
06046912,06859306,1
06046912,07498210,1
21388618,22931947,1
21388618,54486914,1
21388618,47739796,1
21388618,28470670,1
21388618,35431809,1
21388618,34834598,1
21388618,51844319,1
21388618,39897231,1
10488420,14839089,1
10488420,27796490,1
10488420,49337592,1
39804464,53051209,1
39804464,49652509,1
17644498,47056541,1
17644498,20663960,1
17644498,21144580,1
30588807,35690146,1
30588807,31134654,1
16904972,18668048,1
16904972,27188364,1
16904972,48515616,1
16904972,56258608,1
04982948,58031954,1
49706701,57871692,1
03374268,55154617,1
03374268,41260285,1
03374268,45476449,1
03374268,08806801,1
03374268,17169259,1
03374268,18386898,1
11162439,32086495,1
05253601,07261102,1
05253601,30024558,1
05253601,27268940,1
05253601,14752221,1
06037193,46983900,1
12193763,83375071,1
12193763,34647404,1
12193763,49071390,1
24449772,56081840,1
24449772,41186603,1
24449772,57628134,1
07778090,57951217,1
07778090,39491373,1
07778090,47376279,1
07778090,42042237,1
07778090,21279131,1
07778090,34845752,1
04916201,23146224,1
04916201,10233096,1
46514195,51099211,1
46514195,56022035,1
46514195,55197433,1
46514195,54855999,1
30746824,40526955,1
30746824,40142478,1
30746824,41394485,1
30746824,45226832,1
30746824,40039111,1
14309414,83367466,1
05024583,45457749,1
05024583,53712175,1
05024583,32245462,1
38028570,51567127,1
38028570,63820492,1
38028570,52203046,1
38028570,63807010,1
38028570,50564262,1
22929707,39230732,1
48429715,83836114,1
48429715,53248836,1
18260926,23936082,1
18260926,57080615,1
30060978,50152207,1
06106987,08966851,1
06106987,09317458,1
06106987,28530084,1
06106987,08776680,1
06106987,10716210,1
06106987,11438135,1
06106987,15652417,1
06106987,08861576,1
06106987,11358828,1
06106987,55127081,1
06106987,28551662,1
17252899,34988408,1
20443071,44258095,1
51903677,55465845,1
51903677,52963361,1
51903677,54758331,1
51903677,53049576,1
51903677,54813835,1
38244840,47618473,1
17474408,19574915,1
22044582,25400638,1
38493454,57112877,1
11076908,48440251,1
11076908,11411491,1
11076908,53722842,1
11076908,54619214,1
11076908,54332505,1
11076908,83367219,1
11076908,47214336,1
11076908,54885487,1
04708210,05083795,1
04708210,83655282,1
05856869,08519062,1
05856869,15743065,1
05856869,27544936,1
05441787,11515099,1
05441787,16553252,1
83319640,83374231,1
42507899,57688154,1
42507899,46881535,1
42507899,52938394,1
42507899,44992655,1
42507899,46325572,1
42507899,45936724,1
42507899,45936725,1
42507899,43608949,1
10942627,14401775,1
10942627,27482326,1
10942627,46425851,1
10942627,20010590,1
10942627,42362820,1
10942627,36175231,1
10942627,30897936,1
10942627,17750713,1
04978201,39350516,1
04978201,28123922,1
04978201,57054467,1
04710943,19386958,1
06185462,35710975,1
06185462,15106901,1
06105070,33915999,1
43323685,49335807,1
24576409,32086315,1
39468581,40413419,1
39468581,40316459,1
35657820,42078747,1
05474312,18051655,1
05474312,10439660,1
05474312,14028134,1
16917302,31095759,1
16917302,41014318,1
16917302,45188649,1
16917302,44017269,1
00506826,18268274,1
00506826,37366665,1
00506826,20474705,1
00506826,06307350,1
00506826,10645837,1
00506826,24103019,1
00506826,52644030,1
04623754,11508947,1
32308609,39904597,1
27389567,34661223,1
27389567,49620575,1
27389567,27397410,1
04368467,08792120,1
04368467,13391535,1
04368467,04731519,1
04368467,57726453,1
04368467,53675536,1
04368467,07805598,1
04368467,14686260,1
04368467,04675278,1
04368467,07869058,1
04368467,54790193,1
04896890,42754199,1
04896890,51416028,1
04896890,10231587,1
04896890,27115662,1
04896890,32436480,1
04896890,04974689,1
01922510,23006602,1
01922510,04250280,1
01922510,34938447,1
01922510,41205074,1
01922510,17166598,1
01922510,46610289,1
01922510,04111209,1
30640652,53745888,1
08201747,51714217,1
47144718,55590398,1
09545653,09657201,1
10766643,43732484,1
10766643,83319640,1
49350776,52130021,1
49350776,49778923,1
03938191,07382188,1
03938191,44101099,1
03938191,39836313,1
03938191,48340963,1
07935899,18700004,1
07935899,15280902,1
07935899,11654469,1
07935899,10790748,1
22739048,22895795,1
22739048,52439075,1
02289157,52224426,1
02289157,43008468,1
02289157,27397410,1
03160202,17864138,1
45936724,52610053,1
45936724,57688154,1
45936724,45945702,1
45936724,83325381,1
45936724,46881535,1
45936724,52938394,1
45936724,55127081,1
45936724,46325572,1
45936724,53571951,1
45936724,45942603,1
45936724,45936725,1
45936724,50965558,1
16990233,43291259,1
16990233,21347373,1
16990233,17906978,1
16990233,21171923,1
16990233,16990243,1
16990233,19693476,1
16990233,16990253,1
16365944,40341393,1
41449205,56389239,1
41449205,56335061,1
41449205,97541765,1
47307390,55946671,1
02773730,22931794,1
02773730,34877670,1
02773730,22979637,1
03977654,22860105,1
03977654,83888164,1
40777020,55037698,1
40777020,43291259,1
40777020,44609947,1
40777020,45807994,1
40777020,46005113,1
40777020,52191322,1
30863841,39584007,1
30863841,55037698,1
30863841,43291259,1
30863841,44609947,1
30863841,45807994,1
30863841,46005113,1
30863841,31769289,1
30863841,52191322,1
30863841,40777020,1
29144248,33850897,1
29144248,44470034,1
29144248,57901736,1
29144248,54007941,1
29144248,42084429,1
29144248,54012325,1
40116767,47390859,1
40116767,45695054,1
40116767,83342162,1
40116767,44280448,1
40116767,52823954,1
36612155,46519597,1
36612155,56009776,1
36612155,41979455,1
36612155,58341070,1
44610631,45180493,1
44610631,50749622,1
39647543,50296978,1
39647543,41965573,1
10543566,18665213,1
27187264,39539728,1
27187264,83904854,1
27187264,54654214,1
27187264,43291241,1
44610631,57589252,1
33467657,97519130,1
07864785,28226844,1
07864785,47538064,1
07864785,23925091,1
07864785,29329280,1
07864785,29329396,1
07864785,37014309,1
10458608,20460412,1
10458608,11242257,1
10458608,12852303,1
10458608,46515622,1
10458608,13432814,1
10458608,42351594,1
37841067,44253551,1
37841067,53382721,1
40952709,49663562,1
40952709,47143868,1
52153417,83367466,1
55524217,56904767,1
55524217,56167438,1
41409445,41713084,1
41409445,83904276,1
41409445,54498618,1
14312095,53049754,1
14312095,38145465,1
14312095,27444079,1
14312095,23630901,1
14312095,45383755,1
14312095,15570465,1
14312095,51649951,1
14312095,35516935,1
01767840,02028485,1
01767840,03547690,1
01767840,04993390,1
01767840,51567127,1
01767840,63820492,1
01767840,20990430,1
01767840,12918898,1
01767840,43598601,1
01767840,52203046,1
01767840,24834742,1
01767840,14145403,1
01767840,15648147,1
01767840,33917788,1
01767840,38028570,1
01767840,20990397,1
01767840,05149879,1
01767840,14564858,1
01767840,63807010,1
01767840,50564262,1
18393658,41649624,1
18393658,23883783,1
18393658,37142602,1
18393658,48659953,1
18393658,48659956,1
04065545,44256432,1
10358896,24405076,1
10358896,43054032,1
10358896,31707647,1
17039621,40184742,1
17039621,58341070,1
38347237,45388597,1
27124998,30024558,1
27124998,46880259,1
27124998,32399536,1
27124998,47734486,1
08217446,34620138,1
37992482,57435663,1
37992482,57035228,1
37992482,57859703,1
12436847,84058981,1
12436847,19703108,1
12436847,42042106,1
12603019,20450398,1
12603019,27587364,1
12603019,44752436,1
12603019,58032296,1
13494732,57428859,1
13494732,47894259,1
13494732,55797335,1
13494732,44388670,1
13494732,57145151,1
13494732,30866642,1
13494732,51034773,1
13494732,52758567,1
13494732,51746842,1
13494732,41760460,1
35040545,40413419,1
35040545,40316459,1
31353578,33011124,1
31353578,50295356,1
31353578,83776310,1
31353578,52141673,1
31353578,45930578,1
31353578,46632259,1
31353578,53994812,1
31353578,58264935,1
13005432,47697462,1
13005432,44754250,1
13005432,13209936,1
37770513,56041165,1
38080078,49548666,1
13630029,26704555,1
13630029,51182934,1
01756601,05564703,1
01756601,04931168,1
01756601,38535572,1
15185037,34684399,1
15185037,49944478,1
15185037,15275597,1
00727346,51899399,1
00727346,39468581,1
00727346,12216087,1
00727346,37133990,1
50944200,52224426,1
11339572,52521807,1
11339572,54048782,1
11339572,22928991,1
16878140,18268274,1
16878140,37366665,1
16878140,20474705,1
16878140,24103019,1
16878140,52644030,1
16821155,57103588,1
16821155,38108994,1
28298039,41034185,1
07869058,08792120,1
07869058,13391535,1
07869058,53675536,1
49925126,83836155,1
07336180,21848243,1
07336180,15625840,1
07336180,30092434,1
16631741,20174961,1
16631741,45350684,1
57462001,83577494,1
18111277,36605025,1
40039111,40526955,1
40039111,40142478,1
40039111,41394485,1
40039111,45226832,1
04952396,07995123,1
04952396,11605690,1
26207455,51646160,1
26207455,34903229,1
26207455,45323958,1
26207455,48645197,1
26207455,44962080,1
26207455,35796094,1
15345877,41014318,1
15042491,43944195,1
15042491,30532710,1
15042491,29219683,1
15042491,30879890,1
15042491,53138231,1
15042491,55853422,1
15042491,57633381,1
15042491,29231415,1
15042491,31211327,1
15042491,55705246,1
25316468,29247839,1
25316468,45096265,1
25316468,45429712,1
25316468,46883917,1
25316468,30188335,1
25316468,28681268,1
25316468,47840357,1
25316468,48143438,1
30746245,44258095,1
08668308,44246433,1
08668308,10760586,1
08668308,09687570,1
08668308,19532039,1
08668308,13313677,1
08668308,16845198,1
08668308,10243905,1
08668308,46084556,1
08668308,11058976,1
08668308,09303787,1
08668308,27015623,1
08668308,09110945,1
08668308,11339572,1
08668308,50841256,1
14109263,42416122,1
14109263,21641541,1
14109263,32203350,1
14109263,56345223,1
20867885,20931910,1
20867885,26891612,1
05467681,24765057,1
05467681,39755161,1
27389567,45514503,1
27389567,48063233,1
27389567,83904854,1
05796110,48520164,1
05796110,19568145,1
05796110,21623664,1
05796110,56607226,1
05796110,32783115,1
05796110,11911912,1
05796110,54082777,1
05796110,37527386,1
05796110,39849493,1
05796110,42493984,1
05726886,44609947,1
05726886,14710306,1
05726886,11909509,1
05726886,83836155,1
05726886,48638604,1
05726886,37372893,1
05726886,17096246,1
05726886,49925126,1
08938822,19770132,1
39251330,84191618,1
39251330,51123623,1
39592690,41424522,1
57211830,83922005,1
17112048,36234739,1
20747693,21144580,1
01716311,34844829,1
01716311,04393626,1
10790748,18700004,1
10790748,15280902,1
10790748,11654469,1
43092012,48025044,1
43092012,44609947,1
43092012,49135720,1
26751767,30561198,1
26751767,37029327,1
26751767,27645165,1
06333651,32074588,1
06333651,10453809,1
06333651,32061497,1
06333651,37022648,1
06333651,21286441,1
06333651,32787548,1
06333651,13389856,1
01100046,35064483,1
01100046,28452640,1
01100046,47618473,1
12645993,20001357,1
12645993,29639407,1
12645993,42489131,1
12645993,29301770,1
12645993,56701497,1
12645993,29488846,1
12645993,35411970,1
04916201,34333640,1
04916201,25257333,1
04916201,29433012,1
04916201,08147568,1
15249867,56661682,1
15249867,48555717,1
15249867,22739645,1
15249867,27797487,1
15249867,48754339,1
09268761,38330743,1
09268761,45019725,1
09268761,34377250,1
08385176,11194335,1
08385176,18294170,1
08385176,15362420,1
29629465,46001783,1
29629465,83368993,1
29629465,45029722,1
27153544,52074074,1
06011816,45138588,1
06011816,07075205,1
19574915,30561198,1
19574915,21852592,1
19574915,26751767,1
19574915,37029327,1
19574915,22870183,1
19574915,27645165,1
37108624,49022989,1
37108624,40281864,1
04111209,34938447,1
04111209,41205074,1
04111209,17166598,1
04111209,46610289,1
29037515,57692882,1
29037515,34670513,1
29037515,37552830,1
20342633,26307000,1
12680608,54898502,1
12680608,63873012,1
12680608,57486261,1
12680608,35710975,1
12680608,48221291,1
12680608,14378648,1
29629465,57705545,1
27170437,55438214,1
27170437,42517074,1
27170437,41644046,1
57288974,57843588,1
52364224,63887202,1
41146559,42026878,1
41146559,42026816,1
05423074,14727495,1
05423074,35455332,1
05423074,35426244,1
03970826,42207469,1
03970826,46889802,1
03970826,29761286,1
03970826,19259160,1
03970826,45489303,1
20335130,83207902,1
20335130,26720419,1
20335130,20702538,1
30481449,58171437,1
30481449,31613883,1
30481449,54490498,1
44744502,56005916,1
05035230,44258095,1
34910828,83590638,1
04905212,35512491,1
04905212,12784795,1
04905212,09181954,1
04905212,37682669,1
04905212,18341092,1
04905212,19339615,1
04905212,08258912,1
28175584,38000142,1
28175584,39166873,1
09449456,11712835,1
34670513,57692882,1
34670513,43733001,1
34670513,37552830,1
42165186,48514425,1
42165186,44623180,1
29999452,35345991,1
29999452,46697098,1
00573636,04097980,1
00573636,20920169,1
00573636,41493205,1
00573636,48198589,1
00573636,15321276,1
00573636,10559828,1
00573636,44577379,1
00573636,24280011,1
30188335,43182281,1
30188335,48303623,1
30188335,40195862,1
30188335,47262312,1
30188335,43233967,1
06166667,39380534,1
06166667,15011981,1
06166667,10233096,1
06166667,08749495,1
19000779,58001906,1
19000779,24299929,1
19000779,39642901,1
04363040,46182869,1
04363040,22929707,1
04363040,20318219,1
04363040,44125923,1
04363040,22613198,1
04363040,54602056,1
04363040,18240017,1
46515622,46862781,1
14484483,22928991,1
43291241,83904854,1
43291241,54654214,1
35027399,56925052,1
16455522,34638734,1
19968400,24819389,1
09037966,18826846,1
52823954,83342162,1
12852383,13441262,1
12852383,15087218,1
12852383,46515622,1
12852383,13432814,1
11712682,12132917,1
11712682,48351289,1
11712682,55284964,1
11712682,58248375,1
52715767,52725302,1
52715767,54972801,1
52715767,58419253,1
39849493,48520164,1
39849493,56607226,1
39849493,54082777,1
39849493,42493984,1
18879278,35289849,1
18879278,23522994,1
43357739,52979675,1
43357739,47532153,1
43357739,54425045,1
43357739,54498618,1
43357739,47433488,1
21812198,44139918,1
44990487,83211128,1
44990487,83920470,1
06148560,45955214,1
06148560,49460205,1
06148560,54898985,1
06148560,57595213,1
03852391,06046912,1
45342072,46502075,1
45342072,53981615,1
18441952,28018412,1
18441952,83759910,1
18441952,34682252,1
18441952,49400762,1
18441952,19799456,1
18441952,54652073,1
18441952,41349841,1
06208500,15337124,1
06208500,11175333,1
06208500,53281247,1
06208500,18123389,1
06208500,45737222,1
06208500,53369432,1
49032101,63854616,1
49032101,50776147,1
49032101,52279393,1
04330842,30678141,1
44644852,45270332,1
44644852,63873012,1
44644852,46236636,1
44644852,84260843,1
51034773,57428859,1
51034773,55797335,1
51034773,52758567,1
51034773,51746842,1
34732631,54290254,1
34732631,41991291,1
08178406,14177791,1
08178406,48944851,1
38560895,42456738,1
00940420,18819000,1
00940420,04330842,1
00940420,02071117,1
00940420,34141749,1
48125531,51354213,1
48125531,83342162,1
07520084,37444553,1
06915272,43308259,1
06915272,28751132,1
06915272,37894564,1
06915272,11285757,1
06915272,36905323,1
06915272,48790338,1
06915272,55838925,1
19266161,28226844,1
19266161,47538064,1
19266161,23925091,1
19266161,29329280,1
19266161,29329396,1
19266161,37014309,1
41349841,83759910,1
41349841,49400762,1
41349841,54652073,1
04773604,33915999,1
07932841,18268274,1
07932841,37366665,1
07932841,20474705,1
07932841,10645837,1
07932841,24103019,1
07932841,52644030,1
48569264,54332505,1
48569264,53722842,1
48569264,56660430,1
48569264,54885487,1
48569264,55775552,1
10913454,54277533,1
10913454,55590398,1
10913454,47498041,1
10913454,30061889,1
10913454,15748437,1
10913454,52041941,1
10913454,24239632,1
37438204,40015013,1
37438204,51375431,1
37438204,53327451,1
22860105,46649690,1
22860105,53453531,1
24280011,41493205,1
24280011,48198589,1
24280011,44577379,1
04896759,27482302,1
04896759,35518033,1
04896759,23792780,1
04896759,13372101,1
04896759,58171437,1
04896759,38478093,1
04896759,15546463,1
04896759,34580317,1
04896759,31613883,1
04896759,15384376,1
04896759,22546522,1
04896759,54490498,1
04896759,30481449,1
04896759,24531971,1
19298476,22929707,1
48424730,53209188,1
48424730,54790193,1
48424730,57726453,1
48424730,56419404,1
05796110,40015013,1
05796110,34891754,1
05796110,51375431,1
05796110,37438204,1
05796110,53327451,1
17489587,27818002,1
17489587,53624483,1
43092012,52191322,1
43011102,53160102,1
40169079,52912260,1
40169079,43895974,1
31044915,50944342,1
31044915,48582593,1
04969879,54435963,1
04969879,12654922,1
04969879,09301397,1
09423857,22928991,1
32245462,84189950,1
32245462,50150082,1
32245462,46423577,1
32245462,50124913,1
32245462,45457749,1
32245462,53712175,1
07778090,30534814,1
07778090,15762776,1
07778090,20735238,1
07778090,30874272,1
07778090,52202571,1
07778090,21062604,1
07778090,49356704,1
07778090,10774943,1
07778090,52262984,1
25128306,45918291,1
25128306,45608047,1
25128306,27782355,1
07031623,57169353,1
07031623,56915709,1
07031623,50124913,1
07031623,57547749,1
07031623,31783432,1
02729304,39350516,1
02729304,28123922,1
02729304,57054467,1
15633754,28887812,1
21995320,49652509,1
21995320,39804464,1
42155025,47074615,1
42155025,57871692,1
42155025,49706701,1
12545515,35140119,1
12545515,57348829,1
12545515,56187505,1
12545515,18171321,1
12545515,33962479,1
44118671,47490823,1
44118671,63887202,1
44118671,52364224,1
07791787,13441262,1
07791787,48514425,1
07791787,44623180,1
07481452,56661682,1
07481452,48555717,1
07481452,22739645,1
07481452,27797487,1
07481452,48754339,1
20614990,63810774,1
20614990,55016194,1
20614990,36171778,1
20614990,26885456,1
20614990,57247625,1
39531921,45724494,1
39531921,40451386,1
39531921,57243881,1
04784037,09145788,1
54149287,55267026,1
17082466,49020752,1
15011981,50965561,1
15011981,50037335,1
15011981,42226188,1
20990397,51567127,1
20990397,43598601,1
20990397,24834742,1
20990397,38028570,1
20990397,63807010,1
20990397,50564262,1
18819000,30678141,1
16909810,44660813,1
16909810,30776537,1
16909810,53962062,1
15415504,30214709,1
15415504,21665630,1
15415504,34679456,1
11248496,56927303,1
11248496,63859474,1
11248496,53056705,1
06145428,37082268,1
06145428,26805909,1
46619378,47793404,1
46619378,55320461,1
46619378,55800799,1
46619378,52029812,1
09320398,51014733,1
09320398,19569692,1
09320398,46665447,1
09320398,13450053,1
09320398,27103179,1
22966329,27862060,1
22966329,24622016,1
22966329,27103898,1
22966329,25199679,1
22424442,54229231,1
22424442,57363999,1
22424442,31205691,1
22424442,58246272,1
22424442,53160102,1
22424442,32267624,1
22424442,22993378,1
22424442,29320798,1
22424442,43011102,1
22424442,40695263,1
22424442,32203973,1
22191310,22579220,1
22191310,23910245,1
22191310,36673863,1
22191310,27221730,1
22191310,22246741,1
29247839,43182281,1
29247839,46633075,1
29247839,48303623,1
29247839,40195862,1
29247839,47262312,1
29247839,43233967,1
44618737,45955214,1
44618737,49460205,1
44618737,54898985,1
44618737,57595213,1
16631663,20174961,1
16631663,45350684,1
22337116,38137834,1
22337116,30789357,1
22337116,54337760,1
28470290,41709713,1
24947034,46325572,1
24947034,42282295,1
24947034,49393772,1
24947034,33820664,1
24947034,33530922,1
03798252,20931910,1
03798252,26891612,1
03798252,20867885,1
48534274,57719959,1
22948210,63821433,1
22948210,49511698,1
22948210,24941006,1
23146224,83383638,1
03058698,55267026,1
03058698,36914145,1
03058698,09187569,1
03058698,83577494,1
03058698,04978201,1
03058698,56973785,1
03058698,24090419,1
03058698,54149287,1
03058698,56901344,1
06988214,24940502,1
06988214,07013648,1
06988214,15871610,1
06988214,52979675,1
06988214,28487330,1
06988214,47532153,1
06988214,54425045,1
06988214,54498618,1
06988214,23584762,1
06988214,47433488,1
06988214,43357739,1
54344984,57080615,1
54344984,57155797,1
54344984,56964544,1
54344984,55537919,1
05222349,05658525,1
05222349,10947484,1
05222349,07514378,1
08201747,38000142,1
08201747,39166873,1
08201747,28175584,1
03938191,53646810,1
04892092,11734950,1
04892092,05021449,1
21565737,40695263,1
05321252,29967625,1
05321252,15752934,1
05321252,50086253,1
05321252,26773334,1
05321252,12620846,1
05321252,34847855,1
05321252,09320398,1
05321252,05416839,1
05321252,17185268,1
05321252,15280902,1
05321252,43406576,1
05321252,11654469,1
05321252,05551841,1
54855999,56022035,1
54855999,55197433,1
55600414,56964544,1
09385552,45334700,1
09385552,27299058,1
09385552,25152209,1
09385552,53769781,1
04423027,14721971,1
53874267,58447768,1
53874267,53874270,1
53874267,55207387,1
53874267,55273088,1
53874267,54782375,1
53874267,56090606,1
53874267,54545658,1
09268385,13266769,1
09268385,15087218,1
09268385,11050213,1
09268385,11323475,1
09268385,13432814,1
09268385,29101154,1
09268385,13441262,1
09268385,09650153,1
09268385,12852303,1
09268385,10826737,1
09268385,41857347,1
09268385,46515622,1
09268385,46862781,1
09268385,12852383,1
30129747,50762504,1
12840695,35429374,1
11472533,36093790,1
11472533,22663610,1
11472533,51357212,1
29762953,55752041,1
29762953,45046766,1
38594226,52220534,1
50037335,53666283,1
10611492,42316615,1
11352691,20012838,1
11352691,46131099,1
11352691,18087152,1
11352691,14079453,1
11352691,16888835,1
37561095,46321970,1
37561095,57528712,1
37561095,40992970,1
37561095,38179098,1
45907772,52725302,1
45907772,54972801,1
45907772,58419253,1
45907772,52715767,1
00604451,50231311,1
00604451,04832721,1
00604451,14727334,1
00604451,63807010,1
00604451,13540164,1
00604451,26774151,1
00604451,57832184,1
00604451,08985066,1
00604451,04260683,1
00604451,48089475,1
00604451,36756496,1
00604451,37088883,1
00604451,04926358,1
00604451,08095318,1
00604451,04139846,1
00604451,51768121,1
00604451,63804116,1
00604451,04929683,1
00604451,13697835,1
00604451,04216876,1
00604451,01785921,1
00604451,83580423,1
00604451,01657482,1
00604451,26605604,1
00604451,83733212,1
00604451,52805783,1
00604451,05844378,1
08801891,20127020,1
08801891,46502075,1
08801891,27112886,1
08801891,14175118,1
08801891,34261920,1
08801891,38393760,1
08801891,53981615,1
08801891,42169716,1
08801891,28088981,1
08801891,30480786,1
08801891,45342072,1
08801891,34639815,1
05149879,51567127,1
05149879,43598601,1
05149879,24834742,1
05149879,33917788,1
05149879,38028570,1
05149879,63807010,1
05149879,50564262,1
17007450,22902912,1
17007450,28932396,1
17007450,35656907,1
17007450,46532733,1
17007450,50349654,1
17007450,49827342,1
17007450,24242352,1
17007450,45942415,1
44175488,57311619,1
52805783,63807010,1
52805783,57832184,1
52805783,63804116,1
52805783,83580423,1
52805783,83733212,1
51567044,55413071,1
51567044,54188662,1
10345883,55682395,1
10345883,54888684,1
10345883,20552960,1
33558652,37578286,1
33558652,39685402,1
33558652,54184008,1
33558652,42482138,1
33558652,44018916,1
33558652,47712951,1
33558652,48082781,1
33558652,43020362,1
33558652,52157392,1
07611560,39684368,1
07611560,08246259,1
07611560,08078145,1
07611560,34518289,1
14082648,33714406,1
14082648,53688481,1
14082648,57585889,1
14082648,57585885,1
14082648,57585886,1
14082648,24574133,1
14082648,29329295,1
14082648,57586681,1
14082648,29460787,1
14082648,57586823,1
14082648,57586012,1
45632934,50150082,1
45632934,46423577,1
45632934,84189950,1
32708054,54109803,1
32708054,50700607,1
32708054,52924532,1
32708054,54653109,1
18256841,21892130,1
18256841,19112682,1
18256841,56425905,1
18256841,26253928,1
18256841,55305952,1
18256841,48546635,1
18256841,34834598,1
09231635,37980824,1
09231635,83904276,1
09231635,55416678,1
09231635,54498618,1
09231635,41409445,1
49976047,52074074,1
26770324,56439858,1
26770324,30369379,1
26770324,37082268,1
26770324,39702115,1
26770324,26805909,1
26770324,31353578,1
41409445,51646160,1
08147568,34333640,1
08147568,25257333,1
08147568,15011981,1
08147568,29433012,1
08147568,10233096,1
13209936,47697462,1
13209936,44754250,1
25290831,54835851,1
25290831,44175488,1
25290831,31395178,1
44809715,46281097,1
44809715,50913330,1
22870183,30561198,1
22870183,26751767,1
22870183,37029327,1
22870183,27645165,1
04433973,10250732,1
04433973,44296529,1
04433973,55509645,1
27645165,30561198,1
27645165,37029327,1
32795299,56973785,1
32795299,56901344,1
32795299,37497562,1
32795299,54149287,1
32795299,83577494,1
10774943,30534814,1
10774943,15762776,1
10774943,20735238,1
10774943,30874272,1
10774943,52202571,1
10774943,21062604,1
10774943,49356704,1
10774943,52262984,1
24239632,54277533,1
24239632,55590398,1
24239632,47498041,1
24239632,30061889,1
24239632,52041941,1
45057377,84166024,1
04934320,37444553,1
41949880,51602879,1
41949880,63870406,1
35440665,35848562,1
35440665,44774200,1
35440665,55178104,1
35440665,48145943,1
28111886,29094192,1
28111886,49919081,1
07081633,43104321,1
07081633,29478160,1
07081633,46714247,1
07081633,44129140,1
04436761,52243975,1
04436761,35713752,1
04436761,30060831,1
04436761,53181438,1
04436761,28985098,1
27103179,51014733,1
27103179,46665447,1
24531971,27482302,1
24531971,58171437,1
24531971,31613883,1
24531971,54490498,1
07772245,56439858,1
07772245,30369379,1
07772245,17686944,1
07772245,39702115,1
07772245,12474518,1
07772245,26495882,1
07772245,09404683,1
07772245,12218992,1
07772245,14488131,1
07772245,26770324,1
07772245,31353578,1
26634582,31888227,1
26634582,35336252,1
26634582,43724649,1
26634582,42053547,1
26634582,63887202,1
26634582,52364224,1
26634582,44118671,1
11285757,43308259,1
11285757,28751132,1
11285757,33963982,1
11285757,29629465,1
11285757,16821155,1
11285757,37894564,1
11285757,36905323,1
11285757,48790338,1
11285757,55838925,1
21877142,48609636,1
21877142,43119085,1
21877142,26644730,1
40907690,48546635,1
40907690,48372268,1
27910799,41424522,1
27910799,36015353,1
27910799,39592690,1
13755682,36605025,1
36011750,48968763,1
36011750,52207979,1
26704936,34638098,1
26704936,83673434,1
26704936,44173395,1
26704936,56070207,1
02547285,47308946,1
02547285,54705939,1
02547285,38329931,1
02547285,05382685,1
51163250,55334656,1
34620138,43112763,1
17327944,51480797,1
17327944,35848562,1
17327944,25257333,1
17327944,32708852,1
17327944,44774200,1
17327944,55178104,1
17327944,35440665,1
17327944,48145943,1
02577145,57719959,1
02577145,35040545,1
02577145,12123925,1
02577145,49020752,1
02577145,51784670,1
02577145,20473085,1
02577145,39468581,1
02577145,53271619,1
02577145,17058479,1
02577145,17082466,1
02577145,56281977,1
35657820,38342928,1
35657820,49883924,1
35657820,36875084,1
17697451,27482468,1
17697451,36498730,1
32547311,56927303,1
32547311,41507783,1
32547311,63859474,1
32547311,53056705,1
14752221,30024558,1
14752221,27268940,1
24765057,34638098,1
24765057,83673434,1
24765057,44173395,1
24765057,26704936,1
15264385,36849504,1
15264385,21446561,1
15264385,63851000,1
47027121,63854616,1
47027121,50776147,1
47027121,49032101,1
11184627,55965778,1
11184627,42507899,1
26634582,48057294,1
40777481,41507783,1
38179098,40992970,1
38179098,57528712,1
14631621,45457749,1
14631621,53712175,1
14631621,32245462,1
25292639,25450139,1
25292639,29541134,1
25292639,83650374,1
25292639,48328555,1
25292639,55059900,1
25292639,46719213,1
25292639,44296529,1
25292639,46719330,1
18467112,31326583,1
18467112,33703874,1
18467112,51235640,1
18467112,27537195,1
14373109,22711023,1
14373109,54681456,1
05856869,19844527,1
05856869,53720730,1
04993390,22380291,1
04993390,53208704,1
04993390,44951938,1
04993390,46020659,1
04993390,83859231,1
15249867,28151393,1
15249867,34938447,1
15249867,45146782,1
15249867,37305998,1
15249867,31007938,1
15249867,56299393,1
04290944,45225921,1
04290944,04912788,1
04290944,22703640,1
04290944,49339816,1
10439660,15522348,1
10439660,45327140,1
10439660,53972553,1
11654469,54478206,1
36821571,44019468,1
36821571,49880952,1
36821571,49608411,1
36821571,44019600,1
36821571,49170675,1
11161770,56927303,1
11161770,63859474,1
11161770,53056705,1
12307469,18268274,1
12307469,37366665,1
12307469,20474705,1
12307469,24103019,1
12307469,52644030,1
09131179,83375071,1
09131179,34647404,1
09131179,49071390,1
09131179,12193763,1
30108825,32308609,1
34693432,38086505,1
34693432,47490823,1
34693432,58266450,1
12633984,53209188,1
12633984,18341092,1
12633984,42015688,1
12633984,54790193,1
12633984,57726453,1
12633984,20392931,1
12633984,19046130,1
12633984,48424730,1
12633984,56419404,1
12633984,14686260,1
19407373,29359372,1
19407373,37788555,1
19407373,47456294,1
19407373,42590211,1
19407373,52905513,1
19407373,28753570,1
19407373,39337501,1
36905323,43308259,1
36905323,37894564,1
36905323,48790338,1
36905323,55838925,1
31364863,33917788,1
31364863,57222755,1
31364863,63820492,1
13188854,48037555,1
13188854,54679927,1
13188854,15504991,1
13188854,50103379,1
37097695,44165332,1
37097695,50687033,1
37097695,47371485,1
07031623,17359676,1
07031623,45457749,1
07031623,53712175,1
07031623,32245462,1
07892697,39438443,1
07892697,55533661,1
07892697,29938162,1
07892697,37310226,1
31211327,57818442,1
31211327,34919721,1
52966267,56964544,1
52966267,58199211,1
52966267,55537919,1
52966267,55600414,1
04442655,06133065,1
45085822,83383638,1
49090964,63883672,1
49090964,57589252,1
49090964,50018529,1
49090964,50211451,1
31695815,44409452,1
47768563,51715500,1
47768563,50974809,1
05008271,07089052,1
05008271,11317886,1
05008271,10867199,1
05008271,09269331,1
05008271,12261028,1
05008271,37808513,1
05008271,10856814,1
05008271,28540547,1
05008271,14906923,1
04945692,63875165,1
04945692,26751767,1
04945692,10510596,1
04945692,21852592,1
04945692,17376894,1
04945692,10443098,1
15597336,41376546,1
15597336,21783481,1
56281977,57719959,1
56419404,57726453,1
44129140,46714247,1
40973845,44718023,1
40973845,43410185,1
13761383,46321970,1
13761383,31267760,1
13761383,21002392,1
13761383,31997431,1
13761383,57528712,1
13761383,40992970,1
13761383,27286873,1
13761383,33171769,1
13761383,22225546,1
13761383,27850782,1
13761383,37561095,1
13761383,38179098,1
11050213,30654074,1
11050213,34163651,1
11050213,51095821,1
05844378,50231311,1
05844378,14727334,1
05844378,63807010,1
05844378,13540164,1
05844378,26774151,1
05844378,57832184,1
05844378,08985066,1
05844378,48089475,1
05844378,36756496,1
05844378,37088883,1
05844378,08095318,1
05844378,51768121,1
05844378,63804116,1
05844378,13697835,1
05844378,83580423,1
05844378,26605604,1
05844378,83733212,1
05844378,52805783,1
10249951,40710673,1
10249951,21559650,1
53571951,57688154,1
53571951,83325381,1
33664659,50565465,1
33664659,53566131,1
33664659,48578722,1
33664659,44801964,1
17750713,27482326,1
17750713,46425851,1
17750713,20010590,1
17750713,42362820,1
17750713,36175231,1
17750713,30897936,1
42493984,48520164,1
42493984,56607226,1
42493984,54082777,1
48372268,48546635,1
08837647,33256711,1
08837647,10898375,1
08837647,15693111,1
08837647,42365622,1
08837647,54965803,1
08837647,57387226,1
08837647,42430618,1
08837647,25450169,1
08837647,14862196,1
08837647,12676701,1
08837647,09019612,1
09105861,14031461,1
09105861,42345486,1
09105861,11888791,1
09105861,29377650,1
09105861,57003730,1
09105861,30733949,1
09105861,52683891,1
09105861,40582446,1
29488846,29639407,1
29488846,42489131,1
29488846,56701497,1
29488846,35411970,1
12216087,51899399,1
12216087,39468581,1
12216087,37133990,1
53999238,55190812,1
43347791,55413071,1
33028175,33754667,1
33028175,46734202,1
54965803,57157601,1
54965803,83650374,1
54965803,55059900,1
04945627,21892130,1
04945627,19112682,1
04945627,56425905,1
04945627,26253928,1
04945627,05054671,1
04945627,14177791,1
04945627,55305952,1
04945627,48546635,1
04945627,34834598,1
04945627,18256841,1
04945627,12802777,1
49628310,83650606,1
19667707,48514425,1
19667707,44623180,1
51646160,54498618,1
20702538,83207902,1
20702538,51354213,1
20702538,34612325,1
20702538,26720419,1
20702538,26666570,1
20702538,28298039,1
20702538,83342162,1
05497400,41372115,1
05497400,33558212,1
05497400,29318625,1
05497400,24019363,1
05497400,17671920,1
05497400,40593909,1
48661347,53688481,1
48661347,57585889,1
48661347,57585885,1
48661347,57585886,1
48661347,57586681,1
48661347,57586823,1
48661347,57586012,1
33962479,35140119,1
33962479,57348829,1
33962479,56187505,1
48145943,51480797,1
48145943,55178104,1
10490771,11244721,1
10490771,34309111,1
10490771,44597273,1
10490771,10556568,1
10465894,54790193,1
10465894,57726453,1
10465894,53209188,1
10465894,45767059,1
10465894,45934751,1
10465894,14686260,1
10465894,20392931,1
10465894,20130899,1
22633097,63869226,1
22633097,55167544,1
47327635,55630308,1
47327635,47799899,1
47327635,50433212,1
26644730,48609636,1
26644730,43119085,1
44734215,53276456,1
13466770,55836697,1
13466770,20772022,1
13466770,21995320,1
08186498,30668020,1
44962080,51646160,1
44962080,45323958,1
44962080,48645197,1
39548829,40130287,1
39548829,55946671,1
17462134,39665696,1
14564858,51567127,1
14564858,43598601,1
14564858,24834742,1
14564858,38028570,1
14564858,63807010,1
14564858,50564262,1
06087277,10771275,1
06087277,40160490,1
06087277,09396095,1
06087277,08821446,1
06087277,34919721,1
06087277,17489587,1
06087277,11832551,1
06087277,30532710,1
06087277,08966851,1
06087277,18352188,1
06087277,07778090,1
06087277,14402035,1
06087277,55705246,1
09445760,13279768,1
09445760,24299910,1
09445760,46251157,1
09445760,23200237,1
09445760,52663521,1
09445760,11322001,1
09445760,32652197,1
28154395,34834598,1
28154395,83367466,1
28154395,48546635,1
28154395,52153417,1
06105070,83214148,1
06105070,09200985,1
06105070,33747285,1
06105070,27753564,1
43733001,57692882,1
57859703,58356738,1
20443071,49084736,1
22929707,47300713,1
22929707,30141307,1
22929707,37913315,1
13424484,40341393,1
40582446,42345486,1
40582446,57003730,1
40582446,52683891,1
15415504,45632934,1
46268382,50841256,1
20053965,26256356,1
20053965,52657472,1
22942965,42507899,1
22942965,45942603,1
22942965,45945702,1
22942965,83325381,1
22942965,24701795,1
12676701,33256711,1
12676701,57387226,1
12676701,25450169,1
05047900,32611060,1
05047900,44718023,1
05047900,43410185,1
05047900,40973845,1
10443098,63875165,1
12429651,53160102,1
12429651,28118627,1
12429651,32267624,1
12429651,22424442,1
30709602,39642901,1
09541000,28777198,1
09541000,83318022,1
09541000,27466183,1
04898698,57122594,1
04898698,57350474,1
04898698,09627328,1
04898698,17285246,1
11066360,28887812,1
11066360,15633754,1
05189915,06175536,1
05189915,34612325,1
05189915,28298039,1
05189915,26666570,1
05189915,14142921,1
05189915,51354213,1
19954308,45632934,1
19339615,35512491,1
19339615,37682669,1
42502934,45914643,1
18824674,54509964,1
18824674,32308609,1
15106901,27114189,1
15106901,42282730,1
15106901,35710975,1
17333156,45914646,1
17333156,47283831,1
03360923,52521807,1
03360923,04994596,1
03360923,54048782,1
03360923,22928991,1
03022224,05272874,1
03022224,14128175,1
03022224,08759700,1
05303995,24108223,1
39642901,58001906,1
51576885,54619214,1
51576885,57274451,1
37218720,52486509,1
37218720,55208432,1
37218720,37998675,1
04996064,20246663,1
04996064,30143000,1
04996064,44901620,1
04996064,29473452,1
04996064,33614381,1
11461587,29088965,1
11461587,43928404,1
11461587,25128306,1
11461587,45704669,1
27036725,33904753,1
27036725,45883575,1
27036725,33746382,1
27036725,31124535,1
34309111,36634515,1
34309111,47604896,1
34309111,44823027,1
45578249,50908405,1
45578249,46495181,1
45578249,47463212,1
45578249,45913897,1
45578249,52389398,1
45578249,54782060,1
48790338,55838925,1
31211327,32434747,1
31211327,57530722,1
20335130,22306097,1
20335130,26498970,1
33560445,49465041,1
34612325,46140895,1
34612325,48125531,1
14727495,26905157,1
40593909,41372115,1
09479966,33531272,1
34612325,41034185,1
13389856,32074588,1
13389856,32061497,1
13389856,37022648,1
13389856,21286441,1
13389856,32787548,1
12576225,49084736,1
34904839,37131191,1
08107424,09447754,1
07456063,34834598,1
07456063,14998020,1
07456063,50121556,1
07456063,19112682,1
08189096,33301872,1
08189096,30095431,1
08189096,13590728,1
08189096,51010500,1
08189096,20239662,1
22455804,37131191,1
22455804,34904839,1
23599276,34396959,1
23599276,45322017,1
23599276,34692419,1
23599276,24220440,1
23599276,44374020,1
23599276,55738822,1
23599276,32203973,1
39476297,44169030,1
39476297,58115694,1
53291502,56199303,1
34639815,46502075,1
34639815,38393760,1
34639815,53981615,1
34639815,42169716,1
34639815,45342072,1
22960942,26233642,1
22960942,33258562,1
22525317,34467448,1
22525317,33516425,1
22525317,42696750,1
05748877,50568409,1
05748877,36093790,1
05748877,08543124,1
04896890,36860331,1
04896890,11412157,1
04896890,35649285,1
04442655,05658525,1
04442655,10947484,1
04442655,07514378,1
04442655,05222349,1
04928479,06164013,1
04928479,22960942,1
04928479,15751670,1
04928479,05635107,1
04928479,51439154,1
04928479,53077471,1
07315165,17878630,1
07315165,33917987,1
44069236,57589252,1
05064462,13778280,1
05064462,35781981,1
05064462,17986326,1
05064462,26837348,1
05064462,38478097,1
05632999,31328713,1
05632999,83650606,1
05632999,41309954,1
01497021,22911135,1
01497021,46687601,1
01497021,29779458,1
01497021,10571779,1
19259160,42207469,1
19259160,20747693,1
19259160,46889802,1
19259160,29761286,1
19259160,45489303,1
30129747,32308609,1
29188492,31646791,1
31255188,50644116,1
31255188,52451608,1
20637353,57951217,1
20637353,39491373,1
20637353,47376279,1
20637353,42042237,1
20637353,21279131,1
20637353,34845752,1
12021900,57103588,1
12021900,38108994,1
12021900,29629465,1
12021900,33963982,1
12021900,16821155,1
26714000,53520855,1
26714000,56345917,1
52758567,57428859,1
52758567,55797335,1
52758567,57145151,1
07769351,11008670,1
07769351,12132917,1
07769351,48351289,1
07769351,55284964,1
07769351,11712682,1
07769351,58248375,1
33484115,37578286,1
33484115,39685402,1
33484115,54184008,1
33484115,42482138,1
33484115,44018916,1
33484115,33558652,1
33484115,47712951,1
33484115,48082781,1
33484115,43020362,1
33484115,52157392,1
26179327,27739595,1
26179327,32245462,1
26179327,37057945,1
29231415,43944195,1
29231415,30532710,1
29231415,30879890,1
29231415,53138231,1
29231415,55853422,1
29231415,57633381,1
29231415,31211327,1
29231415,55705246,1
33747285,34612325,1
33747285,83214148,1
33747285,83342162,1
33747285,51354213,1
14893907,44609158,1
21710353,26557523,1
21710353,63851000,1
32467381,41542130,1
32467381,55954553,1
32467381,34891176,1
37310226,39438443,1
37310226,55533661,1
32783115,40015013,1
32783115,34891754,1
32783115,51375431,1
32783115,37438204,1
32783115,53327451,1
10556568,11244721,1
10556568,34309111,1
10556568,44597273,1
05675678,18819000,1
05675678,05726796,1
15464267,22911135,1
15464267,50221222,1
44189820,49400987,1
42891238,55177767,1
42891238,57166504,1
01672761,28226844,1
01672761,47538064,1
01672761,23925091,1
01672761,29329280,1
01672761,29329396,1
01672761,37014309,1
04118334,52228257,1
04118334,13349467,1
04118334,32800910,1
04118334,55534246,1
04118334,51310351,1
04118334,10899584,1
04118334,23971324,1
04118334,50180210,1
08837647,27462525,1
08837647,48472865,1
21932319,29828648,1
21932319,30077364,1
21932319,49022989,1
21932319,40281864,1
21932319,37108624,1
46814523,52722554,1
50555792,55020034,1
50555792,86126653,1
20392931,45767059,1
20392931,45934751,1
08528519,33714406,1
08528519,53688481,1
08528519,57585889,1
08528519,57585885,1
08528519,57585886,1
08528519,24574133,1
08528519,29329295,1
08528519,57586681,1
08528519,29460787,1
08528519,57586823,1
08528519,57586012,1
28759993,39963747,1
28759993,45914643,1
28759993,42502934,1
28759993,37841374,1
30804353,53853824,1
30804353,83335448,1
33530922,46325572,1
33530922,42282295,1
33530922,49393772,1
33530922,33820664,1
28018412,28799388,1
28018412,37462625,1
04330842,05726796,1
04330842,05675678,1
32799115,57874352,1
08178406,14309414,1
08178406,28932294,1
39337501,47456294,1
39337501,42590211,1
39337501,52905513,1
51046785,56925048,1
51046785,84137991,1
23924068,24239365,1
23924068,39364694,1
23924068,40777482,1
23924068,34920843,1
23924068,49747088,1
23924068,41507783,1
00940420,58239904,1
12233320,45724494,1
12233320,40451386,1
12233320,30105827,1
12233320,39531921,1
12233320,27646888,1
12233320,57243881,1
34907486,45808161,1
34907486,48552524,1
34907486,83374587,1
20130899,54790193,1
20130899,57726453,1
20130899,53209188,1
20130899,45767059,1
20130899,45934751,1
20130899,20392931,1
27646888,45724494,1
27646888,40451386,1
27646888,30105827,1
27646888,39531921,1
27646888,57243881,1
24902119,29982883,1
24902119,34808701,1
24902119,48661347,1
24902119,28226844,1
24902119,47538064,1
24902119,29329280,1
24902119,29329396,1
24902119,47858418,1
24902119,48667370,1
24902119,57859208,1
24902119,48661389,1
24902119,52082507,1
24902119,37014309,1
24902119,48661339,1
30668020,37998675,1
24902119,33714406,1
24902119,53688481,1
24902119,57585889,1
24902119,57585885,1
24902119,57585886,1
24902119,29329295,1
24902119,57586681,1
24902119,29460787,1
24902119,57586823,1
24902119,57586012,1
43438958,48033200,1
20547974,33714406,1
20547974,53688481,1
20547974,57585889,1
20547974,57585885,1
20547974,57585886,1
20547974,24574133,1
20547974,29329295,1
20547974,57586681,1
20547974,29460787,1
20547974,57586823,1
20547974,57586012,1
04982948,05275206,1
08549558,26704555,1
08549558,11402578,1
08549558,51182934,1
08549558,13630029,1
05049432,45805473,1
04898060,50091280,1
04898060,05531414,1
04898060,23755979,1
54049487,54352353,1
54049487,83311464,1
54049487,58312931,1
24947034,52610053,1
24947034,57688154,1
24947034,45945702,1
24947034,83325381,1
24947034,46881535,1
24947034,52938394,1
24947034,55127081,1
24947034,44992655,1
24947034,42507899,1
24947034,45936724,1
24947034,53571951,1
24947034,45942603,1
24947034,45936725,1
24947034,50965558,1
24947034,43608949,1
19760979,28118627,1
19760979,38651268,1
19760979,22424442,1
07593016,55775552,1
07593016,48605837,1
07593016,54332505,1
07593016,32063340,1
22210067,33011124,1
22210067,27235446,1
22210067,50295356,1
22210067,83776310,1
22210067,52141673,1
22210067,45930578,1
22210067,46632259,1
22210067,53994812,1
22210067,31353578,1
22210067,58264935,1
05639153,50908405,1
05639153,46495181,1
05639153,41244771,1
05639153,45429714,1
05639153,47463212,1
05639153,45913897,1
05639153,52389398,1
05639153,08222907,1
05639153,54782060,1
05639153,45578249,1
11447622,46977523,1
11447622,51825389,1
11447622,29293158,1
04976718,40141062,1
04976718,34710513,1
13502124,14032452,1
13502124,25174833,1
04893996,08739301,1
04893996,55682395,1
04893996,54888684,1
04893996,10345883,1
04893996,20552960,1
08645489,14108947,1
44801964,50565465,1
44801964,53566131,1
44801964,48578722,1
34612325,48256984,1
34612325,63830889,1
18983720,28530084,1
18983720,55127081,1
18983720,28551662,1
54850493,57370622,1
54850493,56936038,1
26635014,32547311,1
14686260,18341092,1
14686260,42015688,1
14686260,19046130,1
14686260,48424730,1
14686260,56419404,1
14373109,56054911,1
14373109,23086489,1
14373109,27838219,1
14373109,38479011,1
14373109,57040497,1
14373109,53693498,1
14373109,52749841,1
14373109,52714865,1
14373109,50568409,1
28479893,36945372,1
27838145,58300883,1
24242352,28932396,1
24242352,35656907,1
24242352,46532733,1
24242352,50349654,1
24242352,49827342,1
24242352,45942415,1
04900684,40985669,1
36875084,38342928,1
36875084,49883924,1
15648147,57222755,1
15648147,31364863,1
07892697,38322691,1
18240017,46182869,1
18240017,22929707,1
18240017,20318219,1
18240017,44125923,1
18240017,22613198,1
18240017,54602056,1
53056705,56927303,1
53056705,55062107,1
53056705,63859474,1
04086604,38086505,1
04086604,26634582,1
04086604,47490823,1
04086604,58266450,1
04086604,25328357,1
04086604,34693432,1
37133990,51899399,1
37133990,39468581,1
19954308,45457749,1
19954308,53712175,1
19954308,32245462,1
07031623,45632934,1
09243071,25070732,1
09243071,36945372,1
09243071,13466928,1
09243071,28479893,1
08587729,18750515,1
08587729,18123389,1
08587729,35426559,1
08587729,18817255,1
08587729,31518742,1
45942603,52610053,1
45942603,57688154,1
45942603,46881535,1
45942603,52938394,1
45942603,55127081,1
45942603,46325572,1
45942603,53571951,1
45942603,50965558,1
02069180,56081840,1
02069180,41186603,1
02069180,14498674,1
02069180,57628134,1
02069180,24449772,1
19275352,39927204,1
19275352,27964315,1
19275352,26350235,1
19275352,45907772,1
19275352,29229411,1
19275352,44175488,1
07569921,44463761,1
07569921,56964544,1
07569921,58199211,1
07569921,55537919,1
07569921,44639331,1
07569921,44075904,1
07569921,55600414,1
07569921,52966267,1
07569921,21602323,1
03336298,10547801,1
03336298,03861891,1
03336298,05559345,1
05547870,50730997,1
05547870,55266608,1
05547870,34591310,1
05547870,54931730,1
05547870,51597760,1
05547870,16723623,1
04362296,55586704,1
04362296,07005751,1
04362296,31872486,1
04226407,57160313,1
04226407,23427281,1
04226407,11184627,1
04226407,42282295,1
04226407,44201627,1
05635107,15751670,1
05635107,51439154,1
05635107,53077471,1
44623180,55335287,1
44623180,57447230,1
44623180,52904599,1
44623180,51576885,1
44623180,54337634,1
44623180,57901144,1
44623180,57271936,1
44623180,48514425,1
44623180,48534725,1
44623180,57412589,1
44623180,57256870,1
44623180,55838925,1
05382685,47308946,1
05382685,54705939,1
05382685,38329931,1
05575188,19112682,1
05575188,34834598,1
05575188,83367466,1
05575188,08708911,1
05575188,08178406,1
05575188,14177338,1
05575188,48546635,1
05575188,52153417,1
05575188,28154395,1
14603843,56054911,1
14603843,23086489,1
14603843,27838219,1
14603843,38479011,1
14603843,57040497,1
14603843,53693498,1
14603843,52749841,1
14603843,52714865,1
14603843,50568409,1
38391585,46992361,1
16990253,43291259,1
16990253,21347373,1
16990253,17906978,1
16990253,21171923,1
16990253,19693476,1
45981155,83922005,1
20637353,33011124,1
20637353,27235446,1
20637353,50295356,1
20637353,52141673,1
20637353,45930578,1
20637353,46632259,1
20637353,21217025,1
20637353,53994812,1
20637353,31353578,1
20637353,22210067,1
20637353,58264935,1
09037966,18937799,1
09037966,28005376,1
16455543,44246433,1
16455543,19532039,1
16455543,16845198,1
16455543,46084556,1
16455543,27015623,1
16455543,50841256,1
13004042,25450139,1
13004042,39907822,1
13004042,57157601,1
13004042,42365622,1
13004042,29541134,1
13004042,83650374,1
13004042,18406599,1
13004042,48328555,1
13004042,42430618,1
13004042,55059900,1
13004042,46719213,1
13004042,13897581,1
13004042,24429020,1
13004042,23472709,1
13004042,44296529,1
13004042,46167663,1
13004042,15693111,1
13004042,49404135,1
13004042,46719330,1
13004042,25232025,1
13004042,25292639,1
13004042,54965803,1
13004042,14862196,1
27753564,34612325,1
27753564,83214148,1
27753564,83342162,1
27753564,28298039,1
27753564,51354213,1
27753564,33747285,1
18490210,40066165,1
18490210,42988507,1
18490210,50712229,1
18490210,18708608,1
14205367,83764449,1
14205367,34020981,1
14205367,53871498,1
14205367,57589409,1
14205367,50909961,1
14205367,56384215,1
14205367,50668156,1
14205367,32349527,1
53369432,57278636,1
49084948,54363300,1
12145552,28578389,1
12145552,24111639,1
12145552,23604235,1
12145552,43996246,1
12145552,50800787,1
12145552,32933619,1
12145552,29229919,1
12145552,31744670,1
18817255,28694027,1
18817255,34331988,1
26885456,63810774,1
26885456,55016194,1
26885456,36171778,1
26885456,57247625,1
41064297,53077471,1
48944851,83367466,1
15020277,43291259,1
15020277,21347373,1
15020277,17906978,1
15020277,21171923,1
15020277,16990216,1
15020277,16990243,1
15020277,15748239,1
15020277,16516897,1
15020277,16990222,1
15020277,19693476,1
15020277,16990233,1
15020277,16990253,1
12077482,57951217,1
12077482,39491373,1
12077482,47376279,1
12077482,42042237,1
12077482,21279131,1
12077482,34845752,1
14378648,54898502,1
14378648,63873012,1
14378648,57486261,1
14378648,35710975,1
14378648,48221291,1
27018915,30106018,1
27018915,28610706,1
27018915,45738902,1
27018915,83856187,1
41141272,54972801,1
20473085,31785092,1
20473085,40413419,1
20473085,40316459,1
17359676,56915709,1
17359676,57547749,1
17359676,26341686,1
17359676,57169353,1
37014309,48661347,1
37014309,47538064,1
37014309,47858418,1
37014309,48667370,1
37014309,57859208,1
37014309,48661389,1
37014309,52082507,1
37014309,48661339,1
09105861,34905026,1
09105861,17489551,1
09105861,51621954,1
09105861,52350217,1
09105861,23605347,1
09105861,40011155,1
09105861,10715305,1
09105861,42604726,1
09105861,21815666,1
09105861,53304488,1
51844319,54486914,1
14339442,45942412,1
14339442,37762057,1
50103379,54679927,1
43233967,46633075,1
43233967,45096265,1
43233967,46883917,1
43233967,45429712,1
43233967,47840357,1
48667370,53688481,1
48667370,57585889,1
48667370,57585885,1
48667370,57585886,1
48667370,57586681,1
48667370,57586823,1
48667370,57586012,1
37980824,58312803,1
33116487,48633627,1
33116487,36125320,1
33116487,53774922,1
33116487,44029469,1
33116487,52325585,1
46626596,83760785,1
46626596,52603474,1
46626596,53851546,1
51746842,57428859,1
51746842,55797335,1
51746842,57145151,1
51746842,52758567,1
21783481,22375502,1
21783481,36335105,1
24582596,32084868,1
18708608,40066165,1
18708608,42988507,1
18708608,50712229,1
08147568,12077482,1
08147568,19138573,1
08147568,13065972,1
08147568,20637353,1
12248669,51480797,1
12248669,35848562,1
12248669,18516869,1
12248669,25257333,1
12248669,32708852,1
12248669,26050345,1
12248669,44774200,1
12248669,21399950,1
12248669,55178104,1
12248669,35440665,1
12248669,17327944,1
12248669,48145943,1
41755716,48600293,1
41755716,42480597,1
41755716,44456724,1
15362420,18294170,1
52029812,55320461,1
52029812,55800799,1
15334501,28431884,1
15334501,18265444,1
15334501,46814523,1
13596263,37377894,1
13596263,36979777,1
13596263,45747046,1
13596263,50690936,1
13596263,42932312,1
13596263,44929051,1
43922374,48256560,1
35796094,51646160,1
35796094,45323958,1
35796094,48645197,1
35796094,44962080,1
37552830,57692882,1
37552830,43733001,1
41760460,57428859,1
41760460,47894259,1
41760460,55797335,1
41760460,44388670,1
41760460,57145151,1
41760460,51034773,1
41760460,52758567,1
41760460,51746842,1
42271355,44413346,1
10653175,48609636,1
10653175,43119085,1
10653175,21877142,1
10653175,26644730,1
29460787,33714406,1
29460787,47858418,1
29460787,53688481,1
29460787,48661389,1
29460787,57585889,1
29460787,34808701,1
29460787,57585885,1
29460787,57585886,1
29460787,48661339,1
29460787,57586681,1
29460787,29982883,1
29460787,57859208,1
29460787,52082507,1
29460787,48661347,1
29460787,48667370,1
29460787,57586823,1
29460787,57586012,1
38651268,53160102,1
04295678,30798619,1
04295678,09447193,1
04295678,04882924,1
10243905,52521807,1
10243905,54048782,1
10243905,22928991,1
14018809,21229714,1
14018809,22426242,1
14018809,57886627,1
14018809,51861009,1
14018809,33075616,1
14018809,21848243,1
14018809,47728638,1
14018809,24249629,1
14018809,55533763,1
14698658,19072960,1
14698658,55088212,1
14698658,51219805,1
14698658,24117759,1
14698658,52966267,1
14698658,20703650,1
14698658,54328041,1
14698658,17495231,1
14698658,55074806,1
14862196,25450139,1
14862196,39907822,1
14862196,57157601,1
14862196,29541134,1
14862196,83650374,1
14862196,18406599,1
14862196,48328555,1
14862196,55059900,1
14862196,46719213,1
14862196,23472709,1
14862196,44296529,1
14862196,49404135,1
14862196,46719330,1
17680127,41372115,1
17680127,33558212,1
17680127,29318625,1
17680127,24019363,1
17680127,40593909,1
46965583,48252103,1
13741088,54012325,1
13741088,42084429,1
13741088,44470034,1
13741088,57901736,1
13741088,33850897,1
13741088,54007941,1
13741088,38283892,1
31134654,35690146,1
41604880,57080615,1
41604880,57155797,1
41604880,56964544,1
41604880,55537919,1
41604880,54979011,1
36036599,57211830,1
36036599,37554911,1
11580632,40066165,1
11580632,42988507,1
11580632,16849125,1
11580632,50712229,1
11580632,18490210,1
11580632,18708608,1
09110955,51851595,1
09110955,28530322,1
09110955,52226841,1
25152209,45334700,1
25152209,27299058,1
25152209,53769781,1
32349527,83764449,1
32349527,34020981,1
32349527,53871498,1
32349527,57589409,1
32349527,50909961,1
32349527,56384215,1
32349527,50668156,1
18753050,39329738,1
18753050,23179396,1
18753050,83650606,1
18753050,41019135,1
18753050,41307302,1
07593016,45736704,1
07593016,33141526,1
07593016,53722842,1
07593016,54885487,1
07593016,48569264,1
07593016,48463108,1
18819000,58239904,1
17252899,50091280,1
17252899,23755979,1
22959779,43691330,1
22959779,36566244,1
58264935,83776310,1
50180210,51310351,1
33271390,51021523,1
40695263,53160102,1
02577145,31785092,1
02577145,40413419,1
02577145,40316459,1
04101986,56747469,1
48460634,63846356,1
03347431,31328128,1
03347431,04722112,1
03347431,45726243,1
03347431,44939083,1
04267390,45094160,1
04267390,11997328,1
04267390,52412926,1
27397410,38628049,1
27397410,27491793,1
27397410,34661223,1
27397410,27491714,1
27397410,49620575,1
27397410,27413530,1
25054717,53276456,1
25054717,43842338,1
25054717,44734215,1
04896759,36915933,1
04896759,08240622,1
04896759,43455347,1
16888835,20012838,1
16888835,46131099,1
16888835,18087152,1
38651976,48205617,1
37841374,39963747,1
37841374,45914643,1
37841374,42502934,1
09597974,33930331,1
09597974,24425982,1
09597974,53281247,1
09597974,17587264,1
09597974,14930274,1
09597974,15035294,1
09597974,48611660,1
09597974,45737222,1
09597974,21783481,1
09597974,53369432,1
09597974,57278636,1
13502124,24950634,1
41252873,45589185,1
15415504,50383902,1
15415504,37480610,1
15415504,36953059,1
15415504,33075616,1
15415504,41738095,1
15415504,55033552,1
23427281,55965778,1
23427281,42507899,1
12669568,46975916,1
12669568,32999612,1
12669568,44046392,1
55074806,55600414,1
07529937,34396959,1
07529937,45322017,1
07529937,07932878,1
07529937,20474705,1
07529937,34692419,1
07529937,24220440,1
07529937,44374020,1
07529937,55738822,1
07529937,16515254,1
07529937,08549558,1
07529937,23599276,1
07529937,14057335,1
07529937,32203973,1
09388757,10274836,1
45344812,52192449,1
55537919,55719309,1
55537919,57155797,1
55537919,56196880,1
55537919,56197324,1
55537919,57354388,1
55537919,56197605,1
55537919,57505264,1
03182288,21700206,1
03182288,54835851,1
03182288,44175488,1
03182288,10538893,1
03182288,13888791,1
03182288,31395178,1
03182288,38050329,1
03182288,25290831,1
54979011,55719309,1
54979011,57155797,1
54979011,56964544,1
54979011,56196880,1
54979011,56197324,1
54979011,57354388,1
54979011,56197605,1
54979011,57505264,1
21391028,53210341,1
21391028,50604320,1
21391028,32218488,1
21391028,56904767,1
21391028,46099558,1
21391028,56084186,1
21391028,55515834,1
21391028,42703472,1
08214717,34612325,1
08214717,22306097,1
08214717,28298039,1
08214717,10339775,1
08214717,12528293,1
08214717,26498970,1
08214717,51354213,1
08214717,83342162,1
08214717,26666570,1
08214717,20335130,1
03649565,17489587,1
03649565,57818442,1
03649565,27471769,1
03649565,27786323,1
03649565,28306797,1
03649565,31211327,1
03649565,34919721,1
21602323,44463761,1
21602323,58199211,1
21602323,44639331,1
21602323,44075904,1
21602323,55600414,1
21602323,52966267,1
11230954,13481067,1
11230954,18817255,1
11230954,37605145,1
11230954,31888421,1
19698084,42165186,1
19698084,57888682,1
19698084,28941775,1
05332919,18087152,1
05332919,35783753,1
07968392,44403421,1
07968392,55413071,1
07968392,54188662,1
07968392,26723769,1
07968392,40702960,1
07968392,10300662,1
07968392,38088444,1
07968392,44101086,1
07968392,51567044,1
44046392,46975916,1
09600303,09637395,1
34591310,40195862,1
34591310,47262312,1
34591310,43182281,1
34591310,48303623,1
34591310,39814966,1
34591310,43233967,1
28551662,44592083,1
28551662,57372381,1
55044297,56054911,1
55044297,57040497,1
39701877,54681456,1
34059823,42632898,1
25129117,33744433,1
25129117,35521714,1
11953994,12164916,1
48582593,50944342,1
31391622,53772811,1
31391622,63857395,1
08446028,12605607,1
08446028,11271879,1
08446028,83370346,1
23858415,31646791,1
23858415,29188492,1
09583034,10521956,1
09583034,48513945,1
09583034,35473839,1
09583034,26866478,1
44563813,83922005,1
49170675,49880952,1
49170675,49608411,1
45942415,46532733,1
45942415,50349654,1
45942415,49827342,1
16877048,53210341,1
16877048,50604320,1
16877048,32218488,1
16877048,56904767,1
16877048,46099558,1
16877048,56084186,1
16877048,55515834,1
16877048,42703472,1
16877048,21391028,1
13759117,15747686,1
49658771,83589358,1
27913022,48825479,1
27913022,48097704,1
27913022,43287235,1
05120223,54012325,1
05120223,42084429,1
05120223,44470034,1
05120223,57901736,1
05120223,33850897,1
05120223,07887094,1
05120223,54007941,1
05120223,38283892,1
05120223,05567029,1
05120223,13657306,1
05120223,13741088,1
45489303,46889802,1
47712951,54184008,1
47712951,48082781,1
47712951,52157392,1
53772811,58251511,1
53772811,63857395,1
26329036,57262161,1
26329036,54032852,1
26329036,63887699,1
26329036,53516343,1
04468348,13141538,1
04468348,30561198,1
04468348,37029327,1
04468348,19574915,1
04468348,22870183,1
04468348,27645165,1
34896209,51299309,1
34896209,45653558,1
34896209,52111632,1
34896209,35519913,1
27221730,36673863,1
06028654,19312885,1
06028654,57211830,1
06028654,08036041,1
06028654,46001783,1
06028654,83368993,1
06028654,45029722,1
06028654,16821155,1
06028654,29629465,1
12802777,21892130,1
12802777,19112682,1
12802777,56425905,1
12802777,26253928,1
12802777,14177791,1
12802777,55305952,1
12802777,48546635,1
12802777,34834598,1
12802777,18256841,1
16582075,40724815,1
16582075,22703189,1
37998675,52486509,1
37998675,55208432,1
18486298,31303286,1
12356451,84191618,1
12356451,17864138,1
12356451,17794978,1
12356451,20001357,1
12356451,51123623,1
12356451,39251330,1
27935946,43998797,1
27935946,47401879,1
27935946,57012991,1
27935946,57019757,1
27935946,40169079,1
27935946,29539337,1
16821155,19432332,1
16821155,56925052,1
16821155,22061323,1
16821155,35027399,1
12576225,44258095,1
02341176,27550096,1
02341176,33560445,1
02341176,57516830,1
02341176,02493009,1
02341176,13074701,1
08759700,21316122,1
08759700,14128175,1
08759700,10473495,1
03264911,52610053,1
03264911,20226275,1
03264911,07910811,1
03264911,12100025,1
03264911,57688154,1
03264911,46881535,1
03264911,52938394,1
03264911,55127081,1
03264911,44992655,1
03264911,46325572,1
03264911,33820664,1
03264911,45936724,1
03264911,53571951,1
03264911,24947034,1
03264911,45936725,1
03264911,20344098,1
03264911,50965558,1
03264911,43608949,1
07031623,26341686,1
40672565,52443748,1
40672565,47593096,1
40672565,52007020,1
40672565,57155797,1
40672565,46053439,1
40672565,58191310,1
40672565,51009087,1
55533763,57886627,1
29330322,49548666,1
29330322,38080078,1
39642901,49663562,1
39642901,39836313,1
39642901,47143868,1
39642901,40952709,1
32652197,46251157,1
32652197,52663521,1
40737557,54414413,1
40737557,97519130,1
40737557,58368647,1
07506820,56005916,1
07506820,16995727,1
07506820,41441491,1
07506820,44744502,1
38179098,46321970,1
17890717,38086505,1
17890717,42236036,1
45608047,45918291,1
26634582,41542130,1
26634582,55954553,1
26634582,32467381,1
26634582,34891176,1
57274451,57412589,1
57274451,57447230,1
57274451,57901144,1
14177338,23893018,1
14177338,22335505,1
14177338,40907690,1
14177338,48372268,1
05003249,56927303,1
05003249,10290217,1
05003249,10349450,1
05003249,55062107,1
05003249,63859474,1
05003249,32547311,1
05003249,53056705,1
30859603,33574353,1
30859603,34671172,1
08454441,20001357,1
08454441,29639407,1
08454441,42489131,1
08454441,29301770,1
08454441,11566218,1
08454441,12008310,1
08454441,56701497,1
08454441,12645993,1
08454441,29488846,1
08454441,35411970,1
34919721,57818442,1
04833448,83332908,1
04833448,53116811,1
08258912,35512491,1
08258912,13518879,1
08258912,12784795,1
08258912,09181954,1
08258912,37682669,1
08258912,18341092,1
08258912,19339615,1
22547519,51364832,1
22547519,23493593,1
22547519,52009675,1
22547519,55410102,1
22547519,33075616,1
38006053,57354388,1
38006053,41604880,1
38006053,56196880,1
38006053,56197324,1
38006053,54344984,1
38006053,55719309,1
38006053,57505264,1
38006053,56197605,1
38006053,54835289,1
08776680,37074548,1
32086315,50720539,1
28399610,44907113,1
28399610,46262578,1
28399610,55190812,1
10829499,56054911,1
10829499,23086489,1
10829499,27838219,1
10829499,46268382,1
10829499,38479011,1
10829499,53620896,1
10829499,57040497,1
10829499,53693498,1
10829499,37567308,1
10829499,52521807,1
10829499,46084556,1
10829499,52749841,1
10829499,52714865,1
10829499,44246433,1
10829499,16499871,1
10829499,50568409,1
10829499,48905309,1
10829499,49005255,1
10829499,16455522,1
10829499,53620897,1
10829499,14373109,1
10829499,14603843,1
10829499,55044297,1
10829499,52710594,1
10829499,49005717,1
14097230,46793672,1
14097230,32913189,1
26666570,33915999,1
10759158,22928991,1
04910469,54496726,1
04910469,54412717,1
04910469,56348798,1
27722405,34733870,1
09529408,55224434,1
09529408,11273197,1
18983720,20174961,1
18983720,45350684,1
13603497,44609158,1
13603497,14893907,1
31211327,43944195,1
31211327,53138231,1
31211327,55853422,1
31211327,57633381,1
31211327,55705246,1
30108077,32308609,1
30108077,30108825,1
30108077,30129747,1
18548319,30214709,1
18548319,21665630,1
18548319,34679456,1
04928297,54414413,1
04928297,07405193,1
04928297,97519130,1
04928297,16791646,1
04928297,58368647,1
04928297,40737557,1
04282279,40015013,1
04282279,34891754,1
04282279,04612766,1
04282279,51375431,1
04282279,37438204,1
04282279,05796110,1
04282279,32783115,1
04282279,53327451,1
04960530,05416839,1
04960530,10221771,1
04960530,13095405,1
18009695,30168673,1
18009695,40130287,1
18009695,23614691,1
18009695,24504221,1
18009695,55946671,1
18009695,39548829,1
19259160,29478536,1
19259160,51602879,1
19259160,24486972,1
19259160,41949880,1
19259160,63870406,1
07966126,28221371,1
07966126,11398616,1
09657201,34661223,1
09657201,49620575,1
09657201,27397410,1
04986485,09650597,1
04986485,37096754,1
04986485,48308237,1
04986485,44322244,1
04986485,47141710,1
04986485,24585352,1
04986485,23086436,1
04986485,29315940,1
22974380,56296160,1
07466621,40184742,1
07466621,58341070,1
07466621,12138104,1
07466621,17039621,1
45936725,52610053,1
45936725,57688154,1
45936725,45945702,1
45936725,83325381,1
45936725,46881535,1
45936725,52938394,1
45936725,55127081,1
45936725,46325572,1
45936725,53571951,1
45936725,45942603,1
45936725,50965558,1
34891176,41542130,1
34891176,55954553,1
63807010,63820492,1
09037957,18937799,1
09037957,28005376,1
33416812,36756459,1
05112633,18817255,1
05112633,26057084,1
40315544,83318022,1
14906923,37808513,1
14906923,28540547,1
01168026,39642901,1
01168026,17371945,1
01168026,20963424,1
12852383,13266769,1
12852383,29101154,1
12852383,41857347,1
12852383,46862781,1
54835289,57354388,1
54835289,56196880,1
54835289,56197324,1
54835289,55719309,1
54835289,57505264,1
54835289,56197605,1
14402035,40160490,1
14402035,34919721,1
14402035,30532710,1
14402035,55705246,1
51439154,53077471,1
44166548,44564204,1
01644025,58284015,1
04135861,16957165,1
04135861,30306224,1
48082781,54184008,1
48082781,52157392,1
31893051,52079366,1
43020362,54184008,1
43020362,44018916,1
43020362,47712951,1
43020362,48082781,1
43020362,52157392,1
35429374,46731605,1
21815666,34905026,1
21815666,51621954,1
21815666,52350217,1
21815666,23605347,1
21815666,40011155,1
21815666,42604726,1
21815666,53304488,1
17881579,27370604,1
17881579,30690641,1
17881579,34609503,1
15695709,50644116,1
15695709,52451608,1
15695709,31255188,1
41226380,54363300,1
41226380,49084948,1
07984371,08624482,1
07984371,14883720,1
55154690,57260815,1
04773604,05189915,1
04773604,47390859,1
04773604,45695054,1
04773604,27913379,1
04773604,44280448,1
04773604,40116767,1
04773604,52823954,1
22246741,23910245,1
22246741,36673863,1
22246741,27221730,1
14656125,29751618,1
14656125,39786136,1
14656125,37696690,1
14656125,55572124,1
44929051,45747046,1
44929051,50690936,1
11435664,14545592,1
04194748,08792120,1
04194748,13391535,1
04194748,04731519,1
04194748,57726453,1
04194748,53675536,1
04194748,07805598,1
04194748,14686260,1
04194748,04675278,1
04194748,04368467,1
04194748,07869058,1
04194748,54790193,1
06175536,83207902,1
06175536,06328911,1
06175536,26720419,1
06175536,20702538,1
08658243,18268274,1
08658243,37366665,1
08658243,20474705,1
08658243,10645837,1
08658243,24103019,1
08658243,52644030,1
04009190,07759783,1
04009190,45439204,1
04009190,43453658,1
20344098,52610053,1
20344098,57688154,1
20344098,45945702,1
20344098,83325381,1
20344098,46881535,1
20344098,52938394,1
20344098,55127081,1
20344098,44992655,1
20344098,46325572,1
20344098,24701795,1
20344098,33820664,1
20344098,42507899,1
20344098,45936724,1
20344098,53571951,1
20344098,24947034,1
20344098,45942603,1
20344098,45936725,1
20344098,22942965,1
20344098,50965558,1
20344098,43608949,1
48528560,57271936,1
48528560,52904599,1
48528560,54337634,1
48528560,55838925,1
48528560,57412589,1
48528560,48534725,1
48528560,57256870,1
48528560,54619214,1
48528560,51576885,1
48528560,57447230,1
48528560,57901144,1
48528560,57274451,1
48528560,55335287,1
04931168,26883900,1
04931168,32799115,1
04931168,57874352,1
16515254,19760979,1
07780847,57654136,1
07780847,26526339,1
07780847,11576375,1
04882924,30798619,1
04882924,09447193,1
08844507,19044542,1
08844507,53051209,1
08844507,49652509,1
08844507,39804464,1
08844507,21995320,1
52157392,54184008,1
32203973,53160102,1
32203973,32267624,1
06035543,20725561,1
06035543,07008973,1
06035543,23147576,1
45012561,57372381,1
45012561,46290445,1
15006343,28530084,1
15006343,55127081,1
15006343,28551662,1
57247625,63810774,1
04972915,20127020,1
04972915,46502075,1
04972915,27112886,1
04972915,14175118,1
04972915,34261920,1
04972915,38393760,1
04972915,53981615,1
04972915,42169716,1
04972915,28088981,1
04972915,30480786,1
04972915,45342072,1
04972915,08801891,1
04972915,34639815,1
13518879,33406765,1
13518879,33141526,1
13518879,97542173,1
26780889,53650948,1
26780889,55334119,1
08436007,83589358,1
08436007,09471801,1
08436007,33075616,1
08436007,48042327,1
08436007,29193763,1
08436007,19046130,1
10233096,23146224,1
31744670,43996246,1
31744670,50800787,1
31744670,32933619,1
17453027,21527324,1
17453027,24342692,1
17453027,53655623,1
28932294,48546635,1
28932294,34834598,1
29293158,46977523,1
29293158,51825389,1
27854205,83838839,1
27854205,50266478,1
06307709,12633433,1
34612325,37366665,1
34612325,52644030,1
28985098,52243975,1
28985098,35713752,1
28985098,30060831,1
28985098,53181438,1
04521575,38449067,1
04521575,14469777,1
04521575,23972434,1
04521575,36753763,1
02040696,11257217,1
02040696,04984746,1
02040696,29478536,1
02040696,51602879,1
02040696,24486972,1
02040696,12323900,1
02040696,41949880,1
02040696,63870406,1
02040696,19259160,1
18051655,57692882,1
18051655,34670513,1
18051655,37552830,1
22942965,52610053,1
22942965,57688154,1
22942965,46881535,1
22942965,52938394,1
22942965,55127081,1
22942965,44992655,1
22942965,46325572,1
22942965,33820664,1
22942965,45936724,1
22942965,53571951,1
22942965,24947034,1
22942965,45936725,1
22942965,50965558,1
22942965,43608949,1
14057335,34396959,1
14057335,45322017,1
14057335,20474705,1
14057335,34692419,1
14057335,55738822,1
14057335,16515254,1
14057335,23599276,1
14057335,32203973,1
00649895,01805483,1
00649895,08644666,1
00649895,08568637,1
02821137,10684429,1
02821137,43131212,1
02821137,56346714,1
02821137,44646757,1
08749495,39380534,1
19112682,28932294,1
32203973,34396959,1
32203973,45322017,1
32203973,34692419,1
32203973,55738822,1
50965558,57688154,1
50965558,83325381,1
50965558,52938394,1
46321970,83330902,1
46321970,97525770,1
14018809,24092424,1
14018809,17027710,1
52644030,63830889,1
52644030,83342162,1
38006053,55312915,1
32063340,55775552,1
32063340,48605837,1
32063340,54332505,1
32063340,56660430,1
00877374,42416122,1
00877374,21641541,1
00877374,56345223,1
24576409,47442676,1
24576409,47067196,1
24576409,47442492,1
24576409,42319873,1
05551841,29967625,1
05551841,15752934,1
05551841,50086253,1
05551841,26773334,1
05551841,12620846,1
05551841,34847855,1
05551841,09320398,1
05551841,17185268,1
05551841,15280902,1
05551841,43406576,1
05551841,11654469,1
10497222,51099211,1
10497222,28987039,1
10497222,56022035,1
10497222,55197433,1
10497222,46514195,1
10497222,54855999,1
09019612,33256711,1
09019612,10898375,1
09019612,15693111,1
09019612,24429020,1
09019612,25292639,1
09019612,46167663,1
09019612,42365622,1
09019612,54965803,1
09019612,57387226,1
09019612,25232025,1
09019612,42430618,1
09019612,25450169,1
09019612,14862196,1
09019612,12676701,1
03458174,19113461,1
03458174,17272704,1
03458174,40067435,1
03458174,11060909,1
03458174,28843268,1
03458174,16558094,1
03458174,08154120,1
03458174,08107424,1
46321970,54277533,1
46321970,55590398,1
03743349,48609636,1
03743349,43119085,1
03743349,07443925,1
03743349,21877142,1
03743349,26644730,1
03743349,10653175,1
03165104,52882279,1
03165104,07939729,1
03165104,36472393,1
03165104,83352807,1
03165104,52951606,1
03165104,54500090,1
18025830,37583720,1
18025830,43438265,1
36648048,40710540,1
36648048,54804007,1
03182558,14128175,1
03182558,14913641,1
03182558,44165332,1
03182558,50687033,1
03182558,47371485,1
03182558,37097695,1
51649951,53049754,1
27782355,45918291,1
27782355,45608047,1
20552960,55682395,1
20552960,54888684,1
05112990,63821433,1
05112990,14035257,1
05112990,49511698,1
05112990,24941006,1
05112990,19318101,1
05112990,22948210,1
16888385,53745888,1
16888385,17458616,1
16888385,30640652,1
21465835,40268091,1
08107424,17272704,1
08107424,28843268,1
08107424,16558094,1
36357201,54681456,1
52710594,56054911,1
52710594,57040497,1
52710594,53693498,1
52710594,52749841,1
52710594,52714865,1
49005717,56054911,1
49005717,57040497,1
49005717,53693498,1
49005717,52749841,1
49005717,52714865,1
49005717,50568409,1
32135776,44077684,1
10697375,22796979,1
10697375,48057294,1
10697375,15321276,1
10697375,26634582,1
55705246,55853422,1
55705246,57633381,1
33531685,45388597,1
33531685,48025044,1
33531685,44609947,1
33531685,43092012,1
33531685,49135720,1
48463108,54332505,1
48463108,53722842,1
48463108,56660430,1
48463108,54885487,1
48463108,48569264,1
48463108,55775552,1
50781406,53097214,1
36988989,45151564,1
08364901,22326952,1
08364901,21783481,1
35411970,42489131,1
35411970,56701497,1
08568637,08644666,1
11180911,55413071,1
11180911,50296978,1
11180911,19667707,1
11180911,13664105,1
11180911,41965573,1
11180911,39647543,1
11180911,43347791,1
02732909,16558404,1
02732909,29762953,1
02732909,05419815,1
04393626,34844829,1
04393626,04952396,1
22859109,52074074,1
22859109,27153544,1
05149879,57222755,1
05149879,31364863,1
57586823,57859208,1
57586012,57586681,1
57586012,57859208,1
57586012,57586823,1
39897231,54486914,1
39897231,47739796,1
39897231,51844319,1
45636574,47762995,1
18817255,47620989,1
18817255,43260350,1
05928108,07019806,1
13450053,17909341,1
44939083,45726243,1
45794655,83347427,1
41555765,55584794,1
22928991,39701877,1
22928991,52521807,1
22928991,44246433,1
22928991,46268382,1
22928991,36357201,1
22928991,37567308,1
22928991,46084556,1
22928991,54048782,1
22710690,27126551,1
14811273,51021523,1
14811273,33271390,1
18037378,33744433,1
18037378,35521714,1
18037378,25129117,1
10673280,83318303,1
10673280,30911737,1
10673280,11066360,1
10673280,22377831,1
10673280,22747837,1
23944869,49400987,1
23944869,44564204,1
23944869,31975245,1
23944869,57851937,1
55335287,57274451,1
27511505,44139918,1
35516935,53049754,1
35516935,38145465,1
35516935,45383755,1
35516935,51649951,1
32535724,58218616,1
32535724,32564773,1
31353578,56439858,1
31353578,37082268,1
31353578,39702115,1
43608949,52610053,1
43608949,57688154,1
43608949,45945702,1
43608949,83325381,1
43608949,46881535,1
43608949,52938394,1
43608949,55127081,1
43608949,44992655,1
43608949,46325572,1
43608949,45936724,1
43608949,53571951,1
43608949,45942603,1
43608949,45936725,1
43608949,50965558,1
51009087,52443748,1
51009087,52007020,1
51009087,57155797,1
51009087,58191310,1
34845752,57951217,1
34845752,39491373,1
34845752,47376279,1
34845752,42042237,1
34845752,83776310,1
13712841,35473462,1
50564262,51567127,1
50564262,63820492,1
50564262,52203046,1
50564262,63807010,1
