id,setor,soma_associados,cor_node,cnae_fiscal_principal
34599837,Outros,3,yellow,4754702
83297515,Outros,2,yellow,5091201
05054671,Outros,56,yellow,4711302
09509608,Outros,7,yellow,8630501
52279393,41 - Construção de Edifícios,23,green,4120400
12094545,41 - Construção de Edifícios,18,green,4110700
20963424,Outros,4,yellow,6120501
09320398,Outros,25,yellow,4511101
26050345,41 - Construção de Edifícios,27,green,4120400
40195862,41 - Construção de Edifícios,22,green,4110700
40011155,Outros,11,yellow,4753900
05419815,41 - Construção de Edifícios,7,green,4110700
07161493,Outros,6,yellow,4711302
10826737,41 - Construção de Edifícios,16,green,4110700
44628771,Outros,6,yellow,7112000
04267390,Outros,8,yellow,4639701
14752221,41 - Construção de Edifícios,10,green,4120400
30394439,Outros,11,yellow,4511101
10824588,Outros,25,yellow,6462000
05047900,41 - Construção de Edifícios,10,green,4120400
58312931,Outros,11,yellow,6462000
07780847,Outros,4,yellow,7490104
29460787,Outros,35,yellow,6462000
44118671,42 - Obras de Infraestrutura,12,blue,4299599
53981615,Outros,14,yellow,4771701
41186603,68 - Atividades Imobiliárias,11,red,6810202
08084503,Outros,5,yellow,9602502
04895751,Outros,18,yellow,4754701
44413346,Outros,5,yellow,4744099
36093790,68 - Atividades Imobiliárias,7,red,6810201
46268382,41 - Construção de Edifícios,68,green,4110700
24249629,Outros,14,yellow,8630599
04976718,Outros,23,yellow,4731800
04295678,Outros,4,yellow,2330302
11358828,Outros,23,yellow,5611201
08036041,41 - Construção de Edifícios,11,green,4110700
15302423,68 - Atividades Imobiliárias,6,red,6810201
14028134,Outros,17,yellow,5510801
04910063,Outros,9,yellow,4721102
07481452,Outros,11,yellow,4721103
83342162,Outros,57,yellow,4511101
33678320,Outros,4,yellow,8660700
44017269,Outros,5,yellow,6462000
20246663,Outros,10,yellow,8640206
19881161,68 - Atividades Imobiliárias,11,red,6810202
04895728,Outros,5,yellow,3514000
83838839,Outros,10,yellow,4712100
23605347,Outros,11,yellow,4753900
30024558,68 - Atividades Imobiliárias,9,red,6810202
18243450,Outros,11,yellow,5223100
30859603,Outros,12,yellow,6911701
09570790,Outros,6,yellow,3811400
06106987,68 - Atividades Imobiliárias,22,red,6810202
04928297,Outros,9,yellow,4723700
55334119,Outros,5,yellow,4679699
53077471,68 - Atividades Imobiliárias,11,red,6810202
12504222,Outros,7,yellow,0220901
52001949,Outros,5,yellow,7732201
39595428,68 - Atividades Imobiliárias,5,red,6810202
05099585,Outros,4,yellow,1921700
52207979,Outros,5,yellow,7490103
48635868,41 - Construção de Edifícios,2,green,4110700
22959779,Outros,20,yellow,4530701
07863507,Outros,4,yellow,4711302
10790748,Outros,6,yellow,4772500
25128306,68 - Atividades Imobiliárias,10,red,6810202
50288425,41 - Construção de Edifícios,19,green,4110700
17180581,Outros,3,yellow,4753900
28839535,41 - Construção de Edifícios,16,green,4110700
20226275,41 - Construção de Edifícios,34,green,4110700
28887812,Outros,3,yellow,8550302
20474705,41 - Construção de Edifícios,62,green,4110700
05574132,42 - Obras de Infraestrutura,7,blue,4211101
16888835,Outros,6,yellow,4641903
05024200,41 - Construção de Edifícios,7,green,4120400
56927303,68 - Atividades Imobiliárias,12,red,6822600
27910799,Outros,8,yellow,4321500
01049694,Outros,8,yellow,9329899
83673434,41 - Construção de Edifícios,10,green,4120400
54007941,41 - Construção de Edifícios,23,green,4120400
11428241,41 - Construção de Edifícios,3,green,4110700
20442044,41 - Construção de Edifícios,2,green,4120400
84189950,Outros,38,yellow,4541201
05402904,Outros,7,yellow,4691500
13806149,42 - Obras de Infraestrutura,3,blue,4222701
13664105,41 - Construção de Edifícios,9,green,4120400
19760979,Outros,6,yellow,0115600
22445325,Outros,4,yellow,7740300
29433012,Outros,10,yellow,4712100
30060831,41 - Construção de Edifícios,7,green,4110700
18268274,Outros,28,yellow,4731800
37497562,Outros,12,yellow,4731800
05024583,Outros,38,yellow,4511104
63821433,Outros,7,yellow,7711000
17890717,Outros,5,yellow,7111100
21995320,Outros,22,yellow,4731800
11300826,41 - Construção de Edifícios,24,green,4110700
12474518,Outros,14,yellow,4921301
14055768,Outros,8,yellow,8650099
02292657,Outros,2,yellow,3104700
23179396,Outros,9,yellow,4782202
45012561,41 - Construção de Edifícios,6,green,4110700
46619378,Outros,5,yellow,8211300
22623585,Outros,3,yellow,5223100
83650606,Outros,35,yellow,4663000
28843268,42 - Obras de Infraestrutura,9,blue,4292802
03507710,Outros,4,yellow,4645101
03350922,Outros,6,yellow,8610101
09032170,41 - Construção de Edifícios,59,green,4110700
04969879,41 - Construção de Edifícios,6,green,4110700
05548482,Outros,3,yellow,7112000
04572038,Outros,6,yellow,8640202
33462289,Outros,11,yellow,8011101
05553060,41 - Construção de Edifícios,19,green,4110700
05049432,Outros,14,yellow,4644301
28572296,41 - Construção de Edifícios,3,green,4120400
34661223,Outros,12,yellow,2330301
23472709,Outros,39,yellow,4646002
04488941,41 - Construção de Edifícios,17,green,4110700
83352807,41 - Construção de Edifícios,15,green,4110700
04820684,41 - Construção de Edifícios,9,green,4120400
10771275,41 - Construção de Edifícios,16,green,4110700
39877284,Outros,4,yellow,8512100
09235877,Outros,5,yellow,7112000
63798490,Outros,6,yellow,7711000
17327944,41 - Construção de Edifícios,27,green,4120400
03347431,Outros,5,yellow,4644301
45388597,68 - Atividades Imobiliárias,26,red,6810201
46978942,Outros,5,yellow,6462000
03105233,Outros,4,yellow,4530703
24208252,Outros,12,yellow,4321500
25054717,68 - Atividades Imobiliárias,18,red,6810201
04740841,Outros,8,yellow,8888888
05035230,Outros,14,yellow,4744099
06011816,68 - Atividades Imobiliárias,30,red,6810202
27036725,68 - Atividades Imobiliárias,13,red,6810202
20747693,68 - Atividades Imobiliárias,21,red,6810202
01273619,Outros,6,yellow,1610203
13441262,41 - Construção de Edifícios,44,green,4110700
63820492,41 - Construção de Edifícios,28,green,4120400
32805191,Outros,3,yellow,4923002
83370346,Outros,8,yellow,9329899
38479011,41 - Construção de Edifícios,26,green,4120400
05458120,Outros,6,yellow,1610203
45724494,Outros,7,yellow,4511102
83318022,42 - Obras de Infraestrutura,10,blue,4211101
43797846,Outros,4,yellow,8630504
43976615,Outros,17,yellow,7711000
51576885,68 - Atividades Imobiliárias,32,red,6810201
22547519,Outros,7,yellow,5611203
19332074,68 - Atividades Imobiliárias,12,red,6810202
04832721,Outros,29,yellow,6021700
36036599,Outros,6,yellow,7112000
22924203,Outros,7,yellow,4691500
01141049,Outros,14,yellow,4631100
11060524,Outros,14,yellow,5510801
08928777,41 - Construção de Edifícios,3,green,4110700
36171778,41 - Construção de Edifícios,19,green,4120400
44376400,Outros,6,yellow,6462000
05306518,Outros,6,yellow,7119799
54032852,Outros,10,yellow,4711302
31671814,Outros,20,yellow,4712100
03577000,Outros,9,yellow,4731800
13372101,Outros,17,yellow,6491300
54290254,Outros,5,yellow,4741500
46778045,Outros,4,yellow,7490199
09423857,41 - Construção de Edifícios,47,green,4110700
14097230,68 - Atividades Imobiliárias,5,red,6822600
04139846,Outros,29,yellow,6010100
15257090,Outros,6,yellow,4639702
10300662,41 - Construção de Edifícios,10,green,4110700
17453027,Outros,4,yellow,6920601
23983251,68 - Atividades Imobiliárias,22,red,6810201
11461587,Outros,5,yellow,7911200
29466399,Outros,3,yellow,4753900
05551841,Outros,17,yellow,6493000
04996064,41 - Construção de Edifícios,34,green,4110700
02577145,Outros,15,yellow,7112000
06866718,Outros,17,yellow,4520001
48192995,Outros,5,yellow,4724500
13540164,Outros,29,yellow,1113502
28377143,Outros,4,yellow,5611201
24486972,Outros,11,yellow,4713002
01527095,Outros,8,yellow,5611203
26434833,68 - Atividades Imobiliárias,5,red,6810202
12669568,42 - Obras de Infraestrutura,9,blue,4213800
23630901,Outros,10,yellow,6911701
05063292,Outros,19,yellow,8630503
04898060,Outros,14,yellow,4744099
21250517,41 - Construção de Edifícios,6,green,4120400
38628049,41 - Construção de Edifícios,29,green,4110700
08957352,Outros,3,yellow,4754701
04910469,Outros,8,yellow,4693100
19190380,Outros,5,yellow,4712100
28753570,Outros,9,yellow,6920601
14018809,41 - Construção de Edifícios,19,green,4110700
04430102,Outros,4,yellow,6190699
25461912,42 - Obras de Infraestrutura,3,blue,4292802
28128547,Outros,11,yellow,4722902
57859703,41 - Construção de Edifícios,11,green,4120400
34818088,Outros,2,yellow,5510801
52364224,41 - Construção de Edifícios,12,green,4120400
20073264,Outros,5,yellow,4744099
05205463,Outros,24,yellow,4693100
04301722,41 - Construção de Edifícios,2,green,4110700
01532081,Outros,13,yellow,2330302
01834520,Outros,10,yellow,5030101
11344258,Outros,7,yellow,4634603
57730109,Outros,5,yellow,6462000
44609947,Outros,41,yellow,6462000
49400762,Outros,11,yellow,6619302
55954553,Outros,8,yellow,7490104
57718865,68 - Atividades Imobiliárias,3,red,6810202
57288974,41 - Construção de Edifícios,17,green,4110700
08210284,Outros,47,yellow,7311400
17671920,Outros,15,yellow,6462000
17974572,41 - Construção de Edifícios,9,green,4120400
43733001,Outros,11,yellow,7711000
00687730,Outros,6,yellow,8011101
33820664,Outros,29,yellow,6462000
09541000,Outros,4,yellow,1031700
05585926,Outros,11,yellow,7120100
34609503,42 - Obras de Infraestrutura,6,blue,4222701
47376279,Outros,15,yellow,4744099
83589358,68 - Atividades Imobiliárias,8,red,6810202
12497824,41 - Construção de Edifícios,47,green,4110700
08064221,68 - Atividades Imobiliárias,4,red,6810202
42308659,Outros,6,yellow,6201501
37808513,Outros,12,yellow,4731800
00886621,Outros,5,yellow,5510801
27444079,Outros,10,yellow,4729602
19799456,Outros,14,yellow,4731800
47433488,Outros,12,yellow,6462000
38086505,Outros,33,yellow,8610102
09597974,41 - Construção de Edifícios,14,green,4110700
36904570,Outros,10,yellow,4744099
40777482,Outros,8,yellow,6462000
03634478,Outros,7,yellow,2073800
23454611,Outros,6,yellow,4511101
04949426,41 - Construção de Edifícios,9,green,4120400
08438379,Outros,20,yellow,4511101
24723327,41 - Construção de Edifícios,2,green,4120400
00506826,Outros,31,yellow,4511101
83777342,41 - Construção de Edifícios,2,green,4120400
32007827,42 - Obras de Infraestrutura,8,blue,4299599
02148655,Outros,5,yellow,7112000
24103019,68 - Atividades Imobiliárias,28,red,6822600
20237030,41 - Construção de Edifícios,18,green,4110700
05423074,Outros,4,yellow,4754701
49451128,41 - Construção de Edifícios,2,green,4110700
49820503,Outros,8,yellow,4541206
14488131,Outros,14,yellow,8610101
36756459,Outros,4,yellow,8610102
23018199,42 - Obras de Infraestrutura,4,blue,4221903
15748437,Outros,8,yellow,4322302
38346132,Outros,3,yellow,4744099
24250973,Outros,9,yellow,7112000
34892620,Outros,13,yellow,5211799
31007938,Outros,9,yellow,6462000
04913018,Outros,6,yellow,7490101
11171191,Outros,12,yellow,4731800
56690298,Outros,5,yellow,7732202
17900840,41 - Construção de Edifícios,4,green,4120400
83650374,Outros,29,yellow,4646002
29329295,Outros,35,yellow,6462000
12867278,68 - Atividades Imobiliárias,31,red,6810202
11128119,41 - Construção de Edifícios,29,green,4120400
39380534,Outros,6,yellow,7112000
47027121,41 - Construção de Edifícios,23,green,4110700
05147069,41 - Construção de Edifícios,12,green,4120400
11317886,Outros,12,yellow,4637199
16631663,68 - Atividades Imobiliárias,22,red,6822600
29852798,Outros,2,yellow,6491300
04103240,Outros,4,yellow,4637199
63838684,Outros,2,yellow,7711000
01037427,Outros,6,yellow,2342702
04978201,Outros,24,yellow,4774100
34638098,Outros,10,yellow,4930201
32708852,41 - Construção de Edifícios,15,green,4110700
15345877,Outros,2,yellow,4930202
42754199,Outros,8,yellow,8599603
10473495,Outros,10,yellow,4511101
50042823,Outros,6,yellow,8630599
10559828,68 - Atividades Imobiliárias,21,red,6821801
18668048,Outros,5,yellow,4712100
33917788,Outros,22,yellow,5510801
50565465,41 - Construção de Edifícios,6,green,4120400
34693432,42 - Obras de Infraestrutura,10,blue,4292801
46734773,41 - Construção de Edifícios,4,green,4110700
04893996,Outros,13,yellow,4713004
10645837,Outros,28,yellow,5510801
08776680,68 - Atividades Imobiliárias,38,red,6822600
39531921,Outros,7,yellow,4781400
53994812,Outros,19,yellow,8630504
18700004,Outros,6,yellow,4761003
10538893,41 - Construção de Edifícios,9,green,4120400
34904839,41 - Construção de Edifícios,5,green,4120400
19407373,Outros,9,yellow,9430800
57103588,Outros,7,yellow,6462000
31095759,41 - Construção de Edifícios,12,green,4120400
42048940,Outros,14,yellow,4712100
14556554,41 - Construção de Edifícios,5,green,4120400
09617159,Outros,6,yellow,4645101
14373109,41 - Construção de Edifícios,64,green,4110700
40142478,68 - Atividades Imobiliárias,7,red,6810202
44292629,Outros,2,yellow,3811400
52129220,Outros,2,yellow,4530704
13979506,41 - Construção de Edifícios,4,green,4120400
01273615,Outros,6,yellow,1011201
50180210,41 - Construção de Edifícios,15,green,4110700
26666570,Outros,51,yellow,4731800
07416108,Outros,3,yellow,4754701
97519130,68 - Atividades Imobiliárias,20,red,6822600
05403944,42 - Obras de Infraestrutura,4,blue,4211101
29329396,Outros,30,yellow,6462000
45094160,Outros,6,yellow,0220901
57530722,Outros,5,yellow,2539001
14131803,41 - Construção de Edifícios,5,green,4110700
21733430,Outros,7,yellow,7490104
52228257,41 - Construção de Edifícios,16,green,4120400
41307302,68 - Atividades Imobiliárias,9,red,6810202
25155908,42 - Obras de Infraestrutura,4,blue,4211101
07593016,Outros,14,yellow,3702900
43287235,Outros,7,yellow,8630501
05303995,41 - Construção de Edifícios,2,green,4120400
57167357,Outros,10,yellow,7112000
42282295,41 - Construção de Edifícios,18,green,4110700
45146782,Outros,9,yellow,8550302
37438204,Outros,9,yellow,8630599
05856869,42 - Obras de Infraestrutura,7,blue,4211101
43114456,Outros,8,yellow,0724301
04320354,68 - Atividades Imobiliárias,27,red,6821802
08258912,Outros,9,yellow,2330301
24375252,Outros,7,yellow,4712100
04821763,41 - Construção de Edifícios,12,green,4120400
53769781,Outros,7,yellow,8129000
11050450,41 - Construção de Edifícios,5,green,4120400
11243215,41 - Construção de Edifícios,2,green,4120400
04731519,Outros,18,yellow,0151201
00877374,41 - Construção de Edifícios,11,green,4120400
15614690,Outros,7,yellow,5022002
08401854,Outros,4,yellow,4921301
29037515,Outros,11,yellow,4511101
04965984,68 - Atividades Imobiliárias,3,red,6810202
43008468,41 - Construção de Edifícios,4,green,4120400
00768793,Outros,7,yellow,4511101
04953915,Outros,5,yellow,4674500
14134894,42 - Obras de Infraestrutura,4,blue,4211101
83319640,41 - Construção de Edifícios,15,green,4110700
52157392,Outros,14,yellow,7719502
01805483,41 - Construção de Edifícios,8,green,4120400
42411612,Outros,4,yellow,3702900
05339288,Outros,10,yellow,7711000
34580317,Outros,17,yellow,6619399
83733212,Outros,29,yellow,4541203
48222642,68 - Atividades Imobiliárias,20,red,6810201
17558597,Outros,5,yellow,8532500
20335130,Outros,57,yellow,7020400
11090652,68 - Atividades Imobiliárias,10,red,6821801
83374587,41 - Construção de Edifícios,11,green,4120400
31783432,Outros,24,yellow,4511101
10967766,68 - Atividades Imobiliárias,4,red,6810201
17945714,41 - Construção de Edifícios,5,green,4110700
63887699,Outros,10,yellow,5612100
54681456,Outros,29,yellow,8630504
22947144,68 - Atividades Imobiliárias,20,red,6810202
50604320,41 - Construção de Edifícios,14,green,4110700
13279768,Outros,9,yellow,7820500
17686944,Outros,14,yellow,5223100
04086604,Outros,7,yellow,4635402
38313382,Outros,3,yellow,4930202
00673263,68 - Atividades Imobiliárias,5,red,6821802
07443925,Outros,10,yellow,4711302
29629465,41 - Construção de Edifícios,30,green,4110700
22365949,41 - Construção de Edifícios,6,green,4120400
42416122,Outros,6,yellow,5611201
26207455,Outros,7,yellow,4729699
23792780,Outros,17,yellow,6204000
42345486,41 - Construção de Edifícios,20,green,4110700
41244771,Outros,12,yellow,6462000
05083142,Outros,3,yellow,8630506
50433212,Outros,4,yellow,6491300
29565748,Outros,4,yellow,4753900
04417594,Outros,20,yellow,4530705
28932294,41 - Construção de Edifícios,8,green,4120400
39640595,41 - Construção de Edifícios,4,green,4120400
47618473,Outros,5,yellow,4744099
15652417,68 - Atividades Imobiliárias,20,red,6810203
11580632,Outros,7,yellow,7911200
32131693,68 - Atividades Imobiliárias,13,red,6810203
07102250,41 - Construção de Edifícios,11,green,4120400
83209072,Outros,5,yellow,6622300
44901620,Outros,10,yellow,6462000
05068564,42 - Obras de Infraestrutura,4,blue,4299599
31326583,41 - Construção de Edifícios,6,green,4110700
29101154,Outros,16,yellow,9603301
05905647,42 - Obras de Infraestrutura,5,blue,4299599
07451673,Outros,20,yellow,4530705
26495882,Outros,14,yellow,4661300
14926827,Outros,4,yellow,6462000
83335448,Outros,8,yellow,4645101
04612766,Outros,9,yellow,6190601
46495181,41 - Construção de Edifícios,15,green,4110700
29359372,Outros,9,yellow,1063500
32137431,Outros,12,yellow,6462000
52309305,41 - Construção de Edifícios,3,green,4120400
83914226,Outros,9,yellow,4731800
38356976,41 - Construção de Edifícios,8,green,4120400
29722140,Outros,2,yellow,0220901
41309954,68 - Atividades Imobiliárias,5,red,6810202
33075616,Outros,42,yellow,8650099
04820502,41 - Construção de Edifícios,7,green,4120400
43293047,Outros,6,yellow,4789004
49020752,Outros,12,yellow,6920601
30060978,Outros,9,yellow,4711302
13518879,68 - Atividades Imobiliárias,15,red,6810201
31632502,68 - Atividades Imobiliárias,9,red,6821802
01100046,42 - Obras de Infraestrutura,10,blue,4211101
16990222,68 - Atividades Imobiliárias,16,red,6810202
14710390,68 - Atividades Imobiliárias,7,red,6810201
04916201,41 - Construção de Edifícios,24,green,4110700
20587643,Outros,6,yellow,5620101
39280486,68 - Atividades Imobiliárias,2,red,6821801
39150077,Outros,3,yellow,4753900
05257336,41 - Construção de Edifícios,12,green,4120400
17096222,41 - Construção de Edifícios,3,green,4120400
15693111,68 - Atividades Imobiliárias,36,red,6810202
04708210,Outros,8,yellow,0210107
30561198,Outros,14,yellow,4763603
28151393,Outros,9,yellow,0133401
02743288,Outros,6,yellow,7711000
02316468,Outros,6,yellow,0220901
10829499,Outros,36,yellow,6462000
07959061,Outros,3,yellow,8513900
03264911,Outros,27,yellow,8610101
47906588,Outros,4,yellow,7112000
06297912,Outros,7,yellow,4921301
14057335,41 - Construção de Edifícios,19,green,4120400
21309046,Outros,5,yellow,8211300
11438135,68 - Atividades Imobiliárias,26,red,6810201
04908364,68 - Atividades Imobiliárias,4,red,6810202
83888164,Outros,7,yellow,4772500
09479966,Outros,2,yellow,4781400
06970410,Outros,20,yellow,4530702
14884312,Outros,20,yellow,8291100
32203973,41 - Construção de Edifícios,35,green,4110700
48025044,Outros,17,yellow,7740300
20990430,41 - Construção de Edifícios,28,green,4110700
31888227,Outros,12,yellow,3702900
28530322,Outros,8,yellow,7020400
29229919,Outros,10,yellow,7490199
20990397,41 - Construção de Edifícios,29,green,4110700
04358841,Outros,7,yellow,8610101
07951027,Outros,6,yellow,6462000
20646718,Outros,10,yellow,4712100
01313486,Outros,3,yellow,3314710
17906978,42 - Obras de Infraestrutura,16,blue,4299599
41252873,Outros,5,yellow,8610101
18975745,Outros,3,yellow,4771701
55775552,42 - Obras de Infraestrutura,13,blue,4291000
04303589,41 - Construção de Edifícios,13,green,4120400
10439660,41 - Construção de Edifícios,17,green,4110700
04899548,Outros,2,yellow,1099699
57540564,41 - Construção de Edifícios,5,green,4120400
15633754,Outros,3,yellow,8599605
07013648,Outros,12,yellow,4744099
54012325,41 - Construção de Edifícios,23,green,4120400
12429651,68 - Atividades Imobiliárias,28,red,6810201
16516897,42 - Obras de Infraestrutura,16,blue,4299599
38028570,41 - Construção de Edifícios,20,green,4120400
83320846,Outros,5,yellow,6920601
27752838,Outros,7,yellow,8610102
27491714,41 - Construção de Edifícios,21,green,4110700
51768121,Outros,29,yellow,4773300
44609158,68 - Atividades Imobiliárias,7,red,6821801
26243692,Outros,8,yellow,4930202
09317458,41 - Construção de Edifícios,20,green,4110700
05006978,Outros,4,yellow,1733800
02164629,Outros,13,yellow,4639701
38137834,Outros,7,yellow,4530701
05303828,Outros,11,yellow,4731800
06218272,Outros,4,yellow,9601701
17082466,41 - Construção de Edifícios,21,green,4110700
25232025,Outros,38,yellow,1041400
57112877,68 - Atividades Imobiliárias,9,red,6810201
06970421,Outros,20,yellow,2212900
09101211,41 - Construção de Edifícios,3,green,4110700
17551434,68 - Atividades Imobiliárias,4,red,6810202
50700607,Outros,7,yellow,4744099
15006343,41 - Construção de Edifícios,22,green,4110700
51715500,Outros,7,yellow,5221400
07008973,Outros,8,yellow,1121600
15415504,68 - Atividades Imobiliárias,37,red,6822600
25239734,41 - Construção de Edifícios,5,green,4120400
06957217,41 - Construção de Edifícios,17,green,4110700
36365162,Outros,8,yellow,4774100
03360923,Outros,47,yellow,7311400
51480797,41 - Construção de Edifícios,18,green,4120400
63841076,42 - Obras de Infraestrutura,9,blue,4213800
32787548,Outros,12,yellow,0810099
26866478,41 - Construção de Edifícios,6,green,4120400
04931168,41 - Construção de Edifícios,15,green,4120400
41297076,41 - Construção de Edifícios,23,green,4120400
41749943,Outros,4,yellow,4743100
57692882,68 - Atividades Imobiliárias,9,red,6810202
41326933,68 - Atividades Imobiliárias,2,red,6810202
15384376,Outros,17,yellow,6201501
04584866,Outros,4,yellow,5510801
46198824,Outros,5,yellow,4511101
55565994,Outros,3,yellow,4929902
20735238,Outros,15,yellow,4781400
01674244,68 - Atividades Imobiliárias,3,red,6810201
14035257,Outros,7,yellow,0133401
18265444,41 - Construção de Edifícios,5,green,4120400
36478695,41 - Construção de Edifícios,4,green,4120400
15821368,Outros,5,yellow,7112000
22335505,Outros,9,yellow,7020400
02493009,Outros,6,yellow,5239799
57458124,Outros,4,yellow,6462000
42155025,41 - Construção de Edifícios,12,green,4120400
14823178,Outros,3,yellow,8121400
42548649,Outros,7,yellow,0230600
35783753,Outros,3,yellow,4744099
40268091,Outros,4,yellow,4744099
39438443,Outros,5,yellow,4712100
11888791,Outros,10,yellow,4645101
35690146,Outros,7,yellow,5239701
05061494,41 - Construção de Edifícios,5,green,4120400
46889802,Outros,9,yellow,9329899
27786323,Outros,8,yellow,4713002
05970806,Outros,6,yellow,4679699
05796110,Outros,18,yellow,8630503
21316388,Outros,3,yellow,7732201
04550406,Outros,2,yellow,5510801
43598601,41 - Construção de Edifícios,20,green,4110700
30108825,Outros,8,yellow,6462000
22044582,68 - Atividades Imobiliárias,18,red,6810202
43323685,Outros,4,yellow,5239701
37913315,Outros,4,yellow,4771701
24070210,Outros,3,yellow,8211300
14625319,41 - Construção de Edifícios,45,green,4110700
18240017,Outros,8,yellow,4635499
05506822,41 - Construção de Edifícios,20,green,4120400
83904854,41 - Construção de Edifícios,15,green,4120400
16845198,41 - Construção de Edifícios,46,green,4110700
11060909,41 - Construção de Edifícios,19,green,4110700
15232790,Outros,6,yellow,4633801
06990599,Outros,20,yellow,4530705
08698617,41 - Construção de Edifícios,6,green,4110700
27078567,Outros,5,yellow,4930201
09020092,Outros,8,yellow,6462000
13505538,Outros,6,yellow,8513900
58415768,Outros,7,yellow,6463800
40737557,Outros,8,yellow,7319002
34847855,Outros,17,yellow,7820500
24765057,41 - Construção de Edifícios,15,green,4110700
63847792,41 - Construção de Edifícios,4,green,4120400
58022109,Outros,6,yellow,8121400
11244721,Outros,6,yellow,4784900
04513417,Outros,11,yellow,5231102
03022224,68 - Atividades Imobiliárias,10,red,6810201
24242352,41 - Construção de Edifícios,11,green,4120400
42554695,68 - Atividades Imobiliárias,4,red,6810202
40196036,Outros,6,yellow,4541206
50965561,68 - Atividades Imobiliárias,8,red,6810202
49046200,68 - Atividades Imobiliárias,10,red,6810202
34834598,41 - Construção de Edifícios,56,green,4110700
29038576,Outros,4,yellow,4731800
11734950,Outros,3,yellow,7112000
13123494,68 - Atividades Imobiliárias,15,red,6822600
56925052,Outros,8,yellow,6462000
33770624,Outros,5,yellow,9602502
14698658,Outros,11,yellow,3811400
04926358,Outros,29,yellow,6010100
07182391,41 - Construção de Edifícios,12,green,4110700
10497222,68 - Atividades Imobiliárias,10,red,6810202
03534028,Outros,3,yellow,4322302
52963361,Outros,9,yellow,4723700
17214358,Outros,7,yellow,5611203
10453809,Outros,12,yellow,4731800
04290944,Outros,9,yellow,8610101
26949965,68 - Atividades Imobiliárias,5,red,6810202
04093094,41 - Construção de Edifícios,19,green,4120400
37554911,Outros,6,yellow,8211300
28470290,41 - Construção de Edifícios,9,green,4110700
04200517,41 - Construção de Edifícios,7,green,4120400
12232180,Outros,3,yellow,7820500
16775498,Outros,14,yellow,6920601
15625840,Outros,14,yellow,7719599
44296529,41 - Construção de Edifícios,32,green,4110700
38179098,41 - Construção de Edifícios,14,green,4110700
36860331,Outros,4,yellow,7112000
57211830,Outros,18,yellow,6462000
43054032,Outros,6,yellow,4781400
04722070,41 - Construção de Edifícios,4,green,4120400
24585147,68 - Atividades Imobiliárias,20,red,6810202
50568409,Outros,29,yellow,6462000
57260815,Outros,11,yellow,6462000
37082268,Outros,21,yellow,6201501
40419922,Outros,3,yellow,7112000
31569431,Outros,6,yellow,4632001
15353395,Outros,9,yellow,4729699
10699777,Outros,6,yellow,6463800
45808143,68 - Atividades Imobiliárias,4,red,6810202
53271619,41 - Construção de Edifícios,21,green,4120400
43119085,68 - Atividades Imobiliárias,10,red,6810202
54662724,68 - Atividades Imobiliárias,8,red,6810202
15107893,Outros,4,yellow,4329104
46325572,Outros,29,yellow,6462000
55197433,Outros,7,yellow,4712100
29293158,Outros,4,yellow,2852600
83577494,Outros,24,yellow,4511103
00995543,42 - Obras de Infraestrutura,5,blue,4292802
16631741,68 - Atividades Imobiliárias,22,red,6822600
05726886,68 - Atividades Imobiliárias,28,red,6810201
26723769,41 - Construção de Edifícios,10,green,4110700
21489011,Outros,7,yellow,4782201
29576393,Outros,4,yellow,8541400
49419600,68 - Atividades Imobiliárias,5,red,6810201
14113625,Outros,6,yellow,1020102
54933735,41 - Construção de Edifícios,4,green,4120400
43163459,Outros,5,yellow,4781400
14767246,68 - Atividades Imobiliárias,18,red,6810201
83308593,41 - Construção de Edifícios,11,green,4120400
15358889,Outros,14,yellow,6462000
01532873,Outros,6,yellow,8630503
83760785,41 - Construção de Edifícios,7,green,4120400
13755682,68 - Atividades Imobiliárias,17,red,6822600
30746245,Outros,14,yellow,5611201
35289849,68 - Atividades Imobiliárias,14,red,6810203
01965495,Outros,24,yellow,4511101
15648147,41 - Construção de Edifícios,28,green,4110700
54332505,42 - Obras de Infraestrutura,22,blue,4291000
34954848,Outros,2,yellow,4722901
18294170,68 - Atividades Imobiliárias,10,red,6822600
30935087,Outros,4,yellow,4744099
53138231,Outros,14,yellow,8291100
20344098,Outros,26,yellow,5510801
37029327,Outros,14,yellow,4930202
84166024,Outros,5,yellow,4511102
09163579,Outros,38,yellow,6462000
02729304,Outros,27,yellow,7731400
38088444,41 - Construção de Edifícios,33,green,4110700
04945200,Outros,5,yellow,7112000
43543406,Outros,5,yellow,8630599
63873012,41 - Construção de Edifícios,22,green,4120400
33744433,Outros,14,yellow,7311400
34938447,Outros,16,yellow,4639701
19331137,Outros,6,yellow,7732201
33260091,41 - Construção de Edifícios,6,green,4120400
02671917,Outros,24,yellow,0151201
27774887,42 - Obras de Infraestrutura,13,blue,4222701
42226877,Outros,5,yellow,5611201
17489587,41 - Construção de Edifícios,36,green,4110700
17062826,Outros,5,yellow,4751201
06307709,42 - Obras de Infraestrutura,5,blue,4292802
08739301,Outros,7,yellow,6190601
50465614,Outros,3,yellow,7020400
08454441,Outros,21,yellow,3520402
46719213,42 - Obras de Infraestrutura,29,blue,4299599
30481449,68 - Atividades Imobiliárias,17,red,6810201
47283831,Outros,7,yellow,4781400
28695170,Outros,4,yellow,9412099
34612325,Outros,51,yellow,4530703
05189915,Outros,24,yellow,4635402
06105070,68 - Atividades Imobiliárias,57,red,6810202
55334656,Outros,4,yellow,9313100
51419439,42 - Obras de Infraestrutura,3,blue,4211101
37108624,Outros,6,yellow,1610203
09308194,Outros,7,yellow,6462000
44549511,42 - Obras de Infraestrutura,7,blue,4221902
03822902,Outros,3,yellow,9430800
04982484,Outros,15,yellow,9312300
12064115,Outros,6,yellow,9491000
07315165,Outros,3,yellow,0220901
58218616,Outros,6,yellow,7112000
04920450,Outros,9,yellow,2212900
45861983,42 - Obras de Infraestrutura,16,blue,4211101
05275206,Outros,2,yellow,4632001
49472451,42 - Obras de Infraestrutura,4,blue,4221902
05083795,Outros,3,yellow,5611203
05416839,Outros,20,yellow,8299799
04895755,Outros,4,yellow,9491000
04898425,Outros,5,yellow,2320600
06926176,Outros,3,yellow,4783101
45039499,Outros,7,yellow,9430800
28694027,Outros,5,yellow,0220906
09318628,Outros,2,yellow,9430800
51583724,Outros,9,yellow,9329899
08012723,Outros,3,yellow,9430800
04720868,Outros,14,yellow,4681802
83346940,Outros,4,yellow,4693100
07514378,Outros,5,yellow,4313400
83383638,Outros,25,yellow,4511103
19072960,42 - Obras de Infraestrutura,17,blue,4211101
63859474,Outros,13,yellow,8711502
05261642,Outros,3,yellow,1031700
55267026,Outros,12,yellow,9430800
34633669,Outros,5,yellow,5021101
09388757,41 - Construção de Edifícios,10,green,4120400
49995070,41 - Construção de Edifícios,4,green,4120400
03605887,Outros,12,yellow,8513900
83836155,Outros,16,yellow,6010100
04991097,68 - Atividades Imobiliárias,3,red,6810202
43488153,Outros,7,yellow,7112000
24117759,Outros,12,yellow,3811400
16888385,Outros,5,yellow,8550301
08189096,Outros,6,yellow,9430800
45945702,Outros,27,yellow,3511502
44046392,Outros,6,yellow,9430800
27544936,Outros,4,yellow,9319199
34647404,41 - Construção de Edifícios,8,green,4120400
83315408,Outros,5,yellow,6424703
14991000,Outros,6,yellow,9430800
52007020,42 - Obras de Infraestrutura,21,blue,4211101
04990461,Outros,3,yellow,0151201
35517834,68 - Atividades Imobiliárias,3,red,6810202
21446561,Outros,4,yellow,8511200
09447193,Outros,4,yellow,8550301
55317647,42 - Obras de Infraestrutura,3,blue,4211101
04929683,Outros,29,yellow,5812301
52220534,Outros,4,yellow,0161099
11257217,Outros,11,yellow,8513900
03030497,Outros,10,yellow,7500100
56964544,42 - Obras de Infraestrutura,26,blue,4211101
05658525,42 - Obras de Infraestrutura,5,blue,4299599
13380006,42 - Obras de Infraestrutura,6,blue,4221901
00689953,Outros,6,yellow,4754701
34817320,Outros,9,yellow,0210199
14545592,Outros,3,yellow,8550302
14252210,Outros,3,yellow,9499500
31872486,42 - Obras de Infraestrutura,6,blue,4212000
07466621,Outros,6,yellow,9430800
48780328,42 - Obras de Infraestrutura,17,blue,4213800
14998020,Outros,6,yellow,9430800
04730412,Outros,10,yellow,0151201
04979092,Outros,9,yellow,9430800
28539451,42 - Obras de Infraestrutura,6,blue,4221902
48303623,42 - Obras de Infraestrutura,22,blue,4222701
53713512,Outros,11,yellow,7112000
01871628,Outros,3,yellow,9430800
19044542,Outros,8,yellow,9491000
34638734,Outros,18,yellow,9412099
09109396,Outros,5,yellow,9499500
04905212,Outros,11,yellow,0899199
05334174,Outros,29,yellow,9430800
30061889,Outros,8,yellow,9411100
04205550,Outros,22,yellow,9430800
26498970,Outros,14,yellow,8591100
27263285,Outros,4,yellow,9430800
02432866,Outros,5,yellow,0151201
28575953,Outros,4,yellow,9499500
07529937,Outros,15,yellow,9430800
04135703,Outros,10,yellow,9430800
18474448,Outros,4,yellow,9430800
04815986,Outros,7,yellow,9430800
02372380,Outros,7,yellow,8593700
05255146,Outros,3,yellow,6010100
02575493,Outros,5,yellow,9430800
08157492,Outros,3,yellow,9430800
46793672,Outros,5,yellow,9430800
05547870,Outros,8,yellow,4639701
04981858,Outros,5,yellow,9430800
10958946,Outros,2,yellow,9499500
05008271,Outros,12,yellow,4789099
34624874,41 - Construção de Edifícios,6,green,4120400
37525866,Outros,2,yellow,9499500
48722769,Outros,14,yellow,3511502
07966126,Outros,3,yellow,9491000
11175810,Outros,3,yellow,8513900
01913873,Outros,2,yellow,9430800
15294663,41 - Construção de Edifícios,3,green,4120400
11260715,Outros,17,yellow,9430800
10244952,Outros,4,yellow,0151201
04309785,Outros,10,yellow,8630599
23688558,Outros,10,yellow,9499500
26701233,Outros,6,yellow,8550301
22739048,Outros,4,yellow,9430800
50708096,Outros,7,yellow,9430800
56281977,Outros,15,yellow,9499500
36638478,Outros,9,yellow,9491000
18249506,Outros,7,yellow,9493600
09058202,Outros,10,yellow,9499500
07019806,41 - Construção de Edifícios,7,green,4120400
03798252,Outros,4,yellow,9430800
45291116,Outros,3,yellow,9491000
41556977,41 - Construção de Edifícios,18,green,4120400
18449805,Outros,5,yellow,9499500
46883917,42 - Obras de Infraestrutura,32,blue,4222701
22948210,41 - Construção de Edifícios,7,green,4120400
13652047,Outros,7,yellow,9491000
08985066,Outros,29,yellow,9430800
52382054,Outros,7,yellow,4623199
45519286,Outros,12,yellow,9499500
03822978,Outros,3,yellow,9430800
03413610,Outros,11,yellow,4755501
45383755,Outros,10,yellow,9499500
55074806,42 - Obras de Infraestrutura,13,blue,4212000
37700829,Outros,9,yellow,3511502
09637395,41 - Construção de Edifícios,5,green,4120400
04573978,Outros,7,yellow,9312300
18273708,Outros,5,yellow,8112500
06988214,Outros,12,yellow,1011201
04936852,Outros,7,yellow,4774100
07489442,Outros,10,yellow,9430800
12804935,Outros,3,yellow,9499500
10274836,42 - Obras de Infraestrutura,14,blue,4211101
10521956,Outros,6,yellow,9430800
50690936,Outros,7,yellow,9499500
02069180,Outros,6,yellow,9412099
14795245,Outros,3,yellow,9430800
37865491,Outros,3,yellow,8800600
23423107,Outros,7,yellow,9412099
05382685,Outros,5,yellow,9430800
01941995,Outros,5,yellow,9430800
47768563,41 - Construção de Edifícios,26,green,4120400
49084736,68 - Atividades Imobiliárias,7,red,6810202
41073254,Outros,6,yellow,4319300
01856514,Outros,4,yellow,9430800
04896379,Outros,17,yellow,4511103
45096265,Outros,20,yellow,4313400
33650455,41 - Construção de Edifícios,7,green,4120400
07443970,Outros,7,yellow,8550301
57589252,41 - Construção de Edifícios,12,green,4120400
04887055,68 - Atividades Imobiliárias,19,red,6822600
34844829,Outros,4,yellow,9491000
40066165,Outros,7,yellow,9491000
12098806,Outros,5,yellow,9430800
21565737,Outros,3,yellow,8520100
10814847,Outros,3,yellow,9430800
05017435,Outros,11,yellow,9499500
07261102,Outros,5,yellow,9430800
58191310,42 - Obras de Infraestrutura,10,blue,4211101
10942018,42 - Obras de Infraestrutura,4,blue,4213800
01497021,41 - Construção de Edifícios,5,green,4120400
55088212,42 - Obras de Infraestrutura,13,blue,4212000
08039111,Outros,6,yellow,6630400
08708911,Outros,12,yellow,9412099
52966267,Outros,24,yellow,4313400
83590638,Outros,3,yellow,4729699
02029522,Outros,11,yellow,9430800
28899558,Outros,4,yellow,9499500
04675278,Outros,12,yellow,0151201
09378439,42 - Obras de Infraestrutura,13,blue,4299599
34910828,Outros,3,yellow,4729699
04362296,42 - Obras de Infraestrutura,16,blue,4299599
05059613,Outros,5,yellow,6311900
00977821,42 - Obras de Infraestrutura,2,blue,4292801
03945054,Outros,23,yellow,9430800
10225892,Outros,9,yellow,8513900
24504221,Outros,11,yellow,9329899
07318168,Outros,4,yellow,9430800
36648048,Outros,6,yellow,9430800
47401144,42 - Obras de Infraestrutura,3,blue,4211101
01923602,Outros,4,yellow,9430800
22796979,Outros,7,yellow,9499500
04482508,Outros,15,yellow,9430800
57166504,Outros,7,yellow,9493600
47283925,41 - Construção de Edifícios,4,green,4120400
02521485,Outros,5,yellow,8550301
08387335,Outros,4,yellow,9430800
58188878,Outros,12,yellow,7112000
05635107,Outros,11,yellow,4711302
14099261,Outros,5,yellow,9430800
41932842,Outros,3,yellow,9499500
46513029,Outros,5,yellow,9430800
42362820,Outros,11,yellow,9430800
57080615,42 - Obras de Infraestrutura,26,blue,4211101
03784606,Outros,5,yellow,9491000
01821104,Outros,6,yellow,9430800
57155797,42 - Obras de Infraestrutura,26,blue,4211101
09385552,41 - Construção de Edifícios,29,green,4120400
83836114,Outros,5,yellow,6424703
12049758,Outros,7,yellow,9491000
05564703,Outros,4,yellow,9312300
03336298,Outros,5,yellow,4330404
10951227,Outros,4,yellow,9499500
40684848,Outros,2,yellow,9430800
28175584,41 - Construção de Edifícios,10,green,4120400
15751670,Outros,11,yellow,4731800
10947484,Outros,5,yellow,4313400
52130021,42 - Obras de Infraestrutura,5,blue,4213800
33714406,Outros,35,yellow,8591100
04940478,Outros,11,yellow,4781400
07968392,Outros,10,yellow,4330499
02494584,Outros,2,yellow,9430800
04896890,42 - Obras de Infraestrutura,13,blue,4211101
22504851,Outros,3,yellow,9430800
18826846,Outros,4,yellow,9499500
04260683,Outros,29,yellow,9001999
08587729,Outros,6,yellow,9329899
53028468,Outros,6,yellow,9491000
02506005,Outros,8,yellow,4330402
03909265,Outros,5,yellow,6010100
49350776,42 - Obras de Infraestrutura,5,blue,4211101
63824825,Outros,3,yellow,8610101
46975916,42 - Obras de Infraestrutura,8,blue,4212000
46761677,Outros,6,yellow,9312300
09447754,42 - Obras de Infraestrutura,10,blue,4299599
10734301,Outros,4,yellow,9412099
30848070,Outros,2,yellow,9312300
09449456,Outros,4,yellow,9499500
08267117,Outros,8,yellow,9430800
54344984,42 - Obras de Infraestrutura,28,blue,4211101
04787784,Outros,8,yellow,9430800
34405774,Outros,5,yellow,9430800
20703650,Outros,14,yellow,4313400
06166667,Outros,6,yellow,9430800
14107735,Outros,3,yellow,3299099
19298476,Outros,2,yellow,4781400
12784795,Outros,9,yellow,4399103
34787118,Outros,6,yellow,6911701
50944342,Outros,3,yellow,8599699
49005717,41 - Construção de Edifícios,26,green,4110700
36945372,Outros,5,yellow,6911701
56000290,Outros,6,yellow,4744099
15216786,Outros,2,yellow,4322302
49880952,41 - Construção de Edifícios,6,green,4110700
38391585,Outros,2,yellow,4321500
54545658,41 - Construção de Edifícios,22,green,4120400
53874267,41 - Construção de Edifícios,22,green,4120400
48905309,41 - Construção de Edifícios,41,green,4110700
55207387,41 - Construção de Edifícios,22,green,4120400
43104321,Outros,8,yellow,8650003
16990216,42 - Obras de Infraestrutura,16,blue,4299599
52389398,Outros,12,yellow,4772500
56947805,41 - Construção de Edifícios,7,green,4110700
54782375,41 - Construção de Edifícios,22,green,4120400
57307107,Outros,5,yellow,6202300
50634157,41 - Construção de Edifícios,5,green,4120400
14603843,68 - Atividades Imobiliárias,64,red,6810203
49608411,41 - Construção de Edifícios,6,green,4110700
53874270,41 - Construção de Edifícios,22,green,4120400
30129747,Outros,8,yellow,6462000
12852303,41 - Construção de Edifícios,20,green,4110700
09268385,41 - Construção de Edifícios,20,green,4110700
44752436,Outros,6,yellow,6911701
56090606,41 - Construção de Edifícios,22,green,4120400
33295746,41 - Construção de Edifícios,8,green,4110700
52710594,Outros,26,yellow,8211300
43998797,Outros,11,yellow,8660700
33297121,41 - Construção de Edifícios,7,green,4110700
57222755,Outros,13,yellow,5611203
32203164,Outros,19,yellow,6920601
16990233,42 - Obras de Infraestrutura,16,blue,4299599
44139918,Outros,15,yellow,5620102
47532153,Outros,12,yellow,6462000
11242257,41 - Construção de Edifícios,8,green,4110700
19414832,68 - Atividades Imobiliárias,10,red,6810202
27722405,Outros,6,yellow,4722901
14948086,41 - Construção de Edifícios,3,green,4110700
30654074,Outros,4,yellow,2599301
30108077,Outros,7,yellow,6462000
56901344,Outros,24,yellow,6462000
22966329,Outros,7,yellow,6311900
44744502,Outros,6,yellow,4520005
37513392,Outros,5,yellow,7020400
00940782,Outros,4,yellow,7711000
40651924,42 - Obras de Infraestrutura,10,blue,4221902
34059823,Outros,4,yellow,4530703
12840695,Outros,2,yellow,6920601
42413145,42 - Obras de Infraestrutura,10,blue,4221902
39292533,Outros,14,yellow,6911701
05982898,Outros,8,yellow,9511800
40851668,Outros,6,yellow,8630503
55568217,41 - Construção de Edifícios,7,green,4110700
63807010,Outros,48,yellow,6622300
36386923,Outros,4,yellow,8599699
39538797,Outros,3,yellow,7319003
11481911,Outros,5,yellow,8630502
07919384,Outros,9,yellow,6622300
46610289,Outros,8,yellow,6911701
02831019,Outros,12,yellow,4782201
14668500,68 - Atividades Imobiliárias,6,red,6821801
21650561,Outros,2,yellow,4615000
51851595,Outros,8,yellow,7020400
35880435,Outros,3,yellow,7490199
54486914,Outros,13,yellow,7319003
30944772,Outros,14,yellow,8610101
45476449,Outros,7,yellow,4783101
51372645,Outros,3,yellow,7020400
01138735,Outros,9,yellow,6911701
02773730,Outros,5,yellow,4649499
02908166,Outros,5,yellow,8299706
02846120,Outros,2,yellow,7020400
33558212,Outros,15,yellow,6911701
09037966,41 - Construção de Edifícios,6,green,4110700
54509964,Outros,5,yellow,7490103
48822706,Outros,2,yellow,4763602
53693498,Outros,26,yellow,8599604
11307596,41 - Construção de Edifícios,17,green,4110700
05095110,Outros,12,yellow,4744001
28777198,Outros,4,yellow,8592903
57752984,Outros,4,yellow,7911200
31170049,41 - Construção de Edifícios,2,green,4110700
53634498,Outros,5,yellow,6911701
26350235,41 - Construção de Edifícios,7,green,4110700
33516425,41 - Construção de Edifícios,8,green,4120400
16367533,Outros,2,yellow,7112000
11032544,Outros,12,yellow,4729602
31173964,Outros,19,yellow,8650006
38161993,Outros,5,yellow,4723700
29315940,Outros,10,yellow,6911701
16499871,41 - Construção de Edifícios,68,green,4110700
39306305,Outros,15,yellow,3313901
45718999,41 - Construção de Edifícios,5,green,4110700
20548007,41 - Construção de Edifícios,23,green,4110700
31997431,41 - Construção de Edifícios,14,green,4120400
48143438,Outros,10,yellow,8219999
42430618,68 - Atividades Imobiliárias,38,red,6810202
53610428,Outros,9,yellow,6462000
51507395,Outros,9,yellow,7020400
48256984,Outros,30,yellow,5211701
09037957,41 - Construção de Edifícios,6,green,4120400
54657288,Outros,7,yellow,6462000
52443748,Outros,10,yellow,6462000
40967006,Outros,9,yellow,6920601
31369178,Outros,3,yellow,8219999
37305998,Outros,9,yellow,7020400
55037698,68 - Atividades Imobiliárias,14,red,6810201
43308259,Outros,11,yellow,8610102
48463108,Outros,11,yellow,8599604
57827317,68 - Atividades Imobiliárias,5,red,6810201
43724649,Outros,12,yellow,6911701
44019468,Outros,6,yellow,7112000
47195355,Outros,8,yellow,8650001
56936038,Outros,7,yellow,4617600
55154617,Outros,7,yellow,4520005
51212032,Outros,6,yellow,7111100
33531685,41 - Construção de Edifícios,18,green,4120400
31785092,Outros,12,yellow,8640205
35932606,Outros,7,yellow,6911701
09650597,Outros,10,yellow,8630503
27141093,Outros,7,yellow,7319003
56022035,Outros,7,yellow,7319002
51882053,Outros,9,yellow,4772500
54931730,68 - Atividades Imobiliárias,20,red,6810203
31339809,Outros,11,yellow,4929901
03293895,Outros,3,yellow,4781400
27286873,41 - Construção de Edifícios,14,green,4120400
19138573,41 - Construção de Edifícios,28,green,4110700
03977654,Outros,3,yellow,4789099
50738091,41 - Construção de Edifícios,15,green,4110700
12138104,Outros,6,yellow,6911701
38004252,Outros,9,yellow,5611205
51099211,Outros,7,yellow,4712100
49400987,Outros,10,yellow,8640202
12021900,Outros,7,yellow,4771704
50256091,Outros,10,yellow,6911701
29478536,Outros,11,yellow,8650004
27482468,Outros,5,yellow,8211300
10410101,Outros,3,yellow,8599604
00738438,Outros,11,yellow,4781400
17644735,Outros,3,yellow,8291100
30863841,Outros,14,yellow,5611201
08018711,Outros,15,yellow,4619200
28883561,41 - Construção de Edifícios,18,green,4120400
29891455,Outros,3,yellow,7112000
57818451,Outros,2,yellow,4619200
36979777,Outros,7,yellow,7740300
36359823,Outros,8,yellow,4771701
48795831,Outros,6,yellow,8650001
55509645,Outros,4,yellow,9601701
54972801,41 - Construção de Edifícios,23,green,4110700
45018622,Outros,2,yellow,8230002
15509357,Outros,7,yellow,6911701
19968400,Outros,2,yellow,4616800
52758567,41 - Construção de Edifícios,12,green,4110700
36125320,Outros,8,yellow,8211300
50913330,Outros,7,yellow,6209100
54490498,Outros,17,yellow,7319002
57590474,Outros,2,yellow,6911701
31769289,Outros,14,yellow,5510801
49987277,Outros,5,yellow,6911701
40413419,Outros,12,yellow,4712100
13074701,Outros,6,yellow,5239799
24585352,Outros,10,yellow,6120501
27753564,Outros,14,yellow,7112000
55465845,Outros,9,yellow,6911701
48057302,Outros,14,yellow,6622300
13309587,Outros,5,yellow,3314706
05112633,Outros,3,yellow,8630503
51364832,Outros,7,yellow,8630599
07769351,Outros,7,yellow,4530703
14671706,Outros,9,yellow,4751201
04936786,Outros,4,yellow,8513900
11614792,Outros,6,yellow,8630501
15347414,Outros,6,yellow,7111100
05703858,Outros,15,yellow,4618401
55689625,Outros,4,yellow,5611201
09148550,Outros,14,yellow,4744099
55144472,Outros,3,yellow,4619200
18750515,Outros,12,yellow,8610102
26179327,Outros,4,yellow,6911701
48351289,Outros,7,yellow,8640202
47390859,Outros,17,yellow,8211300
36471722,Outros,2,yellow,8599699
33915999,68 - Atividades Imobiliárias,23,red,6822600
08233952,Outros,6,yellow,8511200
25450169,42 - Obras de Infraestrutura,18,blue,4221904
13850655,41 - Construção de Edifícios,5,green,4120400
24504233,Outros,3,yellow,8610102
08624482,Outros,5,yellow,5223100
41713084,Outros,11,yellow,4789099
33764020,Outros,5,yellow,7810800
45738902,Outros,9,yellow,9602501
52938394,Outros,26,yellow,8630503
46992361,68 - Atividades Imobiliárias,13,red,6810202
10867199,Outros,12,yellow,4781400
57874352,Outros,5,yellow,4635499
36281704,Outros,2,yellow,0220902
48472865,Outros,10,yellow,6920601
46301188,Outros,3,yellow,6911701
13877821,Outros,14,yellow,4520002
33171769,Outros,14,yellow,6619302
23858415,Outros,7,yellow,8650004
41441491,Outros,6,yellow,5819100
45866891,Outros,6,yellow,4752100
27103898,Outros,7,yellow,4634603
28578389,Outros,10,yellow,8610102
17621820,Outros,8,yellow,8630501
12930445,Outros,5,yellow,9002701
45695054,Outros,17,yellow,4616800
11180911,Outros,8,yellow,4616800
26428936,Outros,3,yellow,8130300
18748344,Outros,8,yellow,8610102
17465960,Outros,4,yellow,5611201
45514503,Outros,10,yellow,5611201
02732909,Outros,4,yellow,4753900
52847725,Outros,4,yellow,4723700
08598867,Outros,5,yellow,4751201
19596066,Outros,12,yellow,2599301
10856814,Outros,12,yellow,4781400
35281512,Outros,2,yellow,6911701
54978908,Outros,7,yellow,6462000
33747285,Outros,14,yellow,8599604
10547801,Outros,5,yellow,7319002
52194725,68 - Atividades Imobiliárias,8,red,6810202
32693235,Outros,2,yellow,4729699
22100264,Outros,6,yellow,4923001
09455883,Outros,3,yellow,4618401
44256432,Outros,4,yellow,7112000
63854616,Outros,15,yellow,7020400
45208359,41 - Construção de Edifícios,3,green,4120400
54564605,Outros,2,yellow,8650004
53720730,Outros,3,yellow,8630501
58278942,Outros,4,yellow,0155505
57426015,68 - Atividades Imobiliárias,8,red,6810201
38478097,Outros,7,yellow,8610102
56199303,Outros,3,yellow,5611201
14205367,Outros,11,yellow,4712100
30897936,Outros,10,yellow,4754702
49706701,Outros,12,yellow,3314712
43018566,Outros,5,yellow,1093701
31124535,Outros,13,yellow,2219600
48194281,Outros,7,yellow,4723700
48203775,Outros,3,yellow,3299003
52657472,Outros,6,yellow,4772500
56084186,Outros,14,yellow,4930202
41544575,Outros,5,yellow,5611201
14676360,Outros,7,yellow,4530703
38636618,Outros,6,yellow,4753900
39685402,Outros,14,yellow,8599604
39404984,Outros,3,yellow,4520001
57585889,Outros,35,yellow,8211300
04362475,Outros,3,yellow,7490104
03288728,Outros,6,yellow,4781400
47196575,Outros,7,yellow,4619200
22704916,Outros,3,yellow,4771701
54215361,Outros,4,yellow,8211300
04269950,Outros,4,yellow,8291100
56348798,Outros,4,yellow,4530703
20460412,Outros,8,yellow,6110803
04096305,Outros,5,yellow,8299706
02843405,Outros,8,yellow,4646001
08296547,Outros,3,yellow,4921301
41671572,Outros,3,yellow,9313100
26485257,Outros,6,yellow,8630504
54866511,Outros,3,yellow,4781400
37583720,Outros,4,yellow,6911701
44322244,Outros,10,yellow,0135100
31604420,Outros,6,yellow,5911199
05375812,Outros,12,yellow,8299706
43762317,Outros,5,yellow,4930201
38329931,Outros,5,yellow,4755502
03987307,Outros,5,yellow,8599601
37466456,Outros,13,yellow,7112000
04393626,Outros,4,yellow,4723700
42282730,41 - Construção de Edifícios,7,green,4110700
32212857,Outros,7,yellow,6911701
17007450,Outros,11,yellow,4330404
17918538,Outros,4,yellow,5611201
08801891,Outros,14,yellow,4771701
22777157,Outros,7,yellow,7119701
57586012,Outros,35,yellow,8211300
84137991,41 - Construção de Edifícios,6,green,4110700
09145788,Outros,3,yellow,4755501
40590277,Outros,5,yellow,6190601
14079453,68 - Atividades Imobiliárias,11,red,6810202
43712622,Outros,12,yellow,8211300
38330743,Outros,4,yellow,4930202
13975918,Outros,5,yellow,4721104
44388670,Outros,12,yellow,8599604
54412717,Outros,4,yellow,8599601
19206232,Outros,5,yellow,3299003
51354213,Outros,51,yellow,5611201
12605607,Outros,8,yellow,9321200
25450139,Outros,30,yellow,6110801
18040968,68 - Atividades Imobiliárias,4,red,6822600
57707810,Outros,7,yellow,7490103
26484484,Outros,8,yellow,4321500
43536729,68 - Atividades Imobiliárias,4,red,6810202
45907772,41 - Construção de Edifícios,31,green,4110700
05844378,Outros,29,yellow,6010100
52486509,Outros,7,yellow,5611201
57586681,Outros,35,yellow,8211300
43453658,Outros,4,yellow,4789004
30821804,Outros,8,yellow,4754702
51241783,Outros,3,yellow,4789004
21710353,Outros,3,yellow,8541400
42497894,Outros,5,yellow,4721104
44962086,Outros,6,yellow,8211300
39897231,Outros,13,yellow,5611201
06164013,Outros,15,yellow,4731800
51375431,Outros,9,yellow,8630502
12532690,41 - Construção de Edifícios,24,green,4110700
07939729,Outros,7,yellow,4672900
17907779,Outros,6,yellow,7490103
39466075,Outros,10,yellow,6209100
54804007,Outros,6,yellow,7020400
30690641,Outros,5,yellow,8650004
19339404,Outros,5,yellow,4784900
13302595,Outros,4,yellow,8650003
45046766,Outros,6,yellow,8121400
22552787,Outros,4,yellow,4742300
56919782,Outros,4,yellow,4322302
07401413,Outros,14,yellow,4530703
36612155,Outros,6,yellow,8219999
46714247,Outros,8,yellow,8599604
35547749,Outros,3,yellow,4530703
83318303,Outros,7,yellow,3314709
53675536,Outros,12,yellow,7490103
47762995,Outros,10,yellow,8610102
37057945,Outros,4,yellow,4732600
15465846,68 - Atividades Imobiliárias,23,red,6821801
63846356,Outros,7,yellow,8630502
45575879,Outros,3,yellow,7490104
50190985,Outros,8,yellow,7112000
54739501,68 - Atividades Imobiliárias,2,red,6821801
31365986,Outros,5,yellow,4712100
13357662,Outros,11,yellow,4923001
53382721,Outros,5,yellow,4541202
34889238,Outros,4,yellow,7490104
57139803,Outros,2,yellow,7020400
47799899,41 - Construção de Edifícios,13,green,4110700
43357739,Outros,12,yellow,9602502
20473085,Outros,15,yellow,6462000
54978521,Outros,6,yellow,8211300
10556568,Outros,6,yellow,4742300
21810514,Outros,5,yellow,4771701
27276028,Outros,8,yellow,4754702
21812198,Outros,19,yellow,8650006
57851937,Outros,7,yellow,4757100
46167663,Outros,36,yellow,7490105
12077482,41 - Construção de Edifícios,30,green,4110700
06148560,Outros,10,yellow,4671100
63875165,Outros,11,yellow,4755501
44029469,Outros,8,yellow,5611201
00512683,Outros,13,yellow,4637101
53248836,Outros,5,yellow,0155501
44474536,Outros,4,yellow,8630503
54779266,Outros,9,yellow,6462000
27018915,Outros,9,yellow,4520001
40680992,Outros,3,yellow,4761003
54628868,Outros,2,yellow,8211300
13545725,Outros,7,yellow,3832700
19291374,41 - Construção de Edifícios,9,green,4120400
44949723,Outros,5,yellow,4744099
32889146,Outros,2,yellow,5510801
01009446,Outros,4,yellow,9603304
43577143,Outros,4,yellow,8230002
32218488,Outros,14,yellow,8610101
83922005,Outros,8,yellow,8230001
25201550,Outros,2,yellow,9601701
12157358,41 - Construção de Edifícios,6,green,4120400
49465041,Outros,2,yellow,8630501
14763193,41 - Construção de Edifícios,2,green,4120400
54352353,Outros,11,yellow,1091102
49827342,Outros,11,yellow,4729602
36676168,Outros,3,yellow,4723700
22327998,Outros,11,yellow,4530703
54056888,Outros,3,yellow,9311500
24585567,Outros,10,yellow,4729602
06328911,Outros,13,yellow,8299706
13610822,Outros,10,yellow,5091202
48600293,Outros,6,yellow,4771701
05928108,Outros,2,yellow,5911199
53962062,Outros,5,yellow,8630504
37372893,68 - Atividades Imobiliárias,16,red,6821801
04097980,Outros,9,yellow,8299706
14976693,68 - Atividades Imobiliárias,16,red,6810201
33467657,Outros,5,yellow,4782201
45138588,Outros,3,yellow,8211300
39343054,Outros,5,yellow,8630503
51597760,Outros,8,yellow,5211799
01087686,Outros,41,yellow,4731800
44718023,Outros,5,yellow,4511102
37762057,Outros,4,yellow,4713002
54602056,41 - Construção de Edifícios,8,green,4120400
22505482,Outros,2,yellow,6911701
56187505,Outros,6,yellow,8630504
51567044,Outros,10,yellow,4729699
20782464,Outros,14,yellow,7020400
39334969,Outros,8,yellow,4744099
41259337,Outros,2,yellow,9601701
44992655,Outros,26,yellow,8630501
10593962,Outros,5,yellow,3314713
42226188,Outros,8,yellow,8610102
47604896,Outros,7,yellow,8630504
33256711,Outros,17,yellow,4771701
57348829,Outros,6,yellow,6462000
17750713,Outros,10,yellow,4771704
11508102,Outros,14,yellow,8630502
41394485,Outros,7,yellow,0162899
55167544,Outros,3,yellow,5320202
32924842,Outros,2,yellow,8650004
45188649,Outros,5,yellow,6110803
50052069,Outros,6,yellow,4781400
58419253,Outros,11,yellow,6462000
57278636,Outros,14,yellow,8610101
24069458,Outros,4,yellow,4712100
29761286,Outros,9,yellow,7490103
56054911,Outros,26,yellow,5611201
22613765,Outros,8,yellow,6911701
26605604,Outros,29,yellow,9319101
47538064,Outros,30,yellow,4772500
33612205,41 - Construção de Edifícios,21,green,4110700
47923475,68 - Atividades Imobiliárias,2,red,6822600
11576375,41 - Construção de Edifícios,4,green,4120400
46734202,Outros,6,yellow,8599604
35485494,Outros,6,yellow,4723700
58248375,Outros,7,yellow,4512902
27913022,Outros,7,yellow,6911701
03419209,42 - Obras de Infraestrutura,3,blue,4221902
34635417,Outros,5,yellow,6920601
07611560,41 - Construção de Edifícios,6,green,4120400
08837647,Outros,26,yellow,6190601
07917383,41 - Construção de Edifícios,8,green,4120400
05141320,Outros,5,yellow,0151201
10345883,Outros,7,yellow,4744099
45794655,Outros,6,yellow,7490105
39558468,Outros,5,yellow,9001999
24923147,Outros,5,yellow,7911200
39952555,Outros,3,yellow,8650003
09105861,Outros,20,yellow,4711302
55623569,Outros,2,yellow,4759899
19471452,Outros,9,yellow,8640202
46012078,41 - Construção de Edifícios,7,green,4120400
08226449,Outros,4,yellow,5510803
11585897,Outros,41,yellow,4731800
50555792,Outros,6,yellow,8211300
48546635,Outros,35,yellow,7311400
18256841,Outros,12,yellow,4774100
11489508,Outros,7,yellow,4784900
18441952,Outros,11,yellow,4781400
12216087,Outros,5,yellow,4781400
14082648,Outros,41,yellow,4731800
84260843,Outros,9,yellow,4753900
32708054,68 - Atividades Imobiliárias,7,red,6821801
20266139,41 - Construção de Edifícios,3,green,4120400
51095821,Outros,4,yellow,4781400
01644025,68 - Atividades Imobiliárias,5,red,6810201
46814523,41 - Construção de Edifícios,14,green,4110700
41555765,Outros,5,yellow,4789004
04448527,Outros,4,yellow,6622300
46342685,Outros,3,yellow,3313999
53624483,Outros,3,yellow,7719501
45913897,Outros,12,yellow,5611203
21932319,Outros,6,yellow,8630502
34692419,Outros,15,yellow,4712100
45632934,Outros,13,yellow,8650004
45984694,41 - Construção de Edifícios,5,green,4120400
12119516,Outros,9,yellow,4744001
21097659,Outros,3,yellow,4712100
08770766,Outros,11,yellow,4530703
45270332,Outros,9,yellow,7120100
23842559,68 - Atividades Imobiliárias,2,red,6810202
10348741,Outros,4,yellow,4751201
40067435,41 - Construção de Edifícios,15,green,4120400
15276348,68 - Atividades Imobiliárias,4,red,6810201
30567063,Outros,5,yellow,8291100
29568343,Outros,4,yellow,1066000
28236054,Outros,7,yellow,4771701
48659953,Outros,7,yellow,8630504
20208108,Outros,7,yellow,4541206
41205074,Outros,8,yellow,7490104
15280902,Outros,22,yellow,4711302
17428279,Outros,5,yellow,4755502
19460932,Outros,8,yellow,4744099
48255741,41 - Construção de Edifícios,2,green,4110700
20790368,Outros,5,yellow,6622300
34733870,Outros,6,yellow,4744099
53871498,Outros,11,yellow,2019399
09231635,Outros,11,yellow,4789099
27268940,Outros,5,yellow,4781400
12918898,41 - Construção de Edifícios,28,green,4110700
21852592,Outros,18,yellow,5223100
30105827,Outros,7,yellow,5611201
20725561,Outros,5,yellow,1031700
23944869,Outros,7,yellow,4691500
12633433,41 - Construção de Edifícios,4,green,4120400
53276456,Outros,6,yellow,4520001
55335287,41 - Construção de Edifícios,31,green,4110700
10684429,68 - Atividades Imobiliárias,5,red,6821802
23446838,Outros,10,yellow,4652400
33301872,Outros,6,yellow,5611201
33917987,Outros,3,yellow,4722901
01655321,Outros,10,yellow,6920602
33462266,Outros,6,yellow,6110803
47593096,Outros,10,yellow,0151201
13425274,Outros,4,yellow,6920601
49628310,Outros,6,yellow,8299799
10250732,Outros,4,yellow,4399103
21229714,Outros,12,yellow,7732201
18316790,Outros,7,yellow,4729699
44201627,Outros,6,yellow,4752100
34906263,Outros,2,yellow,1053800
44169030,Outros,6,yellow,5620101
14727334,Outros,29,yellow,4712100
26209413,Outros,7,yellow,4711302
52508294,Outros,6,yellow,7119701
15657325,Outros,2,yellow,4729699
12214951,Outros,41,yellow,4731800
26253928,Outros,12,yellow,4771704
11160958,41 - Construção de Edifícios,6,green,4120400
54781924,Outros,3,yellow,8211300
57505264,42 - Obras de Infraestrutura,18,blue,4211101
08169301,41 - Construção de Edifícios,14,green,4120400
32928172,Outros,3,yellow,4646001
48082781,Outros,14,yellow,6920601
43262623,Outros,2,yellow,5611203
43347791,41 - Construção de Edifícios,16,green,4120400
54619214,41 - Construção de Edifícios,40,green,4120400
42161875,Outros,4,yellow,8650003
00580825,41 - Construção de Edifícios,3,green,4120400
44606157,Outros,7,yellow,3900500
24220440,Outros,19,yellow,9312300
34275725,41 - Construção de Edifícios,14,green,4120400
38636607,Outros,7,yellow,7490199
44644852,Outros,9,yellow,4754701
38307996,Outros,11,yellow,1031700
02446704,Outros,7,yellow,8630501
55526910,Outros,5,yellow,4520001
57160313,41 - Construção de Edifícios,9,green,4110700
39814966,Outros,14,yellow,0133401
48515616,Outros,5,yellow,4671100
41409445,41 - Construção de Edifícios,12,green,4110700
14883720,Outros,5,yellow,7020400
19667707,41 - Construção de Edifícios,42,green,4110700
34518289,Outros,5,yellow,4789005
26418882,Outros,6,yellow,8640208
09291987,Outros,2,yellow,5611201
05120223,Outros,12,yellow,7711000
48825479,Outros,7,yellow,8610102
33277835,41 - Construção de Edifícios,4,green,4120400
53453531,Outros,5,yellow,8599601
11330983,Outros,6,yellow,4623105
53066181,Outros,8,yellow,4930202
50295356,Outros,19,yellow,7490199
57354388,42 - Obras de Infraestrutura,18,blue,4211101
31860440,Outros,14,yellow,8610102
56346714,41 - Construção de Edifícios,5,green,4120400
32675879,Outros,5,yellow,4789099
11832551,41 - Construção de Edifícios,19,green,4110700
23045213,Outros,6,yellow,8230001
08019823,Outros,2,yellow,5250803
16849811,Outros,6,yellow,5223100
33595632,Outros,5,yellow,6911701
40985669,Outros,2,yellow,4618401
35713752,Outros,6,yellow,9329899
31859493,Outros,6,yellow,6110803
46453950,Outros,3,yellow,6911701
21565257,Outros,7,yellow,4744099
43996246,68 - Atividades Imobiliárias,10,red,6810201
15743065,Outros,4,yellow,1032501
36756496,Outros,29,yellow,7490104
19113461,41 - Construção de Edifícios,46,green,4120400
15321276,Outros,23,yellow,6911701
49337592,Outros,6,yellow,2542000
49032101,Outros,15,yellow,7020400
37980824,Outros,11,yellow,7112000
04713533,Outros,14,yellow,8888888
06164703,Outros,7,yellow,4530703
33614381,Outros,10,yellow,4930202
48661389,Outros,41,yellow,4731800
54414413,Outros,12,yellow,4782201
34684399,41 - Construção de Edifícios,7,green,4120400
51107899,Outros,4,yellow,5212500
35829796,Outros,6,yellow,4391600
54813835,Outros,9,yellow,4930202
51844319,Outros,13,yellow,5611203
28018412,Outros,14,yellow,4639701
52412926,Outros,6,yellow,0151201
10990854,Outros,7,yellow,4771702
48585237,Outros,4,yellow,9601701
50446091,Outros,8,yellow,9313100
23883783,Outros,7,yellow,4761001
53324172,Outros,5,yellow,9609208
48353095,68 - Atividades Imobiliárias,9,red,6810203
45125013,Outros,6,yellow,4771701
48419861,Outros,6,yellow,0161001
10673280,Outros,7,yellow,6204000
42351594,Outros,8,yellow,7311400
33919956,Outros,10,yellow,4729602
40952709,Outros,8,yellow,8650002
34855718,Outros,5,yellow,4921301
08147568,41 - Construção de Edifícios,14,green,4110700
52350217,41 - Construção de Edifícios,14,green,4120400
30523678,Outros,8,yellow,4771701
53772811,Outros,4,yellow,7490104
30047480,Outros,7,yellow,5611201
45499619,41 - Construção de Edifícios,4,green,4120400
57202732,Outros,7,yellow,4722902
32799115,Outros,5,yellow,7112000
10510596,Outros,18,yellow,4755501
49460205,Outros,8,yellow,8599604
55965778,Outros,7,yellow,7911200
43169284,Outros,7,yellow,4530703
51646160,41 - Construção de Edifícios,14,green,4110700
24968886,Outros,4,yellow,4683400
29066949,Outros,5,yellow,7810800
56321807,Outros,6,yellow,4781400
14339442,41 - Construção de Edifícios,6,green,4120400
51746842,41 - Construção de Edifícios,15,green,4110700
51784670,41 - Construção de Edifícios,21,green,4120400
55020034,Outros,6,yellow,4711302
27935968,Outros,8,yellow,8640202
07939668,Outros,2,yellow,6911701
03773965,42 - Obras de Infraestrutura,2,blue,4299599
57256870,41 - Construção de Edifícios,31,green,4110700
11126954,Outros,9,yellow,6911701
52153417,Outros,12,yellow,4789001
09475549,Outros,5,yellow,3101200
10501367,Outros,3,yellow,5611201
22747837,Outros,7,yellow,4731800
20392931,68 - Atividades Imobiliárias,19,red,6810201
83207902,Outros,13,yellow,4530703
19240135,Outros,4,yellow,4686902
19792959,Outros,14,yellow,8219999
27960528,Outros,9,yellow,6911701
05944959,Outros,16,yellow,8650006
57654136,Outros,4,yellow,8291100
33116487,Outros,8,yellow,5611201
56384215,Outros,11,yellow,6204000
17864138,41 - Construção de Edifícios,13,green,4110700
36175231,41 - Construção de Edifícios,12,green,4110700
52242672,Outros,4,yellow,5212500
48042327,Outros,7,yellow,8650004
44000141,Outros,5,yellow,5611201
58368647,Outros,8,yellow,4691500
17878630,41 - Construção de Edifícios,3,green,4120400
30106711,Outros,7,yellow,5611201
52141673,Outros,19,yellow,4759899
35064483,Outros,5,yellow,4774100
57428859,Outros,12,yellow,8630503
29982883,Outros,41,yellow,4731800
28470670,68 - Atividades Imobiliárias,24,red,6810201
04945627,Outros,12,yellow,4511102
28830282,Outros,2,yellow,7911200
06208500,Outros,11,yellow,0810099
42590211,68 - Atividades Imobiliárias,9,red,6810202
45439204,Outros,4,yellow,8630503
44154795,Outros,2,yellow,4721102
13466928,Outros,5,yellow,8610101
24834742,Outros,20,yellow,4712100
46514195,Outros,7,yellow,9312300
37916411,Outros,5,yellow,6463800
30883226,Outros,7,yellow,5611203
05253601,Outros,5,yellow,4642701
22061323,Outros,8,yellow,4616800
39230732,Outros,2,yellow,5212500
36953059,Outros,20,yellow,4617600
18954714,68 - Atividades Imobiliárias,13,red,6821801
48424730,Outros,13,yellow,4789004
30077364,Outros,6,yellow,4781400
27153544,Outros,3,yellow,4530703
11054792,Outros,8,yellow,4723700
22703640,Outros,7,yellow,8640201
20660211,Outros,2,yellow,8211300
44456724,Outros,6,yellow,6920601
49046490,Outros,8,yellow,8630503
05871339,Outros,11,yellow,2930101
18123389,Outros,26,yellow,8630503
39251330,Outros,9,yellow,8640207
39755161,Outros,3,yellow,5611201
53160102,Outros,23,yellow,4744099
40992970,41 - Construção de Edifícios,14,green,4110700
37971431,Outros,3,yellow,3103900
35848562,Outros,15,yellow,7112000
37097695,41 - Construção de Edifícios,7,green,4120400
40141062,Outros,6,yellow,9602501
03355182,Outros,5,yellow,4520001
30821818,Outros,8,yellow,4321500
51014733,Outros,9,yellow,8640203
46742940,41 - Construção de Edifícios,9,green,4110700
36522269,Outros,2,yellow,4321500
37376395,Outros,6,yellow,8630503
26883900,Outros,5,yellow,4789099
23446100,41 - Construção de Edifícios,9,green,4120400
38538135,Outros,4,yellow,6920601
58239904,41 - Construção de Edifícios,5,green,4120400
03861891,Outros,5,yellow,4321500
17986326,Outros,7,yellow,8640202
55456927,Outros,4,yellow,4623101
12771867,Outros,2,yellow,2539001
32061497,Outros,12,yellow,4731800
57311619,Outros,15,yellow,4784900
15546463,Outros,17,yellow,4530703
22971196,Outros,8,yellow,3319800
31395178,Outros,9,yellow,4541206
48622839,Outros,3,yellow,4751201
15337124,Outros,9,yellow,4712100
03437440,Outros,9,yellow,4781400
29180884,Outros,11,yellow,4744099
05618831,Outros,8,yellow,8630504
41226380,Outros,7,yellow,4712100
12164916,41 - Construção de Edifícios,2,green,4120400
35516935,Outros,10,yellow,7732201
15695709,Outros,6,yellow,4783101
48564882,Outros,2,yellow,4924800
27924405,Outros,7,yellow,6612604
13391535,Outros,12,yellow,6462000
19943304,Outros,5,yellow,4712100
54337760,68 - Atividades Imobiliárias,8,red,6810202
04743100,Outros,9,yellow,4774100
41755716,Outros,6,yellow,3211602
12412157,Outros,6,yellow,4742300
40253131,Outros,3,yellow,8630504
12248669,Outros,15,yellow,4930202
39665696,Outros,3,yellow,4781400
23924068,Outros,8,yellow,4712100
21527324,Outros,4,yellow,6920601
13778280,41 - Construção de Edifícios,7,green,4120400
47023787,Outros,3,yellow,4752100
56925048,41 - Construção de Edifícios,15,green,4110700
41587143,Outros,3,yellow,5022002
32795299,Outros,12,yellow,4789001
27645165,41 - Construção de Edifícios,14,green,4110700
04468348,41 - Construção de Edifícios,18,green,4110700
32203350,41 - Construção de Edifícios,7,green,4120400
97541765,Outros,6,yellow,5611203
52202571,Outros,15,yellow,4541206
22903246,Outros,6,yellow,4391600
34732631,Outros,5,yellow,8531700
42169716,Outros,14,yellow,4530703
29377650,Outros,10,yellow,9512600
11353934,Outros,4,yellow,5510801
00940420,Outros,6,yellow,8610102
21559650,Outros,5,yellow,4511101
09187569,Outros,12,yellow,7311400
36189741,Outros,5,yellow,5611201
35649285,Outros,4,yellow,4731800
26667468,41 - Construção de Edifícios,2,green,4120400
52111632,Outros,8,yellow,7711000
50288218,Outros,3,yellow,8630503
27170048,42 - Obras de Infraestrutura,2,blue,4212000
45057377,Outros,6,yellow,4679601
39274002,Outros,8,yellow,4930202
13494732,Outros,12,yellow,4731800
16685710,Outros,3,yellow,7711000
27720828,Outros,7,yellow,4789009
24902119,Outros,41,yellow,4731800
40737731,Outros,11,yellow,4744099
48541645,Outros,6,yellow,8599601
03907064,Outros,30,yellow,4635402
03504132,Outros,2,yellow,4711302
09627328,Outros,15,yellow,4744099
50296976,Outros,4,yellow,4731800
12603019,Outros,6,yellow,1091102
47337578,Outros,7,yellow,4530703
56904767,41 - Construção de Edifícios,21,green,4110700
14334634,Outros,12,yellow,4731800
32999612,Outros,6,yellow,4321500
29088965,Outros,5,yellow,7112000
04377790,Outros,6,yellow,7490103
57688154,Outros,26,yellow,0151201
50735038,Outros,11,yellow,8011101
06028654,Outros,10,yellow,4731800
08725744,Outros,10,yellow,4711302
16558094,Outros,23,yellow,7112000
08512819,Outros,15,yellow,7729202
39702115,Outros,14,yellow,8650099
21700206,41 - Construção de Edifícios,9,green,4110700
47909493,Outros,4,yellow,5232000
30846705,Outros,8,yellow,5611201
10715305,41 - Construção de Edifícios,11,green,4120400
36234739,Outros,2,yellow,4781400
53014913,Outros,8,yellow,8610102
15362420,Outros,4,yellow,4729699
43922374,Outros,5,yellow,4781400
29263806,Outros,3,yellow,4784900
19266161,Outros,41,yellow,4731800
49356704,Outros,15,yellow,4712100
04959897,Outros,3,yellow,3312103
08186498,Outros,15,yellow,4711302
21388618,Outros,13,yellow,4744001
52029812,Outros,5,yellow,4691500
17058479,41 - Construção de Edifícios,21,green,4110700
03444010,41 - Construção de Edifícios,15,green,4120400
31722214,Outros,7,yellow,8520100
26705306,Outros,6,yellow,4924800
35027428,Outros,4,yellow,4744099
04994596,Outros,33,yellow,6209100
04253381,Outros,10,yellow,4731800
10774943,41 - Construção de Edifícios,21,green,4110700
25070732,41 - Construção de Edifícios,6,green,4120400
56954617,Outros,3,yellow,5250804
12436847,Outros,10,yellow,1013901
04447880,Outros,10,yellow,4711302
19614800,Outros,41,yellow,4731800
42604726,Outros,11,yellow,9313100
54529408,42 - Obras de Infraestrutura,4,blue,4213800
24239632,Outros,8,yellow,4639701
13596263,Outros,7,yellow,1412601
45276435,Outros,4,yellow,7731400
43403561,41 - Construção de Edifícios,10,green,4110700
26644730,Outros,7,yellow,4771701
41397871,41 - Construção de Edifícios,10,green,4110700
43608949,Outros,26,yellow,0151201
41737838,Outros,2,yellow,7112000
55438214,Outros,6,yellow,6462000
22426242,Outros,14,yellow,8630599
40856762,41 - Construção de Edifícios,4,green,4120400
36335105,Outros,5,yellow,4729602
34331988,Outros,5,yellow,8712300
15747686,Outros,3,yellow,5022001
38080078,Outros,4,yellow,0115600
04683756,41 - Construção de Edifícios,5,green,4120400
07982667,Outros,4,yellow,4623106
28111886,Outros,5,yellow,5611201
12802777,Outros,12,yellow,4771704
13990881,41 - Construção de Edifícios,7,green,4120400
07081633,Outros,19,yellow,8512100
05844302,Outros,5,yellow,0151202
46459672,Outros,6,yellow,0724301
50294570,Outros,11,yellow,4321500
37315565,Outros,7,yellow,5510801
04934320,41 - Construção de Edifícios,4,green,4120400
14123038,41 - Construção de Edifícios,6,green,4120400
45805473,Outros,3,yellow,8291100
47603726,Outros,3,yellow,4712100
07783091,41 - Construção de Edifícios,10,green,4120400
00768783,41 - Construção de Edifícios,11,green,4120400
37552830,Outros,9,yellow,4729699
40099275,Outros,7,yellow,4712100
27491827,41 - Construção de Edifícios,21,green,4110700
37682669,Outros,9,yellow,1113502
19135745,Outros,11,yellow,4691500
41760460,Outros,12,yellow,4731800
04175044,Outros,6,yellow,1031700
12786523,Outros,3,yellow,4530703
04213522,42 - Obras de Infraestrutura,5,blue,4212000
14082366,Outros,6,yellow,4731800
22427083,Outros,7,yellow,5611203
42316615,Outros,3,yellow,4520005
56296160,Outros,6,yellow,5611201
29639407,Outros,13,yellow,4623106
13272821,Outros,5,yellow,4712100
14721971,Outros,2,yellow,4671100
16582075,41 - Construção de Edifícios,5,green,4120400
44343593,Outros,4,yellow,4313400
04204764,Outros,7,yellow,4774100
54363300,41 - Construção de Edifícios,13,green,4120400
17462134,Outros,3,yellow,4930202
50644116,41 - Construção de Edifícios,6,green,4120400
08644666,Outros,4,yellow,4399101
07932841,Outros,55,yellow,5510801
35764850,Outros,3,yellow,2319200
02266170,Outros,3,yellow,4712100
16875649,Outros,37,yellow,4635402
04130493,41 - Construção de Edifícios,17,green,4120400
17272704,Outros,9,yellow,4743100
46020659,41 - Construção de Edifícios,17,green,4120400
50944200,68 - Atividades Imobiliárias,4,red,6810201
35912699,Outros,4,yellow,1610203
47161810,Outros,3,yellow,4541206
55946671,41 - Construção de Edifícios,13,green,4110700
05726120,Outros,4,yellow,4731800
54500090,Outros,7,yellow,8630501
08658243,Outros,37,yellow,4635402
12100209,Outros,14,yellow,5022002
12356451,Outros,9,yellow,4930202
83919761,Outros,12,yellow,2511000
11435664,Outros,3,yellow,8122200
38344223,Outros,3,yellow,9313100
09687570,41 - Construção de Edifícios,47,green,4120400
29193763,Outros,7,yellow,9602502
49755049,41 - Construção de Edifícios,6,green,4120400
37998675,68 - Atividades Imobiliárias,15,red,6810201
46632259,Outros,19,yellow,8610101
16821155,68 - Atividades Imobiliárias,30,red,6810201
09203053,Outros,9,yellow,8211300
23925091,41 - Construção de Edifícios,30,green,4110700
50564262,Outros,20,yellow,7020400
47490823,Outros,17,yellow,8610102
16878140,Outros,37,yellow,4635402
24622016,Outros,7,yellow,7732201
27633300,Outros,2,yellow,4635499
37088883,Outros,29,yellow,1113502
23501297,41 - Construção de Edifícios,10,green,4110700
46522493,Outros,2,yellow,4712100
23775015,Outros,3,yellow,4669999
10913454,Outros,10,yellow,8640205
42926861,Outros,2,yellow,7112000
33919545,Outros,4,yellow,4771701
10558082,Outros,4,yellow,7112000
00727346,Outros,5,yellow,2093200
57951217,Outros,15,yellow,7112000
43335260,Outros,12,yellow,4313400
22931794,42 - Obras de Infraestrutura,5,blue,4211101
45883575,68 - Atividades Imobiliárias,13,red,6810201
32755479,Outros,6,yellow,4744099
44018916,Outros,14,yellow,8211300
19509847,41 - Construção de Edifícios,3,green,4120400
15035294,Outros,36,yellow,8630502
55127081,41 - Construção de Edifícios,45,green,4110700
20010590,Outros,10,yellow,0161099
14564858,Outros,28,yellow,6319400
49548666,Outros,4,yellow,4930202
03919279,Outros,6,yellow,8520100
22902912,41 - Construção de Edifícios,11,green,4110700
09282222,Outros,10,yellow,1033301
55624004,Outros,7,yellow,1011201
97542173,Outros,5,yellow,1032501
28809856,Outros,15,yellow,4633801
56335061,41 - Construção de Edifícios,13,green,4120400
06175536,Outros,51,yellow,4930202
04982948,41 - Construção de Edifícios,7,green,4120400
41931566,Outros,6,yellow,8660700
06307350,Outros,28,yellow,4511101
37066260,Outros,4,yellow,2513600
14128175,41 - Construção de Edifícios,17,green,4120400
38263933,Outros,11,yellow,6110803
53755695,Outros,5,yellow,9609208
08064865,41 - Construção de Edifícios,5,green,4120400
02621661,Outros,14,yellow,4511101
83764449,Outros,13,yellow,4774100
04508950,41 - Construção de Edifícios,2,green,4120400
36779258,Outros,5,yellow,4712100
26256356,Outros,6,yellow,4679699
33746382,Outros,13,yellow,6462000
08610914,Outros,5,yellow,7112000
51010500,Outros,6,yellow,0230600
14155691,41 - Construção de Edifícios,11,green,4120400
13741088,Outros,12,yellow,9430800
22929707,68 - Atividades Imobiliárias,21,red,6810202
15748239,68 - Atividades Imobiliárias,28,red,6810201
02934270,41 - Construção de Edifícios,6,green,4120400
04101986,42 - Obras de Infraestrutura,22,blue,4211101
09268761,68 - Atividades Imobiliárias,11,red,6810202
63830889,Outros,30,yellow,4930201
15087218,41 - Construção de Edifícios,16,green,4110700
27397410,41 - Construção de Edifícios,15,green,4110700
39468581,41 - Construção de Edifícios,25,green,4110700
07892697,41 - Construção de Edifícios,6,green,4120400
06217420,Outros,6,yellow,4520001
23086436,41 - Construção de Edifícios,10,green,4120400
28751132,Outros,24,yellow,6491300
48252103,Outros,5,yellow,4752100
03374268,41 - Construção de Edifícios,14,green,4120400
12323900,Outros,11,yellow,5510801
17333156,68 - Atividades Imobiliárias,8,red,6810203
14109263,41 - Construção de Edifícios,7,green,4120400
18914437,68 - Atividades Imobiliárias,3,red,6822600
10635179,68 - Atividades Imobiliárias,2,red,6810201
26892234,68 - Atividades Imobiliárias,10,red,6810202
12008310,Outros,13,yellow,8610102
49925126,Outros,16,yellow,6462000
26057084,42 - Obras de Infraestrutura,3,blue,4221903
11184627,42 - Obras de Infraestrutura,9,blue,4299599
49007882,68 - Atividades Imobiliárias,3,red,6810201
47442492,Outros,5,yellow,4689301
05021449,41 - Construção de Edifícios,3,green,4120400
36821571,Outros,6,yellow,4752100
12575749,Outros,8,yellow,7740300
24031228,Outros,10,yellow,4639701
11411491,Outros,12,yellow,4645101
12576225,41 - Construção de Edifícios,15,green,4110700
05140066,41 - Construção de Edifícios,5,green,4120400
13966948,Outros,7,yellow,6462000
53327145,68 - Atividades Imobiliárias,3,red,6822600
04787941,Outros,8,yellow,4922102
18551969,Outros,2,yellow,4313400
19339615,41 - Construção de Edifícios,9,green,4110700
10759158,41 - Construção de Edifícios,47,green,4110700
09200985,Outros,14,yellow,6911701
24701795,68 - Atividades Imobiliárias,27,red,6810202
04977583,Outros,6,yellow,8411600
24940502,Outros,12,yellow,4611700
21584046,41 - Construção de Edifícios,5,green,4110700
32547311,41 - Construção de Edifícios,14,green,4110700
15578342,Outros,15,yellow,8630504
23386664,68 - Atividades Imobiliárias,3,red,6810202
14727495,68 - Atividades Imobiliárias,13,red,6810202
44592083,68 - Atividades Imobiliárias,24,red,6810202
63883672,Outros,9,yellow,4313400
07805598,41 - Construção de Edifícios,12,green,4120400
40898023,68 - Atividades Imobiliárias,10,red,6810201
10571491,41 - Construção de Edifícios,5,green,4120400
31249508,Outros,6,yellow,9313100
07263172,Outros,2,yellow,7500100
05665464,41 - Construção de Edifícios,15,green,4120400
31744670,68 - Atividades Imobiliárias,14,red,6810202
15671192,Outros,17,yellow,7740300
04833448,Outros,3,yellow,5510801
13697835,Outros,29,yellow,4930202
31044915,68 - Atividades Imobiliárias,5,red,6822600
12620846,Outros,18,yellow,6462000
09131179,Outros,6,yellow,9412099
03547690,Outros,28,yellow,1813099
13188854,Outros,6,yellow,1041400
08689524,68 - Atividades Imobiliárias,12,red,6822600
04923363,Outros,3,yellow,1069400
46466187,Outros,8,yellow,0724301
11285757,68 - Atividades Imobiliárias,12,red,6810202
04837983,Outros,4,yellow,1610203
19112682,Outros,56,yellow,6462000
00480113,42 - Obras de Infraestrutura,4,blue,4222701
03123352,41 - Construção de Edifícios,13,green,4110700
29330322,Outros,4,yellow,4930202
20053965,Outros,6,yellow,7490103
10913468,41 - Construção de Edifícios,5,green,4120400
34344872,41 - Construção de Edifícios,11,green,4120400
19386958,41 - Construção de Edifícios,2,green,4110700
19693476,42 - Obras de Infraestrutura,16,blue,4299599
34877670,Outros,5,yellow,4744005
31328713,Outros,5,yellow,8230001
27114189,68 - Atividades Imobiliárias,7,red,6810201
03832803,41 - Construção de Edifícios,4,green,4120400
23604235,Outros,14,yellow,4930202
49915450,41 - Construção de Edifícios,15,green,4120400
63860720,41 - Construção de Edifícios,5,green,4120400
39927204,41 - Construção de Edifícios,7,green,4110700
09110945,Outros,47,yellow,6462000
15834838,Outros,4,yellow,6436100
32308609,41 - Construção de Edifícios,17,green,4110700
83904276,Outros,7,yellow,3299099
26316361,Outros,7,yellow,8610102
26967764,Outros,5,yellow,1811302
24878793,Outros,2,yellow,8630503
12298780,Outros,14,yellow,7112000
20614990,Outros,8,yellow,4741500
49976150,Outros,11,yellow,3329599
37074548,Outros,6,yellow,5510801
30248459,Outros,2,yellow,8211300
21727838,Outros,7,yellow,4744099
26455653,Outros,7,yellow,4924800
30532710,68 - Atividades Imobiliárias,32,red,6810201
30797118,41 - Construção de Edifícios,41,green,4120400
56747469,Outros,5,yellow,6462000
31328128,Outros,5,yellow,8211300
14309414,Outros,9,yellow,6462000
55177767,Outros,7,yellow,4759899
11822045,Outros,2,yellow,7490103
40184742,Outros,6,yellow,6190601
20867885,68 - Atividades Imobiliárias,9,red,6810202
27389567,41 - Construção de Edifícios,21,green,4110700
19954308,Outros,37,yellow,4511101
04782140,Outros,6,yellow,7112000
83311464,Outros,11,yellow,4711302
33850897,41 - Construção de Edifícios,15,green,4110700
08904510,Outros,37,yellow,4541203
08668308,41 - Construção de Edifícios,59,green,4110700
08603653,41 - Construção de Edifícios,4,green,4120400
45373405,Outros,7,yellow,4541206
83325381,Outros,30,yellow,8610101
40686260,Outros,7,yellow,5022002
44470034,Outros,28,yellow,6462000
12633984,Outros,13,yellow,6462000
26751767,Outros,18,yellow,8211300
54850493,68 - Atividades Imobiliárias,7,red,6821801
32984883,68 - Atividades Imobiliárias,18,red,6810201
05641437,41 - Construção de Edifícios,3,green,4120400
19676520,Outros,4,yellow,4682600
10891580,Outros,6,yellow,4930202
04882924,41 - Construção de Edifícios,7,green,4120400
01532874,Outros,2,yellow,4729699
45350684,68 - Atividades Imobiliárias,10,red,6810202
12123925,Outros,12,yellow,4729699
37133990,Outros,5,yellow,4663000
05103250,Outros,31,yellow,6462000
08645489,42 - Obras de Infraestrutura,4,blue,4299599
15249867,41 - Construção de Edifícios,18,green,4120400
06189829,Outros,13,yellow,8640205
58251511,Outros,4,yellow,6462000
28118627,Outros,24,yellow,6462000
07887094,41 - Construção de Edifícios,28,green,4110700
10867643,Outros,11,yellow,4313400
55533763,Outros,12,yellow,7112000
18406599,41 - Construção de Edifícios,29,green,4110700
33185423,Outros,6,yellow,4789099
35140119,Outros,6,yellow,4782201
41493205,Outros,9,yellow,4321500
83332908,42 - Obras de Infraestrutura,7,blue,4213800
09471801,68 - Atividades Imobiliárias,8,red,6810202
09424775,Outros,7,yellow,7719599
52203046,Outros,26,yellow,5510801
14860686,Outros,3,yellow,8640202
83303776,Outros,9,yellow,4784900
51671142,42 - Obras de Infraestrutura,7,blue,4211101
03501868,Outros,8,yellow,7020400
63879381,Outros,7,yellow,8610101
04896759,Outros,28,yellow,4774100
47262312,Outros,22,yellow,2330301
07924602,Outros,13,yellow,4744099
18087152,68 - Atividades Imobiliárias,24,red,6810202
23322870,68 - Atividades Imobiliárias,15,red,6810201
07405193,41 - Construção de Edifícios,19,green,4110700
37218720,Outros,7,yellow,4530703
25292639,Outros,38,yellow,6462000
09016708,41 - Construção de Edifícios,14,green,4110700
49511698,Outros,7,yellow,6619399
03480697,41 - Construção de Edifícios,12,green,4120400
09456927,Outros,7,yellow,4645101
31134654,68 - Atividades Imobiliárias,7,red,6810202
02960272,41 - Construção de Edifícios,2,green,4120400
43291259,Outros,38,yellow,0115600
39904597,Outros,11,yellow,4723700
47620989,Outros,3,yellow,4623106
20001357,Outros,21,yellow,8610101
01604148,Outros,19,yellow,6911701
11159109,68 - Atividades Imobiliárias,4,red,6810202
31707647,Outros,6,yellow,4530701
26635014,41 - Construção de Edifícios,4,green,4110700
86126653,Outros,6,yellow,1031700
20342633,41 - Construção de Edifícios,2,green,4120400
05373418,Outros,13,yellow,4773300
47067196,41 - Construção de Edifícios,5,green,4120400
40169079,68 - Atividades Imobiliárias,17,red,6810202
06041427,Outros,5,yellow,4330404
27170437,Outros,6,yellow,8630501
00689952,41 - Construção de Edifícios,41,green,4120400
35868114,Outros,12,yellow,4731800
17630678,41 - Construção de Edifícios,5,green,4120400
35726153,42 - Obras de Infraestrutura,5,blue,4211101
48605837,42 - Obras de Infraestrutura,6,blue,4213800
19383540,Outros,11,yellow,6463800
55039592,Outros,9,yellow,7020400
57370622,Outros,7,yellow,4623199
40272576,Outros,8,yellow,4321500
17285246,Outros,7,yellow,4665600
30534814,Outros,15,yellow,4771701
16615943,41 - Construção de Edifícios,8,green,4120400
42084429,41 - Construção de Edifícios,23,green,4110700
07031623,Outros,37,yellow,4511104
04722112,68 - Atividades Imobiliárias,14,red,6810202
24209286,Outros,3,yellow,6630400
09650153,Outros,20,yellow,6463800
10627815,Outros,7,yellow,4661300
11654469,68 - Atividades Imobiliárias,24,red,6822600
41296756,68 - Atividades Imobiliárias,6,red,6810202
40582446,Outros,10,yellow,4635499
40600676,Outros,8,yellow,4321500
29118884,Outros,14,yellow,7711000
18983720,41 - Construção de Edifícios,36,green,4110700
20239662,41 - Construção de Edifícios,10,green,4120400
30143000,Outros,10,yellow,8230002
40348570,Outros,4,yellow,0133401
18513228,68 - Atividades Imobiliárias,2,red,6822600
01175491,Outros,14,yellow,4399101
07307106,Outros,6,yellow,8640202
21399950,41 - Construção de Edifícios,27,green,4120400
18548319,Outros,37,yellow,4511101
09396095,41 - Construção de Edifícios,16,green,4110700
07772245,68 - Atividades Imobiliárias,26,red,6810201
29320798,Outros,23,yellow,6462000
46321970,68 - Atividades Imobiliárias,21,red,6810202
56070207,68 - Atividades Imobiliárias,14,red,6810201
39584007,Outros,14,yellow,8650003
33560445,68 - Atividades Imobiliárias,11,red,6810202
20443071,41 - Construção de Edifícios,15,green,4120400
33921399,41 - Construção de Edifícios,5,green,4120400
09072358,41 - Construção de Edifícios,13,green,4110700
31596625,42 - Obras de Infraestrutura,6,blue,4211101
47308946,Outros,5,yellow,4771701
13389856,42 - Obras de Infraestrutura,12,blue,4299599
04955076,Outros,9,yellow,4930203
23328224,68 - Atividades Imobiliárias,10,red,6810202
11339503,Outros,20,yellow,6491300
33520093,41 - Construção de Edifícios,6,green,4120400
58246272,41 - Construção de Edifícios,23,green,4110700
41510743,41 - Construção de Edifícios,5,green,4120400
05551713,Outros,15,yellow,4712100
46719330,41 - Construção de Edifícios,29,green,4110700
10773426,Outros,9,yellow,4712100
27773901,41 - Construção de Edifícios,9,green,4110700
22942965,Outros,27,yellow,8610101
83776310,41 - Construção de Edifícios,27,green,4120400
02821137,68 - Atividades Imobiliárias,5,red,6822600
00564984,Outros,29,yellow,7911200
36585525,Outros,3,yellow,8532500
22210067,Outros,19,yellow,3811400
55800799,Outros,5,yellow,4691500
37131191,Outros,4,yellow,7319099
51870722,41 - Construção de Edifícios,4,green,4110700
35431809,Outros,13,yellow,7729202
46423577,Outros,37,yellow,7719599
07561334,41 - Construção de Edifícios,5,green,4120400
36011750,Outros,5,yellow,4771701
52603474,Outros,7,yellow,4771701
40039111,Outros,7,yellow,6462000
26780889,Outros,5,yellow,8219999
13802233,Outros,2,yellow,4731800
21916066,Outros,7,yellow,4729699
51897840,Outros,3,yellow,6462000
55719309,42 - Obras de Infraestrutura,18,blue,4211101
10233096,Outros,33,yellow,0151201
18171321,Outros,6,yellow,4530703
12703882,41 - Construção de Edifícios,47,green,4110700
35722119,Outros,3,yellow,0161099
23200237,Outros,9,yellow,6491300
48638604,42 - Obras de Infraestrutura,16,blue,4299599
22911135,41 - Construção de Edifícios,9,green,4120400
26495569,Outros,11,yellow,6462000
13141538,41 - Construção de Edifícios,15,green,4110700
30728534,Outros,13,yellow,5611201
53745886,Outros,3,yellow,8630599
47793404,Outros,5,yellow,4691500
22811037,68 - Atividades Imobiliárias,10,red,6822600
04784037,Outros,6,yellow,6462000
56196880,42 - Obras de Infraestrutura,18,blue,4211101
34857185,Outros,14,yellow,0162899
13888791,Outros,9,yellow,4784900
27838145,Outros,3,yellow,5611203
58279901,68 - Atividades Imobiliárias,20,red,6810202
05533929,41 - Construção de Edifícios,3,green,4120400
48097704,Outros,7,yellow,4530703
04965341,Outros,10,yellow,4541206
27850782,Outros,14,yellow,5611203
22377831,Outros,7,yellow,4731800
13424484,Outros,12,yellow,4679699
22191310,Outros,6,yellow,8630503
43629719,Outros,5,yellow,4673700
50712229,68 - Atividades Imobiliárias,7,red,6822600
55569173,Outros,14,yellow,6463800
34595112,Outros,3,yellow,4721102
09589716,41 - Construção de Edifícios,58,green,4110700
15752934,Outros,17,yellow,8011101
55039591,Outros,9,yellow,6462000
37578286,Outros,14,yellow,8610102
04443364,42 - Obras de Infraestrutura,22,blue,4299599
07506820,Outros,6,yellow,4530703
16515254,68 - Atividades Imobiliárias,36,red,6810203
01657482,Outros,29,yellow,7311400
39634561,Outros,5,yellow,1033302
02072400,42 - Obras de Infraestrutura,3,blue,4299599
55059900,68 - Atividades Imobiliárias,29,red,6810202
17329935,Outros,8,yellow,8640206
24449772,Outros,6,yellow,3011302
11158828,41 - Construção de Edifícios,47,green,4110700
50231311,68 - Atividades Imobiliárias,29,red,6810201
47456294,Outros,9,yellow,6911701
33963982,41 - Construção de Edifícios,21,green,4110700
40672565,41 - Construção de Edifícios,10,green,4120400
14311143,Outros,2,yellow,7711000
29473452,68 - Atividades Imobiliárias,11,red,6822600
22503284,Outros,8,yellow,4689301
09145594,68 - Atividades Imobiliárias,38,red,6822600
42502934,Outros,5,yellow,4712100
16739367,68 - Atividades Imobiliárias,22,red,6810201
11175333,68 - Atividades Imobiliárias,9,red,6810202
52009675,41 - Construção de Edifícios,13,green,4110700
17946404,Outros,5,yellow,4322303
42365622,Outros,38,yellow,6462000
07203769,41 - Construção de Edifícios,3,green,4120400
04340188,41 - Construção de Edifícios,3,green,4120400
20444075,Outros,3,yellow,8599604
04558805,41 - Construção de Edifícios,31,green,4120400
39836313,Outros,13,yellow,8211300
18819000,68 - Atividades Imobiliárias,15,red,6810202
15257553,Outros,11,yellow,2930101
04972915,68 - Atividades Imobiliárias,20,red,6810202
01716311,41 - Construção de Edifícios,5,green,4110700
18133996,41 - Construção de Edifícios,5,green,4110700
24299910,Outros,9,yellow,8011101
83858464,Outros,3,yellow,0220901
26704936,Outros,7,yellow,4399103
22993378,42 - Obras de Infraestrutura,23,blue,4211101
42026335,Outros,3,yellow,4781400
11248496,41 - Construção de Edifícios,18,green,4110700
22703141,42 - Obras de Infraestrutura,2,blue,4213800
22581790,Outros,2,yellow,2833000
14401775,41 - Construção de Edifícios,12,green,4110700
00787715,Outros,5,yellow,2342702
83367219,Outros,12,yellow,8640208
08806801,41 - Construção de Edifícios,7,green,4120400
25274687,68 - Atividades Imobiliárias,7,red,6810201
05085592,Outros,6,yellow,4399101
19069249,41 - Construção de Edifícios,5,green,4120400
18051655,68 - Atividades Imobiliárias,12,red,6810201
13006347,68 - Atividades Imobiliárias,31,red,6810201
24947034,68 - Atividades Imobiliárias,29,red,6810202
14686260,Outros,25,yellow,6462000
07418827,41 - Construção de Edifícios,10,green,4120400
30258795,Outros,2,yellow,6462000
17474408,68 - Atividades Imobiliárias,13,red,6810202
22663610,Outros,5,yellow,7112000
08792120,Outros,21,yellow,0151201
15616728,68 - Atividades Imobiliárias,5,red,6810202
00654914,Outros,2,yellow,7112000
51098407,Outros,9,yellow,0151201
18260926,Outros,11,yellow,9313100
02040696,41 - Construção de Edifícios,16,green,4120400
21217025,Outros,19,yellow,6462000
24239365,Outros,18,yellow,6462000
34058036,41 - Construção de Edifícios,3,green,4120400
46563024,Outros,6,yellow,6462000
48645197,68 - Atividades Imobiliárias,7,red,6810202
57595213,Outros,8,yellow,4399103
08399377,Outros,5,yellow,4711302
15887193,Outros,9,yellow,1121600
07342268,41 - Construção de Edifícios,6,green,4120400
29828648,41 - Construção de Edifícios,6,green,4120400
58001906,Outros,4,yellow,4649410
10849832,68 - Atividades Imobiliárias,9,red,6810202
20299794,68 - Atividades Imobiliárias,3,red,6821801
56167438,41 - Construção de Edifícios,8,green,4110700
27015623,Outros,40,yellow,4511102
15255821,Outros,21,yellow,8513900
10638730,Outros,8,yellow,9321200
27413530,41 - Construção de Edifícios,21,green,4110700
22247153,Outros,7,yellow,4641903
22226927,Outros,9,yellow,4771701
20917171,68 - Atividades Imobiliárias,8,red,6821802
05567029,41 - Construção de Edifícios,12,green,4110700
55838925,41 - Construção de Edifícios,40,green,4110700
27672905,Outros,6,yellow,7319003
17697451,Outros,5,yellow,7490103
12307469,Outros,37,yellow,4731800
54277533,68 - Atividades Imobiliárias,13,red,6810202
17949899,Outros,3,yellow,4753900
20920169,Outros,9,yellow,8299706
47074615,41 - Construção de Edifícios,14,green,4120400
02809222,42 - Obras de Infraestrutura,2,blue,4292802
41296776,68 - Atividades Imobiliárias,7,red,6810202
39798088,68 - Atividades Imobiliárias,10,red,6810202
52882279,Outros,7,yellow,1013902
08938822,Outros,2,yellow,4930202
08362093,41 - Construção de Edifícios,5,green,4120400
17112048,41 - Construção de Edifícios,6,green,4110700
40695263,41 - Construção de Edifícios,25,green,4110700
26557523,Outros,3,yellow,3314710
32086315,Outros,4,yellow,3600601
07613550,Outros,6,yellow,7020400
84191618,Outros,9,yellow,4923002
57285529,41 - Construção de Edifícios,9,green,4110700
48460634,Outros,7,yellow,6613400
13224246,Outros,8,yellow,4631100
16917302,41 - Construção de Edifícios,5,green,4120400
03654853,Outros,11,yellow,8640212
02040698,42 - Obras de Infraestrutura,12,blue,4211101
21496833,Outros,4,yellow,4645101
18111277,Outros,20,yellow,4530705
14376007,41 - Construção de Edifícios,45,green,4110700
05427042,Outros,16,yellow,0151201
41699731,Outros,5,yellow,4669999
05003249,41 - Construção de Edifícios,25,green,4120400
39592690,Outros,8,yellow,7112000
45726243,Outros,5,yellow,4637199
06185462,Outros,7,yellow,4623109
55312915,Outros,3,yellow,6462000
14514225,Outros,9,yellow,4731800
35674433,Outros,12,yellow,6462000
31619759,41 - Construção de Edifícios,2,green,4120400
04384623,Outros,3,yellow,4755502
21489543,Outros,4,yellow,4616800
55853422,Outros,14,yellow,7020400
12417145,Outros,5,yellow,8630504
14031152,Outros,4,yellow,7112000
10482140,Outros,20,yellow,4530705
21623664,Outros,11,yellow,4771701
41463606,Outros,11,yellow,6462000
44803275,Outros,3,yellow,3314799
53210341,Outros,14,yellow,6462000
46290445,41 - Construção de Edifícios,6,green,4110700
34620138,68 - Atividades Imobiliárias,9,red,6810201
17680127,Outros,20,yellow,6462000
43406576,Outros,17,yellow,7319099
27370604,Outros,5,yellow,4784900
84154608,Outros,13,yellow,8640201
50908405,Outros,12,yellow,4520005
05896729,Outros,30,yellow,4649408
39963747,Outros,5,yellow,4639701
11161770,41 - Construção de Edifícios,18,green,4110700
37894564,68 - Atividades Imobiliárias,42,red,6810201
11066360,41 - Construção de Edifícios,19,green,4110700
05204409,Outros,15,yellow,4313400
08068245,41 - Construção de Edifícios,20,green,4110700
32652197,Outros,9,yellow,8630504
04623754,Outros,3,yellow,4744099
22546522,Outros,17,yellow,6462000
83584920,68 - Atividades Imobiliárias,6,red,6810201
09309377,Outros,3,yellow,6021700
46965583,41 - Construção de Edifícios,10,green,4120400
15762776,41 - Construção de Edifícios,15,green,4110700
52725302,Outros,11,yellow,6462000
53722842,Outros,25,yellow,8129000
16810820,68 - Atividades Imobiliárias,2,red,6810201
14177338,Outros,16,yellow,6462000
18753050,Outros,9,yellow,9313100
53566131,42 - Obras de Infraestrutura,6,blue,4221903
50668156,Outros,21,yellow,3900500
42480401,Outros,5,yellow,6462000
14177791,Outros,16,yellow,6462000
18824674,68 - Atividades Imobiliárias,11,red,6810202
26634582,Outros,62,yellow,8630503
02070981,68 - Atividades Imobiliárias,3,red,6821801
55208432,Outros,7,yellow,4744099
54109803,68 - Atividades Imobiliárias,7,red,6822600
26774151,Outros,29,yellow,4399101
11669385,Outros,7,yellow,4724500
09019612,Outros,23,yellow,0810006
37327728,Outros,7,yellow,8299799
05960071,Outros,8,yellow,8291100
56299393,Outros,9,yellow,1031700
42026816,Outros,5,yellow,6202300
05234473,68 - Atividades Imobiliárias,15,red,6810202
03114391,41 - Construção de Edifícios,6,green,4110700
53071336,41 - Construção de Edifícios,4,green,4110700
04256407,Outros,17,yellow,4530701
30182564,Outros,3,yellow,5211701
08749495,Outros,22,yellow,5510801
15762958,41 - Construção de Edifícios,9,green,4120400
55062107,41 - Construção de Edifícios,12,green,4110700
54654214,41 - Construção de Edifícios,6,green,4110700
29229411,Outros,7,yellow,8630504
40710540,41 - Construção de Edifícios,7,green,4110700
44823027,Outros,7,yellow,8599604
28941640,Outros,3,yellow,4712100
15011981,68 - Atividades Imobiliárias,41,red,6810202
12545515,42 - Obras de Infraestrutura,9,blue,4211102
56949552,Outros,5,yellow,6462000
22225546,41 - Construção de Edifícios,14,green,4110700
17794978,41 - Construção de Edifícios,16,green,4120400
56185070,41 - Construção de Edifícios,6,green,4110700
20454061,Outros,4,yellow,4744099
21027140,41 - Construção de Edifícios,3,green,4110700
04000710,Outros,3,yellow,4313400
30709602,Outros,3,yellow,4923001
38145465,Outros,10,yellow,7500100
34309111,41 - Construção de Edifícios,12,green,4120400
05559345,41 - Construção de Edifícios,5,green,4120400
15042491,Outros,24,yellow,7020400
04918447,Outros,6,yellow,1610203
06035543,Outros,5,yellow,4639701
83358887,41 - Construção de Edifícios,6,green,4120400
01931281,Outros,23,yellow,9430800
45006823,42 - Obras de Infraestrutura,10,blue,4212000
04984756,Outros,10,yellow,1013902
03178865,Outros,3,yellow,9430800
41250491,41 - Construção de Edifícios,16,green,4120400
58031954,Outros,3,yellow,9491000
49273197,Outros,2,yellow,6493000
39684368,Outros,5,yellow,9499500
01883160,Outros,11,yellow,9430800
10898350,41 - Construção de Edifícios,4,green,4120400
03160202,Outros,2,yellow,9430800
30347291,Outros,4,yellow,9319101
26318791,Outros,15,yellow,9430800
07995123,Outros,4,yellow,9430800
04208540,Outros,5,yellow,4520001
02848944,Outros,10,yellow,4731800
11230954,Outros,6,yellow,9491000
36990916,42 - Obras de Infraestrutura,23,blue,4211101
04960530,Outros,4,yellow,2330302
14085265,Outros,6,yellow,8513900
06859283,41 - Construção de Edifícios,19,green,4120400
22960942,Outros,18,yellow,4731800
03089179,Outros,9,yellow,6491300
00904810,41 - Construção de Edifícios,7,green,4120400
04894309,Outros,7,yellow,1094500
50588778,41 - Construção de Edifícios,3,green,4120400
10349450,Outros,12,yellow,9499500
01813671,Outros,15,yellow,9430800
04551842,Outros,8,yellow,8888888
04535691,Outros,10,yellow,9103100
06165777,Outros,7,yellow,9412099
50221222,Outros,5,yellow,9430800
10339775,Outros,14,yellow,9430800
28681268,42 - Obras de Infraestrutura,17,blue,4222701
55584794,Outros,5,yellow,9430800
17844808,Outros,6,yellow,9412099
05332919,Outros,3,yellow,9430800
83658401,Outros,7,yellow,4511101
34921817,Outros,4,yellow,9430800
42696750,41 - Construção de Edifícios,5,green,4120400
01613851,Outros,9,yellow,4530703
10452277,42 - Obras de Infraestrutura,11,blue,4222701
28098088,Outros,6,yellow,9499500
09502308,Outros,4,yellow,9312300
11605690,Outros,4,yellow,9430800
11008670,Outros,7,yellow,8550301
03938191,41 - Construção de Edifícios,12,green,4120400
32611060,Outros,5,yellow,9491000
49048845,41 - Construção de Edifícios,4,green,4120400
03305090,Outros,15,yellow,9430800
01831006,Outros,3,yellow,9430800
07005751,42 - Obras de Infraestrutura,13,blue,4211101
33141526,Outros,15,yellow,9491000
32190397,Outros,3,yellow,7490199
54631813,42 - Obras de Infraestrutura,2,blue,4213800
02029589,Outros,4,yellow,9430800
04488819,Outros,5,yellow,5510803
48925720,Outros,14,yellow,9430800
07953621,Outros,4,yellow,9430800
04480886,Outros,5,yellow,9430800
23972434,Outros,5,yellow,9430800
29541134,Outros,29,yellow,4399103
07668180,Outros,10,yellow,9499500
53291502,Outros,3,yellow,9430800
36372750,Outros,3,yellow,8622400
25400638,Outros,6,yellow,9430800
47498041,Outros,11,yellow,4321500
51404327,42 - Obras de Infraestrutura,18,blue,4299599
44216917,Outros,3,yellow,9430800
25531230,Outros,2,yellow,9430800
45344812,Outros,8,yellow,9430800
19698084,Outros,7,yellow,9411100
02492051,Outros,4,yellow,9491000
04895066,Outros,8,yellow,2423702
04928479,Outros,8,yellow,8610101
55600414,42 - Obras de Infraestrutura,18,blue,4212000
04933982,68 - Atividades Imobiliárias,5,red,6821802
83573931,Outros,4,yellow,5510803
48748664,Outros,7,yellow,8550301
04657532,Outros,5,yellow,9430800
83214148,Outros,14,yellow,9491000
01055729,Outros,9,yellow,9430800
05442850,68 - Atividades Imobiliárias,16,red,6810201
51649951,Outros,10,yellow,9430800
03012296,Outros,7,yellow,9430800
06859306,Outros,6,yellow,4753900
52041941,Outros,11,yellow,7112000
10898375,Outros,17,yellow,9412099
01871622,Outros,3,yellow,8513900
09181954,Outros,9,yellow,9430800
03156068,Outros,11,yellow,8690999
14721070,Outros,8,yellow,4619200
14498674,Outros,6,yellow,9499500
21271979,Outros,4,yellow,8711504
04846309,Outros,10,yellow,9491000
45942603,Outros,27,yellow,3511502
47610923,Outros,5,yellow,9499500
16791646,Outros,8,yellow,9430800
11273197,Outros,11,yellow,9430800
47214336,41 - Construção de Edifícios,20,green,4120400
55532481,Outros,2,yellow,9430800
54979011,41 - Construção de Edifícios,28,green,4120400
55586704,42 - Obras de Infraestrutura,6,blue,4212000
04986485,41 - Construção de Edifícios,17,green,4110700
09657201,42 - Obras de Infraestrutura,26,blue,4213800
05622680,Outros,4,yellow,9430800
07935899,Outros,6,yellow,8599699
42165186,Outros,37,yellow,9499500
49652509,Outros,8,yellow,9430800
50018529,Outros,9,yellow,6499999
41644046,Outros,6,yellow,8591100
38460522,Outros,3,yellow,9430800
22931471,Outros,12,yellow,2511000
04485288,Outros,9,yellow,9430800
48534274,41 - Construção de Edifícios,16,green,4120400
10647024,Outros,15,yellow,9312300
43194002,42 - Obras de Infraestrutura,8,blue,4222701
05531414,Outros,6,yellow,9430800
12778316,Outros,9,yellow,9499500
30754554,Outros,2,yellow,8660700
05782805,41 - Construção de Edifícios,28,green,4120400
11412157,Outros,4,yellow,8112500
07569921,41 - Construção de Edifícios,13,green,4120400
08201747,41 - Construção de Edifícios,18,green,4120400
05112990,Outros,7,yellow,9491000
02870297,42 - Obras de Infraestrutura,13,blue,4211101
11549018,42 - Obras de Infraestrutura,5,blue,4222701
19275352,Outros,7,yellow,8599699
06980426,68 - Atividades Imobiliárias,10,red,6821802
05312424,42 - Obras de Infraestrutura,14,blue,4222701
01819095,Outros,12,yellow,9430800
57447230,Outros,33,yellow,9499500
05514304,Outros,2,yellow,9430800
13505704,Outros,9,yellow,9491000
46977523,Outros,4,yellow,9430800
28941775,Outros,7,yellow,7020400
56005916,41 - Construção de Edifícios,7,green,4120400
04892092,Outros,3,yellow,8630503
53520855,Outros,5,yellow,9412099
41450630,42 - Obras de Infraestrutura,8,blue,4291000
63848360,Outros,7,yellow,8610101
15597336,Outros,3,yellow,9319101
05247343,Outros,7,yellow,9430800
05612845,Outros,10,yellow,9602501
07260921,Outros,4,yellow,9430800
42636574,Outros,3,yellow,9430800
35345991,42 - Obras de Infraestrutura,3,blue,4211101
46053439,42 - Obras de Infraestrutura,10,blue,4211101
05261425,Outros,4,yellow,9319199
45245872,Outros,11,yellow,9430800
52628936,41 - Construção de Edifícios,10,green,4120400
04907176,Outros,3,yellow,7911200
21825352,68 - Atividades Imobiliárias,9,red,6822600
00494390,Outros,8,yellow,3101200
04363040,Outros,8,yellow,9430800
19318958,41 - Construção de Edifícios,2,green,4120400
04733143,Outros,10,yellow,9412099
04497119,Outros,7,yellow,9430800
00510085,Outros,4,yellow,8640299
63845986,Outros,3,yellow,9312300
23146224,Outros,12,yellow,9430800
07759783,Outros,4,yellow,9430800
24306504,Outros,4,yellow,9491000
05748877,Outros,4,yellow,9491000
63869226,68 - Atividades Imobiliárias,3,red,6821802
03760601,Outros,4,yellow,5229001
05387287,Outros,5,yellow,9411100
01829131,Outros,2,yellow,6010100
05319538,Outros,9,yellow,4731800
43983280,Outros,3,yellow,9491000
35473839,41 - Construção de Edifícios,6,green,4120400
41981831,Outros,18,yellow,9499500
44639331,42 - Obras de Infraestrutura,16,blue,4212000
45429712,Outros,20,yellow,4313400
06297637,Outros,4,yellow,9430800
52748990,Outros,3,yellow,9499500
19000779,Outros,4,yellow,9430800
44273325,Outros,12,yellow,9499500
83374231,Outros,3,yellow,9529102
13266769,Outros,16,yellow,9499500
06344788,42 - Obras de Infraestrutura,16,blue,4299599
55537919,42 - Obras de Infraestrutura,29,blue,4211101
18025830,68 - Atividades Imobiliárias,6,red,6822600
04748231,41 - Construção de Edifícios,5,green,4120400
07967421,Outros,3,yellow,9430800
53472612,42 - Obras de Infraestrutura,8,blue,4222701
02973413,41 - Construção de Edifícios,2,green,4120400
19703108,Outros,9,yellow,9499500
01922510,Outros,8,yellow,9430800
54898502,Outros,21,yellow,4313400
09600303,42 - Obras de Infraestrutura,24,blue,4213800
02816851,Outros,7,yellow,9491000
57901144,Outros,31,yellow,9499500
55391330,Outros,7,yellow,9499500
32913189,Outros,5,yellow,9411100
15714415,Outros,5,yellow,9491000
19259160,Outros,19,yellow,8550302
10828301,Outros,12,yellow,9499500
55062134,Outros,3,yellow,9312300
15313646,Outros,5,yellow,4639701
24837538,Outros,9,yellow,9493600
20127020,Outros,14,yellow,9499500
54508352,Outros,4,yellow,4329104
34670513,Outros,9,yellow,9430800
08519062,Outros,4,yellow,8512100
11575647,Outros,6,yellow,9491000
06814098,Outros,6,yellow,9430800
37657858,Outros,9,yellow,3511502
00573636,Outros,9,yellow,9491000
21417435,Outros,2,yellow,9499500
05650746,Outros,6,yellow,9430800
09301397,Outros,4,yellow,9312300
35519913,Outros,8,yellow,9430800
05222349,41 - Construção de Edifícios,5,green,4120400
57719959,41 - Construção de Edifícios,25,green,4120400
53990822,68 - Atividades Imobiliárias,2,red,6810202
52222822,41 - Construção de Edifícios,8,green,4120400
32349527,Outros,11,yellow,7500100
53913111,42 - Obras de Infraestrutura,13,blue,4211101
53688481,Outros,35,yellow,6462000
43438265,Outros,4,yellow,4781400
23908892,41 - Construção de Edifícios,2,green,4110700
52714865,41 - Construção de Edifícios,26,green,4120400
47762819,42 - Obras de Infraestrutura,4,blue,4211101
11323475,41 - Construção de Edifícios,16,green,4110700
45022856,42 - Obras de Infraestrutura,5,blue,4211101
46515622,42 - Obras de Infraestrutura,20,blue,4299599
46182869,Outros,8,yellow,7729202
53620897,41 - Construção de Edifícios,41,green,4120400
50560053,41 - Construção de Edifícios,27,green,4110700
58460694,41 - Construção de Edifícios,7,green,4110700
42870244,Outros,6,yellow,4774100
39701877,41 - Construção de Edifícios,47,green,4110700
52749841,41 - Construção de Edifícios,26,green,4120400
37567308,41 - Construção de Edifícios,77,green,4110700
58447768,41 - Construção de Edifícios,22,green,4120400
51688868,Outros,5,yellow,7820500
53752478,Outros,9,yellow,4712100
36357201,41 - Construção de Edifícios,65,green,4110700
48905225,41 - Construção de Edifícios,27,green,4110700
56419404,Outros,13,yellow,6201501
28551662,Outros,20,yellow,5510801
55443749,42 - Obras de Infraestrutura,13,blue,4211101
55273088,41 - Construção de Edifícios,22,green,4120400
55044297,41 - Construção de Edifícios,26,green,4110700
83367466,68 - Atividades Imobiliárias,22,red,6821802
58251827,Outros,4,yellow,6462000
58199211,Outros,13,yellow,7112000
16365944,Outros,15,yellow,6462000
32063340,Outros,6,yellow,6911701
57054467,Outros,10,yellow,6463800
29188492,Outros,7,yellow,8211300
36914145,Outros,12,yellow,9512600
06060348,Outros,11,yellow,6622300
48063233,Outros,10,yellow,4633801
40660563,Outros,3,yellow,8660700
26504364,41 - Construção de Edifícios,17,green,4110700
45608047,Outros,5,yellow,4321500
53310898,Outros,8,yellow,3511501
56973785,Outros,17,yellow,6463800
41365205,Outros,9,yellow,5612100
53972553,Outros,5,yellow,4618401
45151564,41 - Construção de Edifícios,6,green,4110700
42285042,Outros,4,yellow,8020002
31255188,Outros,6,yellow,4755503
33202757,Outros,5,yellow,8599604
44376413,Outros,5,yellow,6110803
38284440,Outros,3,yellow,8650004
40391475,42 - Obras de Infraestrutura,10,blue,4221902
38228290,Outros,4,yellow,7112000
40596590,Outros,7,yellow,2542000
83580423,Outros,29,yellow,6920601
51072301,Outros,14,yellow,6201501
25261893,Outros,11,yellow,1510600
34859124,Outros,3,yellow,4646002
26233642,Outros,7,yellow,4757100
48221291,Outros,7,yellow,4619200
49071390,Outros,6,yellow,5611203
55705246,68 - Atividades Imobiliárias,27,red,6821801
83338145,Outros,5,yellow,4782202
57243881,Outros,7,yellow,4723700
40390227,42 - Obras de Infraestrutura,10,blue,4221902
48705515,Outros,9,yellow,6202300
29318625,Outros,15,yellow,3321000
14929530,Outros,4,yellow,0133401
01344200,Outros,14,yellow,6911701
06292649,Outros,5,yellow,8512100
19844527,Outros,3,yellow,8630501
28463128,Outros,4,yellow,4619200
09162657,41 - Construção de Edifícios,6,green,4110700
83874859,Outros,7,yellow,5510801
40973845,Outros,5,yellow,7020400
03502187,Outros,5,yellow,4782201
24092424,Outros,7,yellow,7020400
57901736,41 - Construção de Edifícios,23,green,4110700
46532733,41 - Construção de Edifícios,11,green,4120400
11953994,68 - Atividades Imobiliárias,2,red,6821801
56661682,Outros,10,yellow,4321500
24437317,Outros,5,yellow,5611201
44019600,41 - Construção de Edifícios,6,green,4110700
45322017,Outros,22,yellow,8610101
05278613,Outros,7,yellow,8513900
55991912,41 - Construção de Edifícios,27,green,4110700
08197946,Outros,6,yellow,7111100
54798680,68 - Atividades Imobiliárias,3,red,6810202
29711707,Outros,19,yellow,8650006
45981155,41 - Construção de Edifícios,5,green,4120400
34988408,Outros,5,yellow,8630504
57589409,Outros,11,yellow,6462000
36988989,Outros,2,yellow,8630599
18596380,Outros,12,yellow,4755502
57496252,Outros,7,yellow,8630503
03619136,Outros,3,yellow,2330301
02637780,Outros,17,yellow,4744001
57750106,41 - Construção de Edifícios,4,green,4110700
36753763,Outros,5,yellow,6462000
45704669,Outros,5,yellow,5099801
46005113,Outros,14,yellow,5510801
38594226,Outros,4,yellow,8650004
57040497,Outros,26,yellow,8650003
20637353,41 - Construção de Edifícios,38,green,4110700
22375502,Outros,5,yellow,4751201
52191322,Outros,16,yellow,3511501
55752041,Outros,6,yellow,6911701
22956778,Outros,5,yellow,5611201
63810774,Outros,8,yellow,7490104
42015688,Outros,13,yellow,4520007
55410102,Outros,7,yellow,8219999
53516343,Outros,10,yellow,4619200
04146533,Outros,6,yellow,1813001
26714000,Outros,5,yellow,6911701
47371485,41 - Construção de Edifícios,7,green,4120400
53001776,Outros,8,yellow,4644301
40160490,Outros,15,yellow,7020400
46277507,68 - Atividades Imobiliárias,6,red,6810201
55492740,68 - Atividades Imobiliárias,3,red,6821801
56389239,41 - Construção de Edifícios,9,green,4110700
11472533,Outros,5,yellow,6920602
13004042,Outros,29,yellow,4619200
49135720,41 - Construção de Edifícios,17,green,4110700
49404135,68 - Atividades Imobiliárias,39,red,6822600
35426244,Outros,4,yellow,7020400
41185234,Outros,6,yellow,8650001
34905026,Outros,11,yellow,4781400
11414544,Outros,9,yellow,8512100
55572443,Outros,4,yellow,6463800
50781406,Outros,7,yellow,5611205
44173395,Outros,7,yellow,6462000
28681208,Outros,5,yellow,4619200
54828778,Outros,9,yellow,6463800
34467448,41 - Construção de Edifícios,8,green,4110700
58185613,Outros,3,yellow,8211300
39166873,Outros,6,yellow,6462000
44246433,41 - Construção de Edifícios,78,green,4110700
52781311,Outros,6,yellow,5611205
57035228,Outros,4,yellow,6911701
10534199,Outros,27,yellow,4399101
48674324,Outros,2,yellow,8219999
57019757,68 - Atividades Imobiliárias,11,red,6810201
22965051,Outros,10,yellow,5611201
29762953,Outros,7,yellow,6630400
53116811,Outros,3,yellow,4771704
55284964,Outros,7,yellow,8211300
47039189,Outros,6,yellow,7311400
57122594,Outros,7,yellow,8292000
06153285,Outros,10,yellow,6920601
52262984,Outros,15,yellow,4530706
48089475,Outros,29,yellow,6911701
02947120,Outros,5,yellow,6911701
33484115,Outros,14,yellow,8630504
56055054,Outros,3,yellow,0990402
33251249,Outros,2,yellow,6911701
57435663,Outros,11,yellow,7740300
50150082,Outros,34,yellow,6462000
57888682,Outros,8,yellow,5223100
07000217,Outros,5,yellow,8640205
15871610,Outros,12,yellow,1013902
05944021,Outros,7,yellow,7020400
45029722,Outros,11,yellow,2311700
19068930,Outros,7,yellow,8630504
63801096,Outros,4,yellow,2342702
03598742,Outros,18,yellow,4616800
19612158,Outros,7,yellow,8630503
33406765,Outros,5,yellow,6920601
38399727,Outros,5,yellow,8630599
53281247,Outros,19,yellow,8630503
58300883,Outros,3,yellow,8610102
17126371,Outros,11,yellow,8610101
31610950,Outros,6,yellow,4772500
28005376,Outros,5,yellow,7319002
28226844,Outros,30,yellow,4329199
48057294,Outros,7,yellow,9529102
18937799,Outros,5,yellow,8211300
11050213,41 - Construção de Edifícios,24,green,4110700
38322691,41 - Construção de Edifícios,2,green,4120400
54778102,Outros,9,yellow,4771701
11271879,68 - Atividades Imobiliárias,15,red,6822600
03777852,Outros,4,yellow,4744001
07585347,Outros,4,yellow,4761003
45737222,Outros,19,yellow,8610102
19021119,Outros,7,yellow,8599604
40393285,Outros,4,yellow,4729699
37527386,Outros,11,yellow,8610102
01168026,Outros,4,yellow,7722500
55248246,Outros,11,yellow,8592999
03932328,Outros,7,yellow,3101200
13761383,Outros,14,yellow,6619302
45930578,Outros,19,yellow,0724301
08446028,Outros,6,yellow,3811400
04205702,Outros,10,yellow,4321500
40315544,Outros,3,yellow,6204000
06256935,Outros,5,yellow,4784900
34404656,Outros,6,yellow,6204000
29231415,Outros,14,yellow,9001902
11997328,Outros,6,yellow,8610101
02866213,Outros,9,yellow,4761003
32933619,Outros,10,yellow,8610102
18354204,Outros,9,yellow,4761003
34114178,Outros,3,yellow,0220901
57058769,Outros,4,yellow,4712100
27568493,Outros,7,yellow,4641903
83920470,Outros,4,yellow,7711000
10249951,Outros,12,yellow,4731800
11712682,Outros,7,yellow,7120100
38056616,Outros,7,yellow,8211300
14893907,Outros,7,yellow,8211300
52831029,Outros,2,yellow,7111100
12852383,Outros,16,yellow,9329899
51944055,Outros,6,yellow,5611201
45653558,Outros,8,yellow,4520002
34839597,Outros,7,yellow,4616800
07810527,Outros,4,yellow,6911701
56915709,Outros,20,yellow,6462000
15309008,42 - Obras de Infraestrutura,5,blue,4299599
30733896,Outros,3,yellow,9329804
55900198,Outros,6,yellow,8610102
20450398,41 - Construção de Edifícios,7,green,4120400
17458616,68 - Atividades Imobiliárias,12,red,6821801
13065972,41 - Construção de Edifícios,34,green,4110700
28137761,Outros,12,yellow,4721104
54574337,Outros,5,yellow,4763602
33904753,Outros,13,yellow,4530703
29983694,Outros,3,yellow,4511102
04975181,Outros,10,yellow,4731800
43664533,Outros,8,yellow,4789004
36253093,Outros,27,yellow,4541206
02831684,Outros,7,yellow,6920601
46983900,Outros,2,yellow,4771701
11181927,Outros,4,yellow,4618401
47666291,Outros,13,yellow,4520001
44563813,Outros,4,yellow,4789004
06121980,41 - Construção de Edifícios,4,green,4120400
51576659,Outros,5,yellow,7500100
18375101,Outros,5,yellow,4712100
33930331,Outros,14,yellow,5611201
57585885,Outros,35,yellow,8211300
53851546,Outros,7,yellow,4771701
45019725,Outros,4,yellow,4642702
47408113,Outros,6,yellow,8650001
50383902,Outros,20,yellow,4639701
04358394,Outros,7,yellow,4763602
45690390,Outros,4,yellow,4930202
04437238,68 - Atividades Imobiliárias,9,red,6810202
49663562,Outros,8,yellow,3101200
07075205,Outros,3,yellow,4771701
55949966,Outros,3,yellow,4399103
54375531,Outros,3,yellow,8630504
41640208,Outros,9,yellow,4729699
56056738,Outros,4,yellow,9602501
13349467,Outros,10,yellow,3812200
33262190,Outros,5,yellow,4771701
05428809,Outros,2,yellow,4744001
11402578,Outros,5,yellow,8630503
47628709,Outros,5,yellow,8610102
27913379,Outros,17,yellow,1091102
51299309,Outros,8,yellow,8291100
11085522,Outros,5,yellow,4744099
28216982,Outros,9,yellow,6462000
17214018,Outros,10,yellow,8630502
14781584,Outros,6,yellow,8219999
57214547,Outros,4,yellow,9602501
18817255,41 - Construção de Edifícios,41,green,4120400
13759117,41 - Construção de Edifícios,10,green,4120400
08704319,Outros,7,yellow,8640205
33596603,41 - Construção de Edifícios,20,green,4110700
19834369,68 - Atividades Imobiliárias,6,red,6822600
42891238,Outros,7,yellow,4754703
07864785,Outros,41,yellow,4731800
57628134,Outros,6,yellow,7020400
47143868,Outros,8,yellow,4754702
30369379,Outros,14,yellow,4744004
14145403,Outros,28,yellow,6010100
50121556,Outros,6,yellow,4721103
04334784,42 - Obras de Infraestrutura,11,blue,4299599
42493984,Outros,13,yellow,8610101
34922634,Outros,6,yellow,8640202
48968763,41 - Construção de Edifícios,7,green,4110700
04772670,Outros,4,yellow,8650003
30214709,Outros,17,yellow,9512600
54082777,Outros,11,yellow,4623109
39647543,41 - Construção de Edifícios,17,green,4110700
55190812,Outros,7,yellow,4722901
07620517,Outros,7,yellow,8020001
44774200,Outros,15,yellow,4743100
45914643,Outros,5,yellow,4744099
31598630,Outros,8,yellow,9602501
14402035,41 - Construção de Edifícios,16,green,4120400
01672761,Outros,41,yellow,4731800
54835289,Outros,13,yellow,4729602
21641541,Outros,6,yellow,4613300
46897094,Outros,5,yellow,4781400
57157601,Outros,39,yellow,5211799
18665213,41 - Construção de Edifícios,11,green,4120400
51602879,Outros,11,yellow,4754701
41064297,Outros,4,yellow,4632001
32800910,Outros,10,yellow,8599604
51214301,Outros,2,yellow,7112000
05827023,Outros,7,yellow,8630501
41824317,Outros,4,yellow,4763601
49339816,Outros,7,yellow,5229002
15464267,Outros,5,yellow,4541206
28556091,Outros,11,yellow,8211300
55016194,Outros,8,yellow,4712100
10543566,41 - Construção de Edifícios,2,green,4120400
06087327,Outros,13,yellow,4712100
35781981,68 - Atividades Imobiliárias,9,red,6810201
18879278,68 - Atividades Imobiliárias,7,red,6821801
50841256,Outros,40,yellow,4781400
12146034,Outros,19,yellow,8650006
32133519,Outros,5,yellow,8610102
44597273,Outros,7,yellow,8650001
32084868,Outros,4,yellow,8630503
50730997,Outros,8,yellow,5611203
46536584,Outros,4,yellow,4771701
45180493,41 - Construção de Edifícios,5,green,4120400
37310226,41 - Construção de Edifícios,5,green,4110700
55655333,Outros,3,yellow,6619399
56425905,Outros,12,yellow,6462000
48372268,Outros,9,yellow,7723300
50765894,Outros,2,yellow,1412602
51122634,Outros,4,yellow,8630503
42528665,Outros,5,yellow,4754701
55515834,Outros,14,yellow,4637106
05484088,41 - Construção de Edifícios,10,green,4120400
41141272,Outros,5,yellow,4759899
11043165,Outros,4,yellow,8630504
44254467,Outros,7,yellow,6911701
34853168,Outros,4,yellow,2342702
28208758,Outros,3,yellow,1412601
13450053,41 - Construção de Edifícios,10,green,4120400
19164024,Outros,19,yellow,8650006
42482138,Outros,14,yellow,7020400
22326952,Outros,3,yellow,5611201
48440251,Outros,12,yellow,7020400
04410093,Outros,2,yellow,7911200
36673863,Outros,6,yellow,4771701
16723623,Outros,8,yellow,4639701
50507356,Outros,4,yellow,5611203
17266557,Outros,12,yellow,4721104
54168712,41 - Construção de Edifícios,9,green,4120400
56607226,Outros,11,yellow,8211300
53327451,Outros,9,yellow,6110803
49658771,Outros,3,yellow,4729699
10293999,Outros,4,yellow,4731800
24425982,Outros,14,yellow,8640202
14710306,68 - Atividades Imobiliárias,26,red,6810201
24582662,Outros,8,yellow,6462000
54705939,Outros,5,yellow,5611201
44660813,Outros,5,yellow,8630504
05038542,Outros,4,yellow,0151201
44876831,Outros,10,yellow,4530703
30733949,Outros,10,yellow,4789004
25386433,Outros,3,yellow,5229002
15570465,Outros,10,yellow,9521500
48308237,Outros,10,yellow,8299799
51899399,Outros,5,yellow,8230002
46262578,Outros,7,yellow,4619200
14984912,Outros,7,yellow,4755502
14378648,Outros,7,yellow,6462000
48791338,Outros,4,yellow,8630503
51762528,Outros,5,yellow,4759899
17746880,Outros,15,yellow,4784900
07506385,Outros,5,yellow,0119901
06281396,Outros,6,yellow,4637199
21492427,42 - Obras de Infraestrutura,3,blue,4211101
37703341,Outros,5,yellow,4321500
28610706,Outros,9,yellow,9602501
35656907,Outros,11,yellow,4729602
43131212,Outros,5,yellow,4781400
11909509,42 - Obras de Infraestrutura,16,blue,4299599
20618821,Outros,2,yellow,4930202
44990487,Outros,4,yellow,4712100
11398616,41 - Construção de Edifícios,5,green,4120400
16849125,Outros,7,yellow,7733100
57871692,Outros,12,yellow,0154700
04118334,Outros,10,yellow,6462000
22145912,Outros,5,yellow,4783101
33558652,Outros,14,yellow,6920601
17322377,Outros,6,yellow,4721102
45457749,Outros,20,yellow,5611203
45907536,Outros,6,yellow,7119702
21144580,Outros,13,yellow,6462000
37841067,Outros,5,yellow,4744099
58063535,Outros,6,yellow,5611203
44910648,Outros,4,yellow,1091102
27989289,Outros,3,yellow,4520001
49084949,Outros,6,yellow,9313100
09021124,Outros,5,yellow,7911200
44166548,Outros,4,yellow,4729699
10458608,Outros,8,yellow,4751201
48641053,Outros,11,yellow,7490104
56345223,Outros,6,yellow,4399103
07382188,Outros,6,yellow,8630502
54898985,Outros,8,yellow,9319199
45327140,Outros,5,yellow,4771701
22710690,Outros,3,yellow,4741500
38342928,41 - Construção de Edifícios,10,green,4120400
83759910,Outros,11,yellow,4744001
52912260,Outros,5,yellow,4617600
50762504,Outros,5,yellow,8599604
83657999,Outros,4,yellow,6021700
45429714,Outros,12,yellow,6462000
11173735,Outros,3,yellow,2399101
06019099,Outros,6,yellow,4530703
52192449,Outros,8,yellow,4652400
10202385,Outros,20,yellow,7739099
30480786,Outros,14,yellow,4771701
57782858,Outros,7,yellow,7490103
03031874,Outros,4,yellow,4930201
56060720,Outros,12,yellow,4642702
18708608,41 - Construção de Edifícios,27,green,4120400
05595918,Outros,7,yellow,4744005
57859208,Outros,41,yellow,4731800
48633627,Outros,8,yellow,6463800
37505706,Outros,5,yellow,8610102
41164622,68 - Atividades Imobiliárias,2,red,6810201
19432332,Outros,8,yellow,4618401
30804353,Outros,8,yellow,4754701
26337452,Outros,3,yellow,7490104
53579507,Outros,2,yellow,8211300
25290831,41 - Construção de Edifícios,10,green,4110700
29478544,Outros,4,yellow,4744099
36015353,Outros,8,yellow,4729601
04065545,Outros,8,yellow,4781400
35710975,41 - Construção de Edifícios,11,green,4110700
46280550,Outros,7,yellow,7490103
30685974,Outros,3,yellow,3312102
04796905,41 - Construção de Edifícios,4,green,4120400
40281864,Outros,6,yellow,6911701
39684938,Outros,6,yellow,8513900
00784879,41 - Construção de Edifícios,9,green,4110700
28759993,68 - Atividades Imobiliárias,8,red,6822600
04901385,Outros,6,yellow,4617600
29139267,Outros,6,yellow,8630503
22380291,Outros,17,yellow,8230001
13209936,68 - Atividades Imobiliárias,4,red,6821801
11058976,Outros,40,yellow,4712100
10358896,41 - Construção de Edifícios,6,green,4120400
46281097,Outros,7,yellow,5611203
21783481,41 - Construção de Edifícios,21,green,4120400
18393658,68 - Atividades Imobiliárias,7,red,6810202
32564773,Outros,5,yellow,4930202
24108223,42 - Obras de Infraestrutura,2,blue,4211101
31893051,Outros,5,yellow,8121400
24197682,Outros,14,yellow,8610101
25328357,Outros,7,yellow,4618401
42113124,Outros,9,yellow,4754701
53121520,68 - Atividades Imobiliárias,8,red,6810202
35517311,Outros,19,yellow,4619200
07828497,Outros,10,yellow,9521500
24582596,Outros,4,yellow,1012101
30874272,Outros,15,yellow,4744099
48520164,Outros,11,yellow,8610101
30789357,Outros,7,yellow,4781400
40702960,Outros,10,yellow,6190601
83917104,Outros,4,yellow,4761003
10844923,Outros,10,yellow,8299706
54896922,Outros,2,yellow,6462000
23689512,Outros,5,yellow,5021102
57711501,Outros,8,yellow,8640207
29842764,Outros,3,yellow,4520001
32889202,Outros,6,yellow,4789009
34927765,Outros,5,yellow,7810800
34972321,Outros,4,yellow,8640202
01204185,Outros,3,yellow,4771701
18751399,Outros,6,yellow,4313400
36566244,Outros,17,yellow,4789005
03956459,41 - Construção de Edifícios,5,green,4120400
45609353,Outros,6,yellow,8630503
48659956,Outros,7,yellow,8630504
47739796,Outros,13,yellow,5320202
33151180,Outros,6,yellow,8121400
32399536,Outros,5,yellow,4663000
49944478,Outros,6,yellow,4729699
36986868,Outros,3,yellow,8630502
17489551,Outros,11,yellow,4530703
56258608,Outros,5,yellow,7731400
33258562,Outros,7,yellow,8630503
50152207,Outros,5,yellow,7119704
35429374,68 - Atividades Imobiliárias,5,red,6810202
44266895,Outros,5,yellow,4744001
44316688,Outros,4,yellow,4712100
28123922,Outros,10,yellow,4930202
57387226,Outros,19,yellow,1063500
22169745,Outros,5,yellow,1610203
55309208,Outros,4,yellow,4645101
08528519,Outros,41,yellow,4731800
48198589,Outros,9,yellow,4722901
57860781,Outros,4,yellow,7119701
50826962,Outros,7,yellow,6462000
49084202,Outros,3,yellow,7490199
17039621,Outros,6,yellow,8630504
01243399,Outros,5,yellow,5510801
46020166,Outros,3,yellow,4755502
52979675,Outros,12,yellow,7020400
43643845,Outros,3,yellow,4321500
18352188,41 - Construção de Edifícios,26,green,4110700
36634515,Outros,7,yellow,4731800
55178104,Outros,15,yellow,9311500
35336252,Outros,12,yellow,7490199
50103379,Outros,6,yellow,6463800
34128570,Outros,5,yellow,4789004
43182281,Outros,22,yellow,3600601
54888684,Outros,7,yellow,6204000
13220786,Outros,3,yellow,3104700
57951448,Outros,5,yellow,7020400
53712175,Outros,20,yellow,4744099
33530922,Outros,6,yellow,8211300
44809715,Outros,7,yellow,9609208
20637538,68 - Atividades Imobiliárias,6,red,6810201
48667370,Outros,41,yellow,4731800
30168673,Outros,11,yellow,4781400
02581315,41 - Construção de Edifícios,10,green,4120400
08144548,Outros,3,yellow,4744099
07166434,Outros,4,yellow,1031700
53999238,41 - Construção de Edifícios,12,green,4120400
49976047,Outros,2,yellow,1041400
13481344,Outros,7,yellow,5611204
00500837,Outros,8,yellow,7020400
05497400,Outros,31,yellow,4771701
15589589,41 - Construção de Edifícios,5,green,4110700
34808701,Outros,41,yellow,4731800
13363815,41 - Construção de Edifícios,4,green,4120400
04131527,Outros,4,yellow,5611204
05749465,Outros,14,yellow,4541206
17166598,Outros,8,yellow,9313100
55524217,41 - Construção de Edifícios,8,green,4110700
26770324,Outros,14,yellow,8610101
52226841,Outros,8,yellow,6204000
54965803,Outros,38,yellow,6201501
52953998,41 - Construção de Edifícios,4,green,4110700
08680566,68 - Atividades Imobiliárias,2,red,6810201
14339608,Outros,14,yellow,6920601
01767840,Outros,20,yellow,6010100
43761332,Outros,3,yellow,7739099
37142602,Outros,7,yellow,8630504
58016255,Outros,4,yellow,8599604
43535347,Outros,4,yellow,8630504
15761957,Outros,5,yellow,4530703
83919381,Outros,10,yellow,4744005
35796563,42 - Obras de Infraestrutura,3,blue,4292802
04135861,Outros,3,yellow,4615000
83839902,Outros,4,yellow,4784900
38535572,Outros,4,yellow,8512100
44012246,Outros,3,yellow,4744099
32084879,Outros,3,yellow,1610203
40710673,Outros,5,yellow,4511102
51761269,Outros,4,yellow,4520001
15106901,Outros,5,yellow,4929902
40907690,Outros,9,yellow,4774100
12261028,Outros,12,yellow,1121600
22085456,Outros,2,yellow,4711302
51123623,Outros,9,yellow,8640207
46236636,Outros,9,yellow,4754701
57139805,Outros,6,yellow,4321500
37244028,Outros,6,yellow,3103900
49475654,Outros,5,yellow,4774100
26371262,41 - Construção de Edifícios,2,green,4110700
28985098,Outros,6,yellow,4771704
15275597,Outros,7,yellow,4399104
36875084,Outros,10,yellow,4617600
12390805,Outros,3,yellow,4781400
24648824,Outros,3,yellow,4784900
37408057,Outros,11,yellow,7911200
01512723,Outros,4,yellow,0151201
17881579,Outros,5,yellow,4784900
13580079,Outros,10,yellow,4712100
38560895,Outros,7,yellow,4683400
51418907,Outros,3,yellow,7319003
53209188,68 - Atividades Imobiliárias,19,red,6810201
83859231,Outros,17,yellow,4711302
34907486,Outros,6,yellow,4712100
02098685,42 - Obras de Infraestrutura,9,blue,4221902
38347237,Outros,6,yellow,3314702
46755673,Outros,6,yellow,4712100
48125531,Outros,13,yellow,7319004
02804167,Outros,6,yellow,4712100
45746520,Outros,5,yellow,4723700
11188852,Outros,55,yellow,8230001
39491373,Outros,15,yellow,7119703
42338125,Outros,6,yellow,8630504
53304488,Outros,11,yellow,4679699
54666354,Outros,4,yellow,7490103
56971671,Outros,3,yellow,4729602
52951606,Outros,7,yellow,4692300
51655865,Outros,6,yellow,4321500
53767907,Outros,3,yellow,4723700
53208704,Outros,17,yellow,4731800
25010370,Outros,10,yellow,7112000
56345917,Outros,5,yellow,4712100
28345039,41 - Construção de Edifícios,4,green,4120400
54653109,Outros,7,yellow,5611204
53090342,Outros,6,yellow,4511102
04433973,Outros,4,yellow,4530703
02316599,41 - Construção de Edifícios,6,green,4120400
45955214,Outros,8,yellow,4313400
27796490,Outros,6,yellow,4731800
51046785,Outros,6,yellow,4784900
05669458,Outros,6,yellow,4712100
07388430,41 - Construção de Edifícios,5,green,4120400
83380923,Outros,4,yellow,8230002
19337601,68 - Atividades Imobiliárias,6,red,6810201
44962080,Outros,7,yellow,8111700
27642548,Outros,2,yellow,6110803
09231652,Outros,6,yellow,3299099
04713140,Outros,7,yellow,4742300
38050329,41 - Construção de Edifícios,9,green,4110700
27124998,Outros,5,yellow,1091102
35897048,Outros,4,yellow,8412400
34163651,Outros,4,yellow,4744099
55305952,Outros,12,yellow,1066000
31353578,Outros,32,yellow,8610102
54496726,42 - Obras de Infraestrutura,4,blue,4211102
12963640,Outros,10,yellow,4930202
14492044,41 - Construção de Edifícios,2,green,4120400
53051209,Outros,11,yellow,4530703
08187836,Outros,10,yellow,4711302
06915272,Outros,21,yellow,2330305
37992482,Outros,4,yellow,4744099
54498618,41 - Construção de Edifícios,19,green,4110700
41101724,Outros,5,yellow,4619200
52905513,Outros,9,yellow,0151201
54835851,41 - Construção de Edifícios,9,green,4110700
58262928,Outros,2,yellow,7119702
17909341,Outros,3,yellow,0220901
54346204,Outros,2,yellow,4731800
27646888,Outros,7,yellow,6911701
19256258,Outros,10,yellow,7732201
12455695,Outros,18,yellow,8630503
07670993,42 - Obras de Infraestrutura,4,blue,4299599
53049576,Outros,9,yellow,8230002
08217446,Outros,2,yellow,4754701
35040545,41 - Construção de Edifícios,21,green,4110700
15741754,Outros,41,yellow,4731800
29967625,Outros,17,yellow,4731800
01785921,Outros,29,yellow,6319400
44577379,Outros,9,yellow,1121600
33373675,Outros,4,yellow,7112000
08857306,Outros,13,yellow,6491300
33693549,Outros,6,yellow,4321500
15334501,Outros,5,yellow,7111100
13466770,Outros,8,yellow,4921302
39676126,Outros,5,yellow,4741500
35796094,Outros,7,yellow,1813001
51009636,Outros,7,yellow,5022002
54246345,Outros,3,yellow,4634603
05272874,Outros,6,yellow,6492100
39497472,Outros,10,yellow,8660700
51861676,41 - Construção de Edifícios,7,green,4110700
45323958,Outros,7,yellow,8111700
00929855,Outros,14,yellow,4753900
46556522,Outros,2,yellow,4712100
54184008,41 - Construção de Edifícios,25,green,4110700
28431884,Outros,9,yellow,8630503
40188027,Outros,4,yellow,1610203
30879890,68 - Atividades Imobiliárias,14,red,6810201
03228396,Outros,6,yellow,4930202
83375071,41 - Construção de Edifícios,6,green,4120400
21917642,Outros,9,yellow,5620102
34860254,41 - Construção de Edifícios,5,green,4120400
39548829,Outros,11,yellow,4711302
43438958,Outros,3,yellow,4679699
46649690,Outros,5,yellow,8130300
47784049,Outros,4,yellow,8230002
40184687,Outros,4,yellow,4712100
23518553,42 - Obras de Infraestrutura,2,blue,4292802
02202173,Outros,27,yellow,8610101
20547974,Outros,41,yellow,4731800
27197397,Outros,3,yellow,4321500
40316459,Outros,12,yellow,8660700
06217516,41 - Construção de Edifícios,6,green,4120400
35440665,41 - Construção de Edifícios,18,green,4110700
56041165,Outros,4,yellow,5611203
34437051,Outros,4,yellow,3600601
24957918,Outros,7,yellow,4530703
27299058,Outros,7,yellow,3702900
22246741,41 - Construção de Edifícios,7,green,4110700
34845752,Outros,15,yellow,4673700
33508320,Outros,5,yellow,4511101
37967798,Outros,2,yellow,0139305
53181438,Outros,6,yellow,7020400
83368993,Outros,10,yellow,4731800
07238665,Outros,7,yellow,5211799
37095327,Outros,2,yellow,4642702
43944195,Outros,14,yellow,8630502
57726453,41 - Construção de Edifícios,25,green,4110700
09202012,Outros,11,yellow,4930201
01756601,Outros,4,yellow,8513900
25174833,Outros,4,yellow,8610101
05368631,Outros,5,yellow,4721104
05604356,Outros,8,yellow,8650099
45129411,Outros,2,yellow,4771704
21397783,Outros,9,yellow,7711000
05332290,Outros,2,yellow,4789099
27283131,Outros,12,yellow,4520006
50776147,Outros,15,yellow,1822999
33745782,Outros,7,yellow,4752100
41949880,Outros,11,yellow,9602502
28860289,41 - Construção de Edifícios,10,green,4110700
01400355,Outros,17,yellow,4511101
24941006,Outros,7,yellow,8299799
36498730,68 - Atividades Imobiliárias,6,red,6810201
08679561,Outros,37,yellow,4635402
04216876,Outros,29,yellow,5112901
44403421,Outros,10,yellow,6190601
17644498,Outros,9,yellow,8599603
13838508,Outros,6,yellow,4712100
30141307,Outros,4,yellow,4742300
27103179,41 - Construção de Edifícios,9,green,4120400
46862781,Outros,16,yellow,4692300
16867560,Outros,3,yellow,7112000
42632898,41 - Construção de Edifícios,4,green,4110700
09445760,Outros,9,yellow,2710401
13881417,41 - Construção de Edifícios,5,green,4120400
16904972,Outros,5,yellow,4671100
07800966,42 - Obras de Infraestrutura,6,blue,4221902
54137324,Outros,13,yellow,0810004
24531971,Outros,17,yellow,6619399
04009190,42 - Obras de Infraestrutura,5,blue,4221904
57412589,41 - Construção de Edifícios,31,green,4120400
18486298,68 - Atividades Imobiliárias,12,red,6810203
04508780,Outros,12,yellow,4644301
43842338,Outros,6,yellow,8640202
11659162,41 - Construção de Edifícios,11,green,4120400
10941308,Outros,6,yellow,7311400
30680195,Outros,8,yellow,9313100
07919179,Outros,13,yellow,8640205
46731605,Outros,3,yellow,4930202
26307000,Outros,2,yellow,7112000
42271355,Outros,5,yellow,4742300
32436480,Outros,8,yellow,7112000
11339572,41 - Construção de Edifícios,47,green,4110700
04912788,Outros,7,yellow,4743100
15839785,41 - Construção de Edifícios,2,green,4120400
50749622,41 - Construção de Edifícios,4,green,4120400
55797335,Outros,12,yellow,4731800
22306097,Outros,14,yellow,4639701
44929051,Outros,7,yellow,7112000
28449630,Outros,4,yellow,1610203
06087277,41 - Construção de Edifícios,15,green,4120400
28277240,Outros,17,yellow,4924800
27935946,Outros,11,yellow,3317101
30588807,Outros,7,yellow,9311500
58032296,Outros,6,yellow,4753900
13185927,Outros,6,yellow,7739099
22328699,41 - Construção de Edifícios,10,green,4120400
14913641,41 - Construção de Edifícios,7,green,4120400
05474312,Outros,5,yellow,6911701
23584762,Outros,12,yellow,4623105
24875571,41 - Construção de Edifícios,7,green,4110700
43410185,Outros,5,yellow,5611205
02296385,Outros,2,yellow,4930202
50800787,Outros,10,yellow,4520001
10653175,68 - Atividades Imobiliárias,7,red,6810202
31417929,Outros,4,yellow,7020400
25336228,Outros,5,yellow,7112000
38449067,Outros,5,yellow,2330301
26965192,Outros,4,yellow,8211300
08604284,Outros,30,yellow,4731800
47725170,Outros,2,yellow,7119701
04551271,41 - Construção de Edifícios,2,green,4110700
50119108,Outros,15,yellow,6462000
38388313,Outros,4,yellow,4731800
21316122,68 - Atividades Imobiliárias,10,red,6810202
22918262,Outros,3,yellow,6010100
31303286,Outros,6,yellow,0230600
08046067,Outros,4,yellow,4744099
11162439,41 - Construção de Edifícios,2,green,4120400
63804116,Outros,29,yellow,8230002
07617879,Outros,6,yellow,0810008
30732216,Outros,5,yellow,4774100
55320461,68 - Atividades Imobiliárias,6,red,6810202
16909810,42 - Obras de Infraestrutura,5,blue,4221904
17982491,Outros,9,yellow,4930202
49335807,68 - Atividades Imobiliárias,12,red,6810202
08683999,41 - Construção de Edifícios,16,green,4120400
16558404,68 - Atividades Imobiliárias,7,red,6810202
05005533,Outros,5,yellow,0111399
56212443,41 - Construção de Edifícios,8,green,4120400
40283599,Outros,5,yellow,4789001
11432191,Outros,4,yellow,8650007
24429020,Outros,38,yellow,5250804
02644085,Outros,6,yellow,1069400
40777481,Outros,5,yellow,6462000
35518033,Outros,17,yellow,6462000
12745604,Outros,9,yellow,8599601
22711023,Outros,29,yellow,6462000
04368467,Outros,12,yellow,8211300
28987039,68 - Atividades Imobiliárias,7,red,6821801
03970826,Outros,19,yellow,8531700
05248067,Outros,7,yellow,0151201
56660430,42 - Obras de Infraestrutura,19,blue,4291000
06145428,Outros,13,yellow,6550200
35162349,Outros,7,yellow,4673700
38493454,68 - Atividades Imobiliárias,22,red,6810201
16995727,Outros,6,yellow,4530705
15522348,41 - Construção de Edifícios,35,green,4110700
05992814,68 - Atividades Imobiliárias,8,red,6810201
42621451,Outros,13,yellow,6462000
11144040,Outros,6,yellow,3511501
27491793,41 - Construção de Edifícios,21,green,4110700
13656853,Outros,6,yellow,4686902
06037193,41 - Construção de Edifícios,14,green,4110700
42026878,Outros,5,yellow,6319400
08543124,41 - Construção de Edifícios,7,green,4120400
40364475,Outros,6,yellow,8610101
33859709,Outros,6,yellow,7119702
56197324,42 - Obras de Infraestrutura,18,blue,4211101
47459363,41 - Construção de Edifícios,11,green,4110700
27739595,41 - Construção de Edifícios,4,green,4120400
56604016,Outros,4,yellow,5611201
07925050,41 - Construção de Edifícios,12,green,4120400
28799388,Outros,7,yellow,4757100
06145864,Outros,3,yellow,6911701
48790338,Outros,11,yellow,6462000
04274851,41 - Construção de Edifícios,4,green,4120400
44618737,68 - Atividades Imobiliárias,11,red,6810202
11240495,Outros,8,yellow,8121400
05201140,Outros,7,yellow,0151201
09445405,Outros,7,yellow,4772500
35657820,68 - Atividades Imobiliárias,14,red,6810202
23528778,Outros,41,yellow,4731800
46166002,68 - Atividades Imobiliárias,13,red,6810201
06320674,Outros,6,yellow,7732201
19487871,Outros,3,yellow,4731800
48328555,41 - Construção de Edifícios,29,green,4110700
11779363,68 - Atividades Imobiliárias,3,red,6810201
27854205,68 - Atividades Imobiliárias,14,red,6810202
15758378,41 - Construção de Edifícios,2,green,4120400
49582386,Outros,9,yellow,4712100
53049754,Outros,10,yellow,9313100
21302215,Outros,6,yellow,7020400
04945986,Outros,6,yellow,7112000
21940110,Outros,3,yellow,4781400
29247839,42 - Obras de Infraestrutura,17,blue,4222701
31364863,Outros,13,yellow,6130200
49747088,41 - Construção de Edifícios,8,green,4120400
28399610,41 - Construção de Edifícios,41,green,4120400
21062604,Outros,15,yellow,4530706
01489611,Outros,4,yellow,4744099
50974809,Outros,7,yellow,7020400
41014318,41 - Construção de Edifícios,6,green,4120400
12132917,41 - Construção de Edifícios,16,green,4110700
28487330,Outros,12,yellow,7112000
08838110,68 - Atividades Imobiliárias,31,red,6810202
24342692,41 - Construção de Edifícios,5,green,4120400
54877610,Outros,6,yellow,4520005
04710943,41 - Construção de Edifícios,2,green,4120400
12816833,41 - Construção de Edifícios,7,green,4110700
05441787,68 - Atividades Imobiliárias,20,red,6810202
44564204,Outros,11,yellow,6619399
29800516,68 - Atividades Imobiliárias,5,red,6822600
34141749,Outros,5,yellow,4781400
21877142,Outros,7,yellow,6491300
23147576,68 - Atividades Imobiliárias,8,red,6810202
03869472,41 - Construção de Edifícios,6,green,4120400
40015013,41 - Construção de Edifícios,9,green,4110700
30746824,Outros,7,yellow,4642702
41372115,Outros,15,yellow,7739002
12100025,41 - Construção de Edifícios,26,green,4120400
57795566,Outros,9,yellow,4541203
15264385,Outros,4,yellow,4930201
18341092,41 - Construção de Edifícios,21,green,4110700
31500254,Outros,13,yellow,7112000
51903677,Outros,9,yellow,4711302
40117474,Outros,4,yellow,5022002
13502124,68 - Atividades Imobiliárias,10,red,6810202
44125923,Outros,9,yellow,7112000
07470621,Outros,4,yellow,4930202
07393337,41 - Construção de Edifícios,17,green,4110700
57886627,Outros,12,yellow,6911701
57528712,41 - Construção de Edifícios,14,green,4110700
45542777,42 - Obras de Infraestrutura,7,blue,4213800
30494420,Outros,7,yellow,6462000
08861576,68 - Atividades Imobiliárias,20,red,6810202
55413071,41 - Construção de Edifícios,20,green,4110700
51666647,Outros,9,yellow,2330301
05467681,Outros,3,yellow,4763603
55534246,41 - Construção de Edifícios,11,green,4120400
16940771,Outros,4,yellow,8599699
26720419,41 - Construção de Edifícios,13,green,4110700
23006602,68 - Atividades Imobiliárias,15,red,6810202
27188364,68 - Atividades Imobiliárias,5,red,6810201
04758223,Outros,17,yellow,8610101
37416022,68 - Atividades Imobiliárias,12,red,6822600
10404940,Outros,11,yellow,1031700
02248483,68 - Atividades Imobiliárias,7,red,6810202
44801964,Outros,6,yellow,3313999
40936968,Outros,7,yellow,5620104
35512491,Outros,9,yellow,1113502
36915933,Outros,5,yellow,5611201
11911912,Outros,11,yellow,1121600
04894580,Outros,16,yellow,8211300
34919721,68 - Atividades Imobiliárias,21,red,6821801
50965558,41 - Construção de Edifícios,27,green,4110700
15356894,Outros,6,yellow,4781400
26805909,Outros,21,yellow,8532500
20318219,Outros,8,yellow,1031700
00649895,Outros,4,yellow,4689301
38006053,42 - Obras de Infraestrutura,20,blue,4211101
47697462,Outros,4,yellow,4541204
41424522,68 - Atividades Imobiliárias,8,red,6810202
33220071,41 - Construção de Edifícios,5,green,4120400
21036584,Outros,6,yellow,6920601
11554000,41 - Construção de Edifícios,5,green,4120400
29329280,Outros,30,yellow,6462000
14862196,Outros,36,yellow,6462000
11728366,41 - Construção de Edifícios,15,green,4110700
24280011,Outros,9,yellow,4652400
02573661,Outros,7,yellow,6920601
33754667,Outros,6,yellow,1091102
41719884,Outros,13,yellow,4639701
03597636,Outros,5,yellow,5030103
42793884,Outros,13,yellow,6462000
28479893,Outros,5,yellow,4781400
10447607,Outros,5,yellow,4391600
13590728,Outros,6,yellow,0230600
12627066,Outros,5,yellow,4634603
37605145,Outros,6,yellow,4722902
14631621,Outros,38,yellow,6462000
02668300,Outros,8,yellow,4645101
83372813,Outros,8,yellow,4681802
53977131,Outros,4,yellow,7311400
11194335,Outros,4,yellow,4729699
54609071,Outros,12,yellow,6462000
13581346,Outros,6,yellow,3314702
11344254,Outros,10,yellow,4781400
21171923,41 - Construção de Edifícios,44,green,4120400
42703472,Outros,14,yellow,6463800
52224426,Outros,7,yellow,8650001
08222907,Outros,12,yellow,3514000
43011102,41 - Construção de Edifícios,23,green,4110700
11409892,Outros,6,yellow,8211300
28592039,41 - Construção de Edifícios,36,green,4120400
10313085,Outros,3,yellow,4753900
01520248,Outros,30,yellow,4646001
37257564,Outros,5,yellow,3811400
40777483,Outros,11,yellow,6462000
21002392,Outros,14,yellow,7912100
19568145,68 - Atividades Imobiliárias,11,red,6810202
15297070,Outros,11,yellow,6462000
45918291,Outros,5,yellow,0220901
11322001,41 - Construção de Edifícios,16,green,4120400
33531272,68 - Atividades Imobiliárias,6,red,6810201
35072833,Outros,4,yellow,4399199
18082457,Outros,4,yellow,4772500
21338309,41 - Construção de Edifícios,12,green,4120400
41507783,Outros,25,yellow,6462000
48468765,Outros,9,yellow,4641901
01680656,Outros,6,yellow,4321500
22424442,Outros,24,yellow,6462000
24090419,68 - Atividades Imobiliárias,27,red,6810201
34261920,Outros,14,yellow,3011302
07987570,41 - Construção de Edifícios,17,green,4110700
25199679,Outros,7,yellow,0151201
15761042,Outros,4,yellow,4530703
08385176,Outros,4,yellow,4729699
17096246,41 - Construção de Edifícios,16,green,4120400
19574915,Outros,21,yellow,6462000
42042237,Outros,15,yellow,7112000
29759870,Outros,4,yellow,7112000
23640551,68 - Atividades Imobiliárias,9,red,6822600
37176583,41 - Construção de Edifícios,2,green,4120400
57633381,Outros,14,yellow,7020400
16384163,68 - Atividades Imobiliárias,7,red,6810202
07853641,Outros,7,yellow,4511103
04952396,68 - Atividades Imobiliárias,23,red,6810202
04900684,68 - Atividades Imobiliárias,8,red,6810202
55493240,Outros,8,yellow,6463800
32245462,68 - Atividades Imobiliárias,23,red,6810201
08000955,Outros,2,yellow,4639701
54049487,Outros,11,yellow,4759899
37828319,Outros,8,yellow,6462000
54149287,Outros,24,yellow,4541203
22613198,Outros,8,yellow,6462000
05442439,Outros,10,yellow,5212500
26833835,Outros,10,yellow,8630502
09110926,41 - Construção de Edifícios,59,green,4110700
04970687,Outros,6,yellow,2511000
52644030,Outros,28,yellow,0151201
03415533,Outros,6,yellow,5021102
09529408,41 - Construção de Edifícios,21,green,4120400
18066521,Outros,8,yellow,4612500
04927695,68 - Atividades Imobiliárias,9,red,6810202
27929358,Outros,5,yellow,8610101
13095405,Outros,4,yellow,8299799
08179168,Outros,3,yellow,1610203
21279131,Outros,15,yellow,6462000
10443098,68 - Atividades Imobiliárias,18,red,6810202
50909961,Outros,11,yellow,6462000
83330902,41 - Construção de Edifícios,6,green,4120400
63857395,Outros,4,yellow,4784900
43260350,Outros,3,yellow,4623199
10290217,41 - Construção de Edifícios,12,green,4110700
25152209,Outros,7,yellow,7732201
57832184,Outros,29,yellow,5510801
15340397,Outros,3,yellow,7112000
05347279,Outros,9,yellow,7112000
12680608,Outros,7,yellow,7112000
22579220,Outros,6,yellow,1092900
48514425,Outros,23,yellow,6462000
83211128,41 - Construção de Edifícios,15,green,4120400
21403781,68 - Atividades Imobiliárias,6,red,6810202
37022648,Outros,12,yellow,4681802
07336180,68 - Atividades Imobiliárias,7,red,6810202
16553252,Outros,3,yellow,9313100
04228531,Outros,9,yellow,4930203
56197605,42 - Obras de Infraestrutura,18,blue,4211101
40593909,Outros,15,yellow,6462000
22983316,42 - Obras de Infraestrutura,9,blue,4211101
31211327,Outros,23,yellow,6491300
33615435,Outros,5,yellow,0220903
30181304,Outros,13,yellow,2330305
11161172,Outros,10,yellow,8211300
63851000,68 - Atividades Imobiliárias,23,red,6810202
52683891,Outros,10,yellow,4729699
52904599,Outros,31,yellow,6462000
23427281,41 - Construção de Edifícios,13,green,4110700
08762127,Outros,10,yellow,4731800
38244840,42 - Obras de Infraestrutura,12,blue,4211101
02547285,41 - Construção de Edifícios,5,green,4120400
23319181,Outros,6,yellow,8513900
50296978,Outros,17,yellow,6462000
34903229,41 - Construção de Edifícios,7,green,4120400
05783082,41 - Construção de Edifícios,8,green,4120400
13603497,41 - Construção de Edifícios,7,green,4120400
27520027,Outros,7,yellow,4782201
02341176,Outros,6,yellow,5239799
21051472,41 - Construção de Edifícios,23,green,4110700
43691330,Outros,17,yellow,6462000
09404683,Outros,14,yellow,8610101
07090782,Outros,6,yellow,4399103
04521575,41 - Construção de Edifícios,5,green,4120400
06696322,41 - Construção de Edifícios,5,green,4120400
44374020,41 - Construção de Edifícios,19,green,4110700
46881535,Outros,26,yellow,0151201
08966851,41 - Construção de Edifícios,35,green,4110700
04898698,Outros,18,yellow,4711302
13251309,41 - Construção de Edifícios,9,green,4110700
33102290,Outros,4,yellow,8630503
19210249,Outros,6,yellow,7319002
43092012,68 - Atividades Imobiliárias,18,red,6810203
51235640,Outros,6,yellow,4645101
37841374,Outros,5,yellow,5320202
06048986,Outros,6,yellow,9602502
30866642,Outros,12,yellow,4691500
57486261,41 - Construção de Edifícios,14,green,4110700
14142921,Outros,31,yellow,0162899
48528560,Outros,27,yellow,6462000
39350516,Outros,10,yellow,5611201
41019135,Outros,9,yellow,3313999
41449903,68 - Atividades Imobiliárias,9,red,6810202
17587264,Outros,14,yellow,7911200
22337116,Outros,7,yellow,4712100
42480597,Outros,6,yellow,9603301
36905323,Outros,11,yellow,8630503
31872330,Outros,5,yellow,0710301
54885487,42 - Obras de Infraestrutura,25,blue,4291000
34396959,Outros,15,yellow,4731800
03915112,68 - Atividades Imobiliárias,6,red,6810202
42507899,41 - Construção de Edifícios,34,green,4110700
21848243,41 - Construção de Edifícios,18,green,4120400
02995881,42 - Obras de Infraestrutura,8,blue,4211101
10942627,Outros,10,yellow,8599604
20663960,68 - Atividades Imobiliárias,16,red,6810202
49022989,41 - Construção de Edifícios,6,green,4120400
41146559,Outros,5,yellow,4744001
37814743,Outros,6,yellow,8599604
25257333,Outros,58,yellow,7490199
05639153,Outros,12,yellow,4781400
21490094,41 - Construção de Edifícios,8,green,4110700
05878896,Outros,11,yellow,4744099
04938437,Outros,10,yellow,8610102
48534725,68 - Atividades Imobiliárias,34,red,6810201
20174961,68 - Atividades Imobiliárias,10,red,6821801
46286669,Outros,11,yellow,6463800
31481031,41 - Construção de Edifícios,5,green,4120400
50124913,Outros,24,yellow,6462000
11566218,Outros,13,yellow,4712100
02230061,Outros,9,yellow,8520100
11076908,41 - Construção de Edifícios,23,green,4120400
52610053,68 - Atividades Imobiliárias,27,red,6810201
41260285,Outros,7,yellow,7112000
14839089,Outros,6,yellow,7112000
34192343,41 - Construção de Edifícios,12,green,4120400
41542130,Outros,8,yellow,4930202
57247625,Outros,8,yellow,4930202
34309741,Outros,3,yellow,7112000
05513855,41 - Construção de Edifícios,2,green,4110700
45578249,68 - Atividades Imobiliárias,12,red,6810202
38321181,Outros,2,yellow,4530703
42932312,41 - Construção de Edifícios,20,green,4110700
14556222,Outros,3,yellow,7112000
08207772,Outros,5,yellow,1032501
17252899,68 - Atividades Imobiliárias,14,red,6810202
11234395,41 - Construção de Edifícios,7,green,4110700
15170751,68 - Atividades Imobiliárias,3,red,6810202
09110955,41 - Construção de Edifícios,59,green,4110700
03458174,41 - Construção de Edifícios,9,green,4120400
09163060,Outros,2,yellow,4744099
00791212,Outros,10,yellow,5223100
30090866,68 - Atividades Imobiliárias,3,red,6810201
08436007,Outros,7,yellow,6462000
19532039,Outros,40,yellow,6462000
04579488,Outros,6,yellow,8610102
04352504,41 - Construção de Edifícios,5,green,4120400
10516075,68 - Atividades Imobiliárias,6,red,6810201
48429715,Outros,5,yellow,7490104
23614691,Outros,11,yellow,6463800
12534508,Outros,9,yellow,4731800
31975245,41 - Construção de Edifícios,11,green,4110700
51861009,Outros,12,yellow,8630599
43574893,41 - Construção de Edifícios,3,green,4120400
19046130,Outros,24,yellow,8650099
54229231,41 - Construção de Edifícios,23,green,4110700
55597833,Outros,9,yellow,4321500
55957988,Outros,4,yellow,4329104
22860105,68 - Atividades Imobiliárias,7,red,6822600
47442676,Outros,5,yellow,4689301
10293789,Outros,2,yellow,5620101
50086253,Outros,17,yellow,1099604
42078747,Outros,3,yellow,7119702
13706299,68 - Atividades Imobiliárias,5,red,6810201
29435338,68 - Atividades Imobiliárias,10,red,6810201
10899584,41 - Construção de Edifícios,14,green,4120400
25150035,Outros,12,yellow,4930202
12676701,68 - Atividades Imobiliárias,36,red,6810201
11508947,41 - Construção de Edifícios,19,green,4120400
07869058,Outros,18,yellow,8299799
45357063,68 - Atividades Imobiliárias,2,red,6810202
30107701,68 - Atividades Imobiliárias,8,red,6810202
20686836,68 - Atividades Imobiliárias,10,red,6810202
38651976,Outros,5,yellow,1623400
51527404,Outros,7,yellow,4744001
05726796,Outros,5,yellow,7020400
01287351,Outros,3,yellow,0151201
41604880,42 - Obras de Infraestrutura,18,blue,4211101
28154395,Outros,12,yellow,5590699
07637324,Outros,9,yellow,4691500
04503910,41 - Construção de Edifícios,9,green,4120400
53056705,Outros,12,yellow,7740300
18516869,41 - Construção de Edifícios,27,green,4120400
31646791,Outros,4,yellow,4729699
26341686,Outros,19,yellow,1033301
40341393,Outros,5,yellow,4712100
57043963,Outros,11,yellow,4639701
09528663,68 - Atividades Imobiliárias,3,red,6810202
09269331,Outros,12,yellow,1121600
54337634,41 - Construção de Edifícios,32,green,4110700
18677248,Outros,6,yellow,4541206
53650948,Outros,5,yellow,4679699
03469173,Outros,7,yellow,5611201
08246259,Outros,5,yellow,8011101
42319873,Outros,5,yellow,4751201
39642901,68 - Atividades Imobiliárias,19,red,6810202
31205691,41 - Construção de Edifícios,23,green,4110700
04993390,Outros,28,yellow,6010100
50720539,Outros,4,yellow,3511501
10243905,41 - Construção de Edifícios,47,green,4120400
44459996,Outros,6,yellow,6491300
04717641,41 - Construção de Edifícios,12,green,4120400
02857897,Outros,17,yellow,6141800
10716210,68 - Atividades Imobiliárias,20,red,6810201
05994636,Outros,11,yellow,4721103
24299929,Outros,4,yellow,9329804
17086225,68 - Atividades Imobiliárias,18,red,6810203
57363999,41 - Construção de Edifícios,23,green,4110700
11447622,41 - Construção de Edifícios,5,green,4120400
12193763,41 - Construção de Edifícios,6,green,4120400
07910811,Outros,26,yellow,4755501
32434747,41 - Construção de Edifícios,5,green,4110700
38651268,41 - Construção de Edifícios,24,green,4110700
06333651,Outros,12,yellow,4731800
09263861,Outros,6,yellow,6920601
18284403,41 - Construção de Edifícios,2,green,4120400
22414625,Outros,4,yellow,9313100
24576409,42 - Obras de Infraestrutura,8,blue,4222701
24379921,Outros,4,yellow,8630502
07778090,41 - Construção de Edifícios,53,green,4110700
58171437,Outros,17,yellow,7732201
27964315,68 - Atividades Imobiliárias,7,red,6821801
35127803,Outros,5,yellow,6203100
09166032,68 - Atividades Imobiliárias,5,red,6822600
13897581,Outros,30,yellow,4693100
83310177,41 - Construção de Edifícios,6,green,4120400
57262161,Outros,10,yellow,2421100
51218898,Outros,5,yellow,5211701
07791787,Outros,40,yellow,4311802
01635958,Outros,4,yellow,4611700
17766552,41 - Construção de Edifícios,3,green,4120400
39856461,Outros,5,yellow,4744099
08783767,Outros,14,yellow,5510801
12645993,Outros,13,yellow,1041400
14773658,41 - Construção de Edifícios,4,green,4110700
05753671,Outros,12,yellow,7112000
17192091,41 - Construção de Edifícios,5,green,4120400
08759700,Outros,6,yellow,4744099
14133060,Outros,6,yellow,6462000
04111209,Outros,15,yellow,4731800
25316468,42 - Obras de Infraestrutura,22,blue,4222701
37181061,42 - Obras de Infraestrutura,2,blue,4292802
43732484,Outros,3,yellow,4645101
10320549,68 - Atividades Imobiliárias,13,red,6822600
39329738,Outros,9,yellow,4641901
57274451,41 - Construção de Edifícios,27,green,4120400
41521896,Outros,4,yellow,4781400
01914777,Outros,5,yellow,9430800
07880593,Outros,3,yellow,9430800
04442655,42 - Obras de Infraestrutura,6,blue,4211101
83655282,Outros,3,yellow,4789001
05518819,Outros,7,yellow,4744005
12218992,Outros,14,yellow,9499500
14469777,Outros,5,yellow,8550301
03102181,Outros,6,yellow,4530703
05123318,Outros,3,yellow,9430800
48967438,Outros,3,yellow,8550301
06217477,Outros,10,yellow,4731800
03654033,Outros,16,yellow,6462000
22974380,Outros,6,yellow,4399104
36715003,Outros,3,yellow,9499500
04980461,42 - Obras de Infraestrutura,3,blue,4222701
52663521,Outros,9,yellow,8011101
05157306,Outros,7,yellow,9430800
11132304,Outros,10,yellow,9491000
11242965,Outros,4,yellow,9430800
46633075,41 - Construção de Edifícios,23,green,4120400
06311615,Outros,6,yellow,9430800
26146336,Outros,15,yellow,8550301
31695815,Outros,3,yellow,4923001
03165104,Outros,7,yellow,8513900
01905015,Outros,9,yellow,9430800
02484126,41 - Construção de Edifícios,3,green,4120400
21391028,Outros,14,yellow,9430800
10711226,Outros,2,yellow,9499500
46251157,42 - Obras de Infraestrutura,14,blue,4213800
05064462,Outros,7,yellow,9430800
51714217,41 - Construção de Edifícios,16,green,4120400
54855999,Outros,7,yellow,9430800
51825389,Outros,4,yellow,9493600
14092415,Outros,4,yellow,9430800
48552524,Outros,6,yellow,9491000
40130287,Outros,11,yellow,8550301
34591310,Outros,20,yellow,9319101
83898387,Outros,6,yellow,6491300
00647183,Outros,17,yellow,4616800
02394737,Outros,6,yellow,9430800
01929295,Outros,5,yellow,9430800
05632999,Outros,5,yellow,9499500
10221711,Outros,6,yellow,9491000
55131515,42 - Obras de Infraestrutura,3,blue,4212000
04965976,68 - Atividades Imobiliárias,3,red,6810202
14108947,Outros,4,yellow,9499500
19770132,68 - Atividades Imobiliárias,5,red,6822600
45936725,Outros,26,yellow,3511502
42042106,Outros,9,yellow,4921302
28074990,Outros,4,yellow,9430800
29258204,Outros,4,yellow,8550301
11712835,Outros,4,yellow,8550301
04986493,41 - Construção de Edifícios,17,green,4110700
52073091,Outros,4,yellow,4313400
10141151,42 - Obras de Infraestrutura,8,blue,4299599
03143991,Outros,5,yellow,9430800
37657857,Outros,9,yellow,3511502
24950634,Outros,7,yellow,9430800
08154120,41 - Construção de Edifícios,17,green,4120400
05822074,Outros,6,yellow,8512100
57705545,Outros,5,yellow,9430800
04423027,41 - Construção de Edifícios,5,green,4110700
03182288,Outros,9,yellow,9430800
28452640,Outros,7,yellow,4313400
10397026,Outros,14,yellow,9412099
06938776,Outros,3,yellow,9430800
46687601,Outros,13,yellow,7112000
45085822,Outros,10,yellow,7210000
26773334,Outros,17,yellow,9430800
21481139,Outros,3,yellow,8550301
01925252,Outros,15,yellow,8550301
44463761,42 - Obras de Infraestrutura,16,blue,4212000
34639815,Outros,14,yellow,9430800
03686767,Outros,23,yellow,9430800
33932590,42 - Obras de Infraestrutura,11,blue,4211101
03190249,Outros,8,yellow,8513900
49090964,Outros,9,yellow,6499999
22455804,Outros,4,yellow,9430800
20552960,Outros,7,yellow,9499500
09243071,Outros,5,yellow,8513900
34679456,Outros,20,yellow,9411100
34891176,Outros,8,yellow,9491000
22739645,Outros,10,yellow,9420100
10766643,Outros,3,yellow,9491000
27782355,Outros,5,yellow,9499500
02611132,Outros,6,yellow,9430800
05575188,Outros,12,yellow,9312300
83333237,Outros,20,yellow,4530705
22979637,Outros,5,yellow,0151202
31531257,Outros,6,yellow,4623108
04367720,Outros,12,yellow,9430800
55266608,Outros,8,yellow,9491000
03649565,Outros,8,yellow,2511000
01834444,Outros,15,yellow,9430800
12089293,Outros,23,yellow,9491000
22525317,Outros,5,yellow,9499500
02289157,Outros,10,yellow,7490101
50401555,Outros,2,yellow,3329599
01892166,Outros,6,yellow,4930201
08214717,Outros,14,yellow,9430800
04991576,41 - Construção de Edifícios,9,green,4120400
07886277,41 - Construção de Edifícios,18,green,4120400
29999452,42 - Obras de Infraestrutura,3,blue,4211101
55590398,Outros,15,yellow,7112000
10716301,42 - Obras de Infraestrutura,16,blue,4222701
32027728,Outros,3,yellow,8513900
54328041,Outros,12,yellow,3811400
04974689,Outros,8,yellow,9411100
49275814,41 - Construção de Edifícios,11,green,4120400
05403050,Outros,6,yellow,8520100
22942684,Outros,5,yellow,9412099
12956302,Outros,5,yellow,9411100
32086495,41 - Construção de Edifícios,4,green,4120400
08107424,41 - Construção de Edifícios,17,green,4120400
24819389,68 - Atividades Imobiliárias,7,red,6822600
22106597,41 - Construção de Edifícios,3,green,4110700
57516830,Outros,6,yellow,8550302
03182558,Outros,7,yellow,8630501
07456063,Outros,6,yellow,9430800
51023682,Outros,7,yellow,7112000
44623180,Outros,23,yellow,9430800
42909526,42 - Obras de Infraestrutura,3,blue,4211101
29779458,Outros,19,yellow,7112000
08310667,Outros,7,yellow,9430800
04869392,Outros,5,yellow,2320600
50735105,41 - Construção de Edifícios,10,green,4120400
08395946,Outros,5,yellow,9430800
10797263,Outros,7,yellow,9430800
39476297,Outros,6,yellow,9319101
04977567,Outros,7,yellow,9412099
09559262,Outros,5,yellow,9430800
23177869,Outros,11,yellow,9491000
53655623,Outros,4,yellow,9430800
04059596,Outros,5,yellow,9492800
63887202,Outros,12,yellow,9312300
09222792,Outros,4,yellow,9499500
07411421,Outros,2,yellow,4921301
06248823,Outros,15,yellow,4671100
52451608,Outros,6,yellow,8550301
31613883,Outros,17,yellow,6203100
05265480,42 - Obras de Infraestrutura,16,blue,4222701
47888512,Outros,2,yellow,4687701
06133065,42 - Obras de Infraestrutura,2,blue,4299599
46474166,Outros,3,yellow,9491000
53215390,42 - Obras de Infraestrutura,3,blue,4212000
57635372,42 - Obras de Infraestrutura,17,blue,4299599
16957165,68 - Atividades Imobiliárias,3,red,6822600
39352942,Outros,5,yellow,9499500
00253096,68 - Atividades Imobiliárias,3,red,6810202
18009695,Outros,11,yellow,9499500
49778923,42 - Obras de Infraestrutura,8,blue,4213800
30640652,Outros,5,yellow,9499500
04914597,Outros,7,yellow,4691500
44069236,42 - Obras de Infraestrutura,9,blue,4211101
04945692,Outros,11,yellow,4755501
07623645,Outros,7,yellow,9430800
02391603,41 - Construção de Edifícios,14,green,4120400
52833680,Outros,9,yellow,9499500
34682252,Outros,11,yellow,9491000
17371945,Outros,4,yellow,0161099
47144718,42 - Obras de Infraestrutura,17,blue,4222701
27537195,Outros,6,yellow,9499500
44907113,Outros,7,yellow,9491000
05572173,Outros,3,yellow,9430800
01944611,Outros,3,yellow,9430800
13332524,Outros,11,yellow,9430800
46315117,Outros,7,yellow,7112000
03959363,Outros,7,yellow,9430800
46697098,Outros,3,yellow,4313400
52916924,Outros,2,yellow,9001903
10853205,Outros,9,yellow,9430800
84154442,68 - Atividades Imobiliárias,3,red,6821802
05289248,Outros,2,yellow,9430800
01859346,Outros,11,yellow,9430800
15195663,Outros,5,yellow,9493600
21665630,Outros,17,yellow,9430800
04226407,Outros,6,yellow,3101200
04984746,Outros,11,yellow,9312300
58421459,41 - Construção de Edifícios,25,green,4120400
14092407,Outros,4,yellow,9430800
57446082,Outros,4,yellow,9430800
55836697,Outros,8,yellow,9491000
03058698,Outros,12,yellow,9430800
07882250,Outros,12,yellow,8550301
03743349,Outros,7,yellow,9411100
47840357,42 - Obras de Infraestrutura,17,blue,4222701
01766136,Outros,6,yellow,9430800
83347427,Outros,7,yellow,0151201
10221771,42 - Obras de Infraestrutura,11,blue,4211101
01884812,Outros,6,yellow,9430800
21602323,42 - Obras de Infraestrutura,13,blue,4212000
23131869,Outros,4,yellow,9491000
30758490,41 - Construção de Edifícios,9,green,4120400
04282279,Outros,9,yellow,9430800
45936724,Outros,26,yellow,3511502
34671172,Outros,6,yellow,9430800
83310292,Outros,20,yellow,4530705
01836140,Outros,10,yellow,9430800
30306224,Outros,3,yellow,9499500
07012285,42 - Obras de Infraestrutura,11,blue,4222701
31055224,68 - Atividades Imobiliárias,3,red,6822600
04908636,Outros,5,yellow,6622300
01844946,Outros,5,yellow,9430800
21135479,42 - Obras de Infraestrutura,5,blue,4213800
44075904,41 - Construção de Edifícios,20,green,4120400
11402883,42 - Obras de Infraestrutura,16,blue,4222701
11299883,Outros,7,yellow,9430800
31157457,Outros,7,yellow,9499500
46147657,Outros,8,yellow,9493600
09397802,42 - Obras de Infraestrutura,20,blue,4213800
05156211,Outros,4,yellow,9430800
04973426,Outros,6,yellow,9312300
05904926,Outros,7,yellow,9319101
03880941,Outros,8,yellow,9492800
05321252,Outros,17,yellow,9430800
51511356,Outros,5,yellow,9430800
03898841,Outros,3,yellow,9430800
16991990,Outros,5,yellow,9411100
04906537,Outros,3,yellow,1091102
23599276,Outros,15,yellow,9430800
10571779,42 - Obras de Infraestrutura,8,blue,4291000
04497401,Outros,7,yellow,9491000
01920513,Outros,7,yellow,9430800
42879168,Outros,13,yellow,7112000
21465835,Outros,4,yellow,9430800
03268924,Outros,3,yellow,9430800
09558788,Outros,3,yellow,9430800
10963632,Outros,10,yellow,8513900
10464172,Outros,15,yellow,9430800
27974743,Outros,2,yellow,8550301
03855597,Outros,3,yellow,9430800
12528293,Outros,14,yellow,9430800
30188335,42 - Obras de Infraestrutura,20,blue,4222701
83591107,Outros,7,yellow,4635499
01828537,Outros,15,yellow,4619200
10383259,42 - Obras de Infraestrutura,11,blue,4291000
09545653,42 - Obras de Infraestrutura,6,blue,4222701
02072165,Outros,4,yellow,9430800
54758331,41 - Construção de Edifícios,21,green,4120400
84058981,Outros,9,yellow,9430800
45487638,Outros,6,yellow,7112000
51182934,Outros,5,yellow,4330499
17027710,Outros,7,yellow,4781400
35473462,Outros,3,yellow,4772500
42988507,Outros,7,yellow,4619200
43291241,Outros,6,yellow,3321000
41449205,Outros,4,yellow,7020400
32135776,41 - Construção de Edifícios,8,green,4110700
15504991,68 - Atividades Imobiliárias,11,red,6810202
41124509,68 - Atividades Imobiliárias,6,red,6821801
28530084,Outros,20,yellow,5510801
52082507,Outros,41,yellow,6462000
58407060,Outros,5,yellow,4617600
14484483,41 - Construção de Edifícios,47,green,4110700
51161425,Outros,7,yellow,6911701
49005255,41 - Construção de Edifícios,26,green,4110700
51357212,41 - Construção de Edifícios,26,green,4110700
52521807,68 - Atividades Imobiliárias,61,red,6821801
23522994,68 - Atividades Imobiliárias,7,red,6810201
56947806,41 - Construção de Edifícios,7,green,4110700
42053547,Outros,12,yellow,8630599
43895974,Outros,5,yellow,8660700
18637923,Outros,7,yellow,8599604
16990253,42 - Obras de Infraestrutura,16,blue,4299599
16990243,42 - Obras de Infraestrutura,16,blue,4299599
55734874,Outros,13,yellow,2330305
12541811,Outros,4,yellow,4520001
50473993,41 - Construção de Edifícios,27,green,4110700
47720643,42 - Obras de Infraestrutura,8,blue,4222701
43996791,Outros,4,yellow,8660700
21347373,42 - Obras de Infraestrutura,16,blue,4299599
49393772,Outros,6,yellow,8211300
51219805,Outros,12,yellow,3811400
19867404,42 - Obras de Infraestrutura,14,blue,4299599
52074074,68 - Atividades Imobiliárias,4,red,6810201
13432814,41 - Construção de Edifícios,20,green,4110700
41857347,41 - Construção de Edifícios,16,green,4110700
54048782,Outros,39,yellow,8211300
53620896,41 - Construção de Edifícios,41,green,4120400
44129140,Outros,8,yellow,6201501
57462001,Outros,11,yellow,6463800
56908851,68 - Atividades Imobiliárias,6,red,6821801
40451386,Outros,7,yellow,8219999
10856282,Outros,3,yellow,8640204
34377250,Outros,4,yellow,4924800
44077684,Outros,4,yellow,4781400
18467112,Outros,6,yellow,4618499
58264935,Outros,19,yellow,8630599
01747639,Outros,9,yellow,6920601
54790193,Outros,25,yellow,6462000
08844507,Outros,8,yellow,7911200
47028454,Outros,4,yellow,4712100
63870406,Outros,11,yellow,6010100
50102148,Outros,4,yellow,7490199
40649910,Outros,5,yellow,7810800
23893018,Outros,9,yellow,7020400
37797902,Outros,10,yellow,7020400
54188662,Outros,10,yellow,6462000
35304059,Outros,5,yellow,8599604
11371765,68 - Atividades Imobiliárias,2,red,6821801
29144626,41 - Construção de Edifícios,10,green,4120400
38315836,Outros,2,yellow,4753900
49493875,Outros,7,yellow,8630503
46519597,Outros,6,yellow,5911102
40392132,42 - Obras de Infraestrutura,10,blue,4221902
40392129,42 - Obras de Infraestrutura,10,blue,4221902
12285161,Outros,7,yellow,4782201
40391098,42 - Obras de Infraestrutura,10,blue,4221902
48037555,Outros,6,yellow,6463800
44101086,Outros,10,yellow,6462000
33872676,Outros,10,yellow,7020400
28221037,Outros,3,yellow,9602502
42056628,42 - Obras de Infraestrutura,10,blue,4221902
26371829,Outros,7,yellow,8650002
32578872,Outros,3,yellow,4617600
10697375,Outros,7,yellow,8630503
02799416,Outros,5,yellow,4781400
27818002,Outros,3,yellow,0724301
10583461,Outros,7,yellow,4619200
06341496,68 - Atividades Imobiliárias,7,red,6821801
51163250,Outros,4,yellow,4755503
03516881,Outros,8,yellow,8599699
33271390,Outros,4,yellow,4781400
57350474,Outros,7,yellow,3314719
48582593,Outros,3,yellow,8650004
11101355,Outros,3,yellow,8640202
56081840,Outros,6,yellow,0724301
08434099,Outros,3,yellow,6911701
55527165,Outros,7,yellow,4542101
17504307,Outros,6,yellow,8630599
34437760,Outros,3,yellow,1091102
46903675,Outros,8,yellow,7490103
09133469,Outros,2,yellow,6911701
03656447,Outros,2,yellow,6622300
04839663,Outros,8,yellow,4520001
35027399,Outros,8,yellow,6622300
26526339,Outros,4,yellow,4781400
33409006,Outros,3,yellow,4530703
50037335,Outros,12,yellow,8610101
45747046,Outros,7,yellow,7490104
07089052,Outros,12,yellow,0122900
08569169,Outros,4,yellow,9511800
45807994,68 - Atividades Imobiliárias,14,red,6810201
25129117,Outros,14,yellow,6920601
36766273,Outros,7,yellow,8610102
55572153,Outros,4,yellow,6463800
52953919,Outros,4,yellow,8630503
31391622,41 - Construção de Edifícios,4,green,4110700
08364901,Outros,3,yellow,4774100
48609636,Outros,7,yellow,6492100
16455543,41 - Construção de Edifícios,46,green,4120400
35382354,Outros,7,yellow,8219999
47307390,Outros,5,yellow,6462000
17780272,Outros,6,yellow,6911701
12703958,41 - Construção de Edifícios,47,green,4110700
57818442,Outros,8,yellow,8630504
54376633,Outros,7,yellow,5611203
23936082,Outros,5,yellow,9313100
46140895,Outros,13,yellow,1821100
83367771,68 - Atividades Imobiliárias,9,red,6821801
53666283,Outros,5,yellow,8630503
18386898,Outros,7,yellow,4520005
57583421,Outros,3,yellow,1412601
42569191,Outros,14,yellow,6462000
37665307,68 - Atividades Imobiliárias,7,red,6810201
40777020,Outros,14,yellow,5510801
47694918,Outros,5,yellow,6203100
27229328,Outros,3,yellow,4399103
46084556,41 - Construção de Edifícios,77,green,4110700
10387433,Outros,5,yellow,8630504
35426559,Outros,6,yellow,7020400
50379314,Outros,6,yellow,4930202
30592548,Outros,18,yellow,4313400
48172638,Outros,7,yellow,4752100
01631551,Outros,5,yellow,4781400
47463212,Outros,12,yellow,5811500
49919081,Outros,4,yellow,8630503
58105098,Outros,5,yellow,9603304
33416812,Outros,4,yellow,4759899
10611492,Outros,3,yellow,4789099
41479172,Outros,3,yellow,6911701
54497493,Outros,4,yellow,6911701
10950320,Outros,3,yellow,6920601
49883924,Outros,11,yellow,4530703
16455522,41 - Construção de Edifícios,79,green,4110700
35521714,Outros,14,yellow,7020400
27550096,Outros,6,yellow,5239701
49406031,Outros,3,yellow,4399103
48555717,Outros,10,yellow,4313400
08078145,Outros,5,yellow,5510801
11515099,Outros,3,yellow,5510801
31570547,Outros,6,yellow,6920601
30106018,Outros,9,yellow,9602501
51668650,Outros,5,yellow,4712100
57463357,Outros,6,yellow,8630503
04621847,Outros,3,yellow,4930201
55416678,41 - Construção de Edifícios,11,green,4110700
45225921,Outros,7,yellow,6462000
11352691,Outros,6,yellow,8512100
19646935,Outros,6,yellow,6911701
17185268,Outros,17,yellow,4756300
35411970,Outros,13,yellow,7020400
56009776,Outros,6,yellow,8211300
49807533,Outros,3,yellow,8650003
00678180,Outros,8,yellow,4617600
40116767,Outros,17,yellow,6920601
09583034,Outros,6,yellow,4742300
58312803,Outros,7,yellow,7112000
37561095,Outros,14,yellow,6462000
12909245,Outros,11,yellow,1091102
58266450,Outros,7,yellow,8211300
41979455,Outros,6,yellow,4789099
57496254,41 - Construção de Edifícios,11,green,4120400
37377894,Outros,7,yellow,7490104
50211451,Outros,9,yellow,9602502
05101063,41 - Construção de Edifícios,26,green,4120400
29144248,Outros,10,yellow,8630502
54370033,Outros,6,yellow,8650003
12312802,Outros,8,yellow,9529105
04162819,Outros,6,yellow,8219901
23755979,Outros,9,yellow,8610102
19468568,Outros,9,yellow,4744099
39333408,Outros,5,yellow,6920601
14906923,Outros,12,yellow,4782201
05556103,Outros,2,yellow,8550302
06945995,Outros,12,yellow,4731800
08568637,Outros,4,yellow,9602501
10764491,Outros,2,yellow,4744005
02028485,Outros,20,yellow,6010100
05021725,Outros,13,yellow,4930202
47056541,Outros,9,yellow,4687703
49084948,Outros,7,yellow,4399101
19369622,Outros,7,yellow,8610102
18490210,Outros,7,yellow,4619200
31518742,Outros,6,yellow,8630503
04952644,Outros,8,yellow,4311801
43683105,Outros,9,yellow,0121101
52823954,Outros,17,yellow,8211300
13657306,Outros,12,yellow,5229002
37096754,Outros,10,yellow,8610102
53369432,Outros,19,yellow,8630503
37462625,Outros,7,yellow,4729602
31888421,Outros,6,yellow,5611201
53774922,Outros,8,yellow,4520001
55471878,41 - Construção de Edifícios,4,green,4110700
53097214,Outros,7,yellow,8610102
22727153,Outros,8,yellow,8610102
13983087,Outros,2,yellow,8230002
27482326,Outros,10,yellow,4754702
46665447,Outros,9,yellow,5611201
42034608,Outros,8,yellow,4752100
14789206,Outros,3,yellow,8230002
38108994,Outros,7,yellow,8599699
57169353,Outros,19,yellow,7711000
33236825,Outros,6,yellow,4722901
49079313,Outros,2,yellow,6911701
45797608,Outros,4,yellow,4757100
09071847,Outros,20,yellow,4530705
15338940,Outros,7,yellow,7911200
22859109,Outros,3,yellow,9609299
38000142,Outros,6,yellow,7119704
50266478,Outros,10,yellow,2599301
24019363,Outros,15,yellow,6110803
57547749,Outros,19,yellow,7719599
30798619,Outros,4,yellow,5611201
04239081,Outros,5,yellow,4520001
10635510,Outros,3,yellow,4712100
46154873,Outros,4,yellow,4761003
57585886,Outros,35,yellow,8211300
57586823,Outros,35,yellow,8211300
46880259,Outros,5,yellow,7112000
05149879,Outros,28,yellow,7020400
51310351,Outros,10,yellow,4753900
44258095,Outros,11,yellow,8219999
35455332,Outros,4,yellow,7020400
58284015,Outros,2,yellow,4752100
00604451,Outros,29,yellow,4781400
18917816,Outros,6,yellow,4729699
44175488,41 - Construção de Edifícios,29,green,4110700
50864376,Outros,7,yellow,4784900
04250280,Outros,15,yellow,4731800
42325991,Outros,6,yellow,8211300
08490947,Outros,5,yellow,4784900
12145552,Outros,10,yellow,8630501
52079366,Outros,5,yellow,7112000
54652073,Outros,11,yellow,7111100
11362885,Outros,3,yellow,8630504
42517074,Outros,6,yellow,7490104
47739789,Outros,6,yellow,8630503
04551677,42 - Obras de Infraestrutura,5,blue,4299599
47401879,Outros,14,yellow,6462000
11167648,Outros,11,yellow,5611201
05387630,Outros,2,yellow,4781400
29855424,Outros,7,yellow,4530703
39539728,Outros,6,yellow,1099604
52715767,Outros,11,yellow,6311900
31836940,Outros,5,yellow,4712100
19569692,Outros,9,yellow,4789099
52325585,41 - Construção de Edifícios,8,green,4120400
32467381,Outros,8,yellow,8610102
19476933,Outros,3,yellow,4751201
50793030,Outros,14,yellow,8211300
45942415,Outros,11,yellow,8230001
14175118,Outros,14,yellow,8630502
45636574,68 - Atividades Imobiliárias,14,red,6810202
49170675,Outros,6,yellow,4771701
09523260,Outros,19,yellow,8599601
24143145,Outros,14,yellow,8211300
44165332,Outros,7,yellow,4520002
20931910,Outros,4,yellow,4530703
58247295,Outros,3,yellow,4713004
14607706,Outros,4,yellow,4322302
51666648,Outros,6,yellow,0152102
57843588,Outros,14,yellow,7490103
51988986,Outros,4,yellow,8610101
63801575,Outros,6,yellow,8610101
33011124,Outros,19,yellow,8630503
54425045,Outros,12,yellow,4752100
50349654,Outros,11,yellow,4330404
36360409,Outros,5,yellow,7810800
44610631,41 - Construção de Edifícios,5,green,4120400
44101099,Outros,6,yellow,8211300
48256560,Outros,5,yellow,4752100
26704555,Outros,5,yellow,8630503
52439075,Outros,4,yellow,4612500
27115662,Outros,8,yellow,8630503
07397321,Outros,14,yellow,6920601
39907822,Outros,39,yellow,5211799
44951938,Outros,17,yellow,8599604
05675678,Outros,5,yellow,4617600
39849493,Outros,11,yellow,4755502
17359676,Outros,24,yellow,6010100
51282343,Outros,2,yellow,4763601
07669037,Outros,6,yellow,1621800
27838219,Outros,26,yellow,5611201
50142370,Outros,2,yellow,4723700
97525770,Outros,6,yellow,4619200
02884562,68 - Atividades Imobiliárias,6,red,6821801
19351607,41 - Construção de Edifícios,9,green,4120400
34745192,Outros,2,yellow,8640205
52892282,68 - Atividades Imobiliárias,2,red,6821801
42207536,Outros,3,yellow,4771701
04692481,Outros,5,yellow,4752100
48205617,Outros,5,yellow,7119701
48944851,Outros,9,yellow,8650002
45334700,Outros,7,yellow,8630504
14745661,68 - Atividades Imobiliárias,16,red,6821801
44939083,Outros,5,yellow,8630503
54782060,Outros,12,yellow,8230001
51439154,Outros,8,yellow,7020400
11312785,Outros,4,yellow,4783101
23493593,Outros,7,yellow,6622300
44253551,Outros,5,yellow,8299706
26184356,Outros,5,yellow,8211300
29094192,Outros,4,yellow,2391503
47150118,Outros,7,yellow,8630504
33664659,Outros,6,yellow,4757100
15614646,Outros,3,yellow,5022002
26905157,Outros,2,yellow,9529104
50669775,Outros,3,yellow,1091101
26885456,Outros,8,yellow,7020400
22895795,Outros,4,yellow,6911701
52724925,Outros,6,yellow,6463800
05395794,Outros,3,yellow,5510801
37259225,Outros,7,yellow,4649408
44189820,Outros,4,yellow,4722902
54478206,Outros,5,yellow,4781400
53571951,41 - Construção de Edifícios,26,green,4110700
40920760,Outros,7,yellow,4619200
15216051,Outros,16,yellow,8650006
16877048,Outros,14,yellow,1052000
46131099,Outros,6,yellow,0151201
22356072,Outros,4,yellow,7500100
32783115,Outros,18,yellow,8630503
39698987,Outros,5,yellow,4781400
38478093,Outros,17,yellow,8291100
24312558,41 - Construção de Edifícios,5,green,4110700
50687033,Outros,7,yellow,4771701
13481067,Outros,6,yellow,4661300
42207469,Outros,9,yellow,4637199
48033200,Outros,3,yellow,4771701
45589185,Outros,11,yellow,8610102
54679927,Outros,6,yellow,8211300
11520171,Outros,2,yellow,4744099
37014309,Outros,30,yellow,4752100
05610038,Outros,12,yellow,4731800
53043724,41 - Construção de Edifícios,7,green,4120400
52805783,Outros,29,yellow,7020400
27187264,Outros,6,yellow,8630504
47300713,Outros,4,yellow,4771701
48865977,68 - Atividades Imobiliárias,4,red,6810202
46001783,Outros,10,yellow,8511200
15020277,68 - Atividades Imobiliárias,16,red,6810201
43275147,Outros,11,yellow,4744099
18104871,Outros,35,yellow,8230001
28387089,Outros,15,yellow,7911200
43785602,Outros,6,yellow,1111902
52924532,Outros,7,yellow,7111100
00237863,Outros,5,yellow,6911701
36472393,Outros,7,yellow,4530703
15295918,Outros,5,yellow,8630503
43648524,Outros,4,yellow,4751201
08001235,Outros,7,yellow,7711000
25106362,Outros,3,yellow,6911701
05395343,Outros,8,yellow,4743100
22359452,Outros,7,yellow,8630504
04868040,Outros,8,yellow,1091102
27471769,41 - Construção de Edifícios,10,green,4120400
12654922,Outros,4,yellow,1011205
13218914,Outros,6,yellow,1099604
45942412,Outros,4,yellow,8630504
27126551,Outros,3,yellow,4530703
40919178,Outros,5,yellow,8630503
41861992,Outros,4,yellow,8599604
57839893,Outros,3,yellow,1099605
11730497,Outros,4,yellow,6619302
30092434,Outros,7,yellow,7112000
34920843,Outros,8,yellow,5611203
16630928,68 - Atividades Imobiliárias,10,red,6821801
38393760,Outros,14,yellow,4771701
05852200,41 - Construção de Edifícios,3,green,4120400
26781437,Outros,6,yellow,7739002
51489811,Outros,3,yellow,4784900
41738095,Outros,20,yellow,4613300
29488846,Outros,13,yellow,4399103
10453516,41 - Construção de Edifícios,6,green,4120400
46502075,Outros,14,yellow,4771701
45342072,Outros,14,yellow,4771701
10760586,Outros,40,yellow,5611204
19552859,Outros,8,yellow,4712100
03852391,Outros,3,yellow,4744099
27587364,Outros,6,yellow,4781400
11127340,Outros,4,yellow,0220901
31041193,Outros,4,yellow,4781400
42456738,Outros,30,yellow,8610102
09665544,Outros,15,yellow,1091102
28088981,Outros,14,yellow,4771701
23910245,Outros,6,yellow,8630503
47750063,Outros,2,yellow,7020400
55738822,Outros,15,yellow,7319003
51021523,Outros,4,yellow,4771701
22928991,Outros,33,yellow,7020400
55224434,Outros,11,yellow,4753900
44646757,41 - Construção de Edifícios,7,green,4110700
17268420,Outros,7,yellow,5611201
29539337,Outros,11,yellow,4781400
53512225,Outros,3,yellow,1095300
40670278,Outros,7,yellow,4671100
46527197,Outros,10,yellow,4673700
54435963,Outros,4,yellow,1011205
44754250,68 - Atividades Imobiliárias,4,red,6821801
02071117,Outros,15,yellow,4782201
13297773,Outros,5,yellow,4711302
34333640,Outros,10,yellow,4623199
30215127,Outros,8,yellow,1412602
15165486,Outros,5,yellow,4645103
02795935,Outros,11,yellow,7112000
20589457,Outros,9,yellow,4712100
45934751,Outros,11,yellow,4781400
11230002,Outros,5,yellow,4711302
23971324,Outros,10,yellow,4637105
48661347,Outros,41,yellow,4731800
19493009,Outros,7,yellow,4753900
45914646,Outros,7,yellow,9609208
55196070,Outros,5,yellow,9609208
41965573,Outros,8,yellow,4729699
18037378,Outros,14,yellow,6920601
10834636,Outros,2,yellow,4729699
26845303,Outros,4,yellow,4924800
53745888,Outros,5,yellow,8299799
41491324,Outros,3,yellow,6920601
55402313,Outros,5,yellow,4691500
57145151,41 - Construção de Edifícios,17,green,4120400
53646810,Outros,2,yellow,4744006
46962390,Outros,6,yellow,4729602
15323397,Outros,7,yellow,6920601
22646126,41 - Construção de Edifícios,12,green,4110700
24574133,Outros,35,yellow,4731800
52722554,68 - Atividades Imobiliárias,18,red,6810202
56439858,Outros,14,yellow,8599604
51567127,41 - Construção de Edifícios,20,green,4110700
55533661,Outros,5,yellow,4771701
30678141,Outros,4,yellow,4771701
27511505,Outros,19,yellow,8630503
58115694,41 - Construção de Edifícios,13,green,4110700
30899773,Outros,6,yellow,4731800
52243975,Outros,6,yellow,9329899
09243089,Outros,9,yellow,4712100
51621954,Outros,11,yellow,7319002
07926240,Outros,5,yellow,4541206
43020362,68 - Atividades Imobiliárias,14,red,6821801
20702538,Outros,13,yellow,4744099
45822306,41 - Construção de Edifícios,2,green,4120400
28932396,Outros,11,yellow,5611201
53269040,Outros,8,yellow,4759899
32226978,Outros,4,yellow,5611204
45785884,41 - Construção de Edifícios,4,green,4110700
17094854,Outros,41,yellow,4731800
37480610,Outros,20,yellow,1610203
42236036,Outros,4,yellow,4634601
13982926,Outros,8,yellow,4520001
13313677,Outros,47,yellow,8230001
17495231,Outros,11,yellow,6911701
04330842,Outros,15,yellow,4782201
14031461,Outros,10,yellow,4619200
39786136,Outros,10,yellow,4744099
16899848,Outros,6,yellow,8640204
13898557,Outros,5,yellow,6622300
47141710,Outros,10,yellow,8610101
45226832,Outros,7,yellow,8650003
26329036,41 - Construção de Edifícios,10,green,4120400
48661339,Outros,41,yellow,4731800
41709713,41 - Construção de Edifícios,4,green,4120400
47858418,Outros,41,yellow,4731800
23086489,Outros,26,yellow,8211300
47712951,Outros,14,yellow,7740300
55903468,41 - Construção de Edifícios,10,green,4120400
27235446,Outros,19,yellow,8630503
26891612,Outros,4,yellow,4399103
02615898,Outros,5,yellow,4781400
43233967,Outros,22,yellow,0161003
57271936,41 - Construção de Edifícios,31,green,4110700
15021759,Outros,3,yellow,4321500
30381491,Outros,4,yellow,4755502
37696690,Outros,10,yellow,4744099
50652832,41 - Construção de Edifícios,6,green,4120400
28306797,Outros,8,yellow,8630504
31267760,Outros,14,yellow,4618499
33028175,Outros,6,yellow,4617600
11140735,41 - Construção de Edifícios,31,green,4110700
51034773,41 - Construção de Edifícios,17,green,4120400
05355187,Outros,18,yellow,8630503
31263248,Outros,12,yellow,9313100
27947556,Outros,6,yellow,8630501
48513945,Outros,6,yellow,9602502
29478160,Outros,8,yellow,4763603
01448734,Outros,4,yellow,4541206
47762479,Outros,7,yellow,4781400
46099558,Outros,14,yellow,8630501
49620575,Outros,12,yellow,6499999
19999210,Outros,6,yellow,6920601
46626596,41 - Construção de Edifícios,15,green,4120400
17376894,Outros,18,yellow,4755501
51496129,Outros,14,yellow,7490104
55682395,Outros,7,yellow,4530704
14704628,Outros,4,yellow,4751201
30911737,Outros,7,yellow,4784900
37518731,Outros,5,yellow,4321500
31649787,Outros,14,yellow,6920601
18609499,Outros,2,yellow,7112000
31523999,Outros,2,yellow,7319002
36849504,Outros,4,yellow,4321500
20772022,Outros,8,yellow,4921301
11553007,42 - Obras de Infraestrutura,2,blue,4211101
14312095,68 - Atividades Imobiliárias,10,red,6821801
22870183,Outros,14,yellow,4752100
07869021,Outros,4,yellow,8520100
33801385,Outros,5,yellow,7911200
15734122,41 - Construção de Edifícios,6,green,4120400
27482302,Outros,17,yellow,7719599
46425851,Outros,12,yellow,4754701
19600440,Outros,5,yellow,6622300
37606859,68 - Atividades Imobiliárias,8,red,6810202
41649624,Outros,7,yellow,8593700
32903815,42 - Obras de Infraestrutura,2,blue,4213800
07498210,Outros,6,yellow,8630503
26102362,Outros,2,yellow,4613300
45767059,42 - Obras de Infraestrutura,11,blue,4221904
47734486,Outros,5,yellow,4721102
45489303,Outros,9,yellow,5611203
14811273,41 - Construção de Edifícios,4,green,4120400
51431935,Outros,5,yellow,3329501
09303787,68 - Atividades Imobiliárias,47,red,6821801
24873159,41 - Construção de Edifícios,7,green,4110700
44812807,Outros,5,yellow,8599601
07837910,Outros,8,yellow,4771702
58280732,Outros,6,yellow,0139305
28540547,Outros,12,yellow,1031700
45369095,Outros,2,yellow,4712100
45808161,Outros,6,yellow,4520001
04118305,Outros,10,yellow,7020400
28648070,41 - Construção de Edifícios,4,green,4120400
43112763,Outros,2,yellow,4744099
34803644,Outros,4,yellow,4669999
42268743,Outros,3,yellow,4623106
09588423,Outros,4,yellow,4713004
09076287,Outros,11,yellow,4313400
32267624,Outros,23,yellow,8650003
41034185,Outros,11,yellow,4639701
43928404,41 - Construção de Edifícios,5,green,4120400
16995597,Outros,5,yellow,4619200
17169259,Outros,7,yellow,4724500
07045620,Outros,14,yellow,4771704
48145943,Outros,15,yellow,5510801
33962479,Outros,6,yellow,4781400
50545443,Outros,12,yellow,3811400
37444553,Outros,4,yellow,4611700
10361337,Outros,6,yellow,4712100
45736704,Outros,11,yellow,8640202
15466308,Outros,4,yellow,8599604
19794048,Outros,6,yellow,4781400
28802660,Outros,12,yellow,8630504
41955344,Outros,3,yellow,4614100
10490771,Outros,6,yellow,6920601
47728638,Outros,12,yellow,4723700
27079098,Outros,2,yellow,1099604
27462525,Outros,10,yellow,4712100
34891754,Outros,9,yellow,4744099
10465894,Outros,11,yellow,7020400
26821997,Outros,4,yellow,4744099
19440837,Outros,6,yellow,6920601
08178406,Outros,24,yellow,6491300
22633097,Outros,3,yellow,8650004
44409452,Outros,3,yellow,4784900
34101173,Outros,6,yellow,1113502
32885424,Outros,15,yellow,8020001
39337501,41 - Construção de Edifícios,9,green,4120400
19318101,Outros,7,yellow,4399103
11018161,Outros,5,yellow,3313901
18124153,Outros,12,yellow,4330403
27112886,Outros,14,yellow,9602502
29938162,Outros,5,yellow,4755502
40604428,Outros,9,yellow,4754701
55630308,Outros,4,yellow,5211799
55773754,Outros,5,yellow,4771702
12233320,68 - Atividades Imobiliárias,7,red,6822600
32535724,Outros,5,yellow,4771701
13982607,Outros,7,yellow,4742300
28054556,Outros,3,yellow,4744002
32349549,Outros,5,yellow,4781400
21815666,Outros,11,yellow,4679699
30776537,Outros,5,yellow,4321500
30668020,Outros,7,yellow,3314710
33281406,Outros,8,yellow,4321500
33574353,Outros,6,yellow,4742300
52987384,Outros,8,yellow,4731800
47327635,Outros,4,yellow,6462000
32585944,Outros,3,yellow,1095300
24405076,Outros,6,yellow,4669999
31381341,Outros,3,yellow,4321500
25316328,Outros,11,yellow,8650004
43780028,Outros,3,yellow,7120100
13778425,Outros,8,yellow,4731800
37859775,Outros,2,yellow,9313100
40724815,Outros,5,yellow,1610203
48340963,Outros,6,yellow,0724301
41991291,Outros,5,yellow,9602502
19445812,41 - Construção de Edifícios,2,green,4120400
40526955,Outros,7,yellow,4511102
22703189,Outros,5,yellow,4530703
20130899,68 - Atividades Imobiliárias,11,red,6810201
46862295,41 - Construção de Edifícios,6,green,4120400
44734215,Outros,6,yellow,8640207
26679251,Outros,8,yellow,4744099
50091280,Outros,6,yellow,4642702
13005432,41 - Construção de Edifícios,4,green,4120400
28221371,Outros,3,yellow,4322302
50609978,Outros,3,yellow,4781400
14111411,41 - Construção de Edifícios,3,green,4120400
13542805,41 - Construção de Edifícios,8,green,4120400
44591942,Outros,8,yellow,4731800
05389267,Outros,11,yellow,4731800
48287224,Outros,4,yellow,6462000
39364694,Outros,8,yellow,7112000
21286441,Outros,12,yellow,4930203
42489131,Outros,13,yellow,8630503
52869416,Outros,6,yellow,4679601
34020981,Outros,11,yellow,7732201
34710513,Outros,6,yellow,4731800
36747910,Outros,7,yellow,4712100
56701497,Outros,13,yellow,4781400
17872860,Outros,10,yellow,4731800
41349841,41 - Construção de Edifícios,14,green,4120400
36605025,Outros,17,yellow,1610203
32074588,Outros,12,yellow,4731800
40311143,Outros,5,yellow,4711302
00791940,Outros,10,yellow,4712100
51416028,68 - Atividades Imobiliárias,8,red,6810201
58341070,41 - Construção de Edifícios,11,green,4120400
51009087,Outros,10,yellow,8130300
34896209,Outros,8,yellow,4731800
07984371,Outros,4,yellow,5510801
02095292,Outros,7,yellow,7111100
27221730,Outros,6,yellow,4321500
26837348,Outros,7,yellow,8020001
36696049,Outros,2,yellow,8111700
07520084,41 - Construção de Edifícios,4,green,4120400
27797487,Outros,10,yellow,2342702
29301770,41 - Construção de Edifícios,13,green,4120400
33718845,Outros,10,yellow,6462000
29660216,Outros,7,yellow,4744099
05423058,Outros,3,yellow,7111100
06046912,68 - Atividades Imobiliárias,8,red,6810201
55154690,Outros,11,yellow,4530703
55033552,Outros,20,yellow,4789004
24111639,Outros,10,yellow,8630503
27679973,Outros,2,yellow,8610101
13080819,41 - Construção de Edifícios,7,green,4120400
48754339,Outros,10,yellow,4729699
54007508,Outros,4,yellow,4511102
13630029,41 - Construção de Edifícios,7,green,4120400
47834153,Outros,8,yellow,3900500
13712841,41 - Construção de Edifícios,4,green,4110700
37770513,Outros,4,yellow,4930202
08095318,Outros,29,yellow,4723700
31557397,Outros,8,yellow,4691500
55572124,Outros,10,yellow,4789004
50227993,Outros,8,yellow,4731800
19312885,68 - Atividades Imobiliárias,19,red,6810201
55890375,Outros,5,yellow,8593700
00899946,Outros,7,yellow,0810099
04773604,Outros,37,yellow,2212900
03882048,42 - Obras de Infraestrutura,3,blue,4221902
14656125,Outros,10,yellow,4511102
10225242,41 - Construção de Edifícios,7,green,4120400
30095431,Outros,6,yellow,4712100
53853824,Outros,8,yellow,4651601
29751618,Outros,10,yellow,4789005
10231587,41 - Construção de Edifícios,8,green,4120400
47894259,Outros,12,yellow,4731800
29219683,Outros,14,yellow,1610203
48569264,Outros,11,yellow,4711302
23167053,Outros,11,yellow,7911200
43455347,Outros,5,yellow,4742300
08240622,Outros,5,yellow,7020400
57012991,41 - Construção de Edifícios,11,green,4120400
20012838,Outros,6,yellow,7020400
37788555,Outros,9,yellow,8531700
39273683,41 - Construção de Edifícios,4,green,4120400
39804464,41 - Construção de Edifícios,8,green,4120400
15316738,Outros,5,yellow,4391600
41376546,Outros,3,yellow,4712100
33703874,Outros,6,yellow,4639701
23893455,41 - Construção de Edifícios,8,green,4110700
03813143,Outros,6,yellow,4617600
57003730,Outros,10,yellow,4754701
09621719,Outros,7,yellow,8640209
84152784,Outros,6,yellow,4639702
48578722,Outros,6,yellow,4520005
21816179,Outros,10,yellow,4712100
08242838,Outros,20,yellow,1610204
10488420,Outros,6,yellow,7311400
11508712,68 - Atividades Imobiliárias,7,red,6810201
21892130,Outros,12,yellow,4771704
47756561,Outros,10,yellow,7112000
27466183,Outros,12,yellow,0151201
09721936,68 - Atividades Imobiliárias,4,red,6810201
26209129,Outros,6,yellow,4619200
40501349,Outros,4,yellow,4744099
08549558,Outros,19,yellow,7020400
04436761,Outros,6,yellow,7112000
58356738,Outros,9,yellow,8211300
18168390,Outros,3,yellow,4744099
43012876,Outros,15,yellow,0990402
38283892,Outros,12,yellow,4619200
27862060,Outros,7,yellow,4744006
37366665,Outros,28,yellow,4511101
04194748,Outros,12,yellow,6463800
48611660,Outros,14,yellow,4744099
14930274,41 - Construção de Edifícios,14,green,4120400
28298039,Outros,51,yellow,4731800
04103417,Outros,6,yellow,4752100
44280448,Outros,17,yellow,4731800
35794182,41 - Construção de Edifícios,3,green,4120400
05103899,Outros,2,yellow,4635401
15185037,41 - Construção de Edifícios,7,green,4120400
37408235,Outros,3,yellow,8219999
57372381,41 - Construção de Edifícios,24,green,4120400
08821446,41 - Construção de Edifícios,16,green,4110700
21526029,Outros,4,yellow,7739003
50024923,68 - Atividades Imobiliárias,5,red,6810201
07932878,41 - Construção de Edifícios,15,green,4120400
14617028,Outros,3,yellow,4763605
12547619,68 - Atividades Imobiliárias,12,red,6810202
34761708,Outros,5,yellow,8630504
83856187,41 - Construção de Edifícios,9,green,4120400
22931947,Outros,13,yellow,4322302
14032452,Outros,4,yellow,4663000
32958687,Outros,4,yellow,7112000
